Transaction_ID,Date,Region,Product_Variant,Channel,Unit_Price,Units_Sold,Marketing_Spend,Logistics_Delay,Customer_Score
RB05641,2023-11-02,USA-WEST,Tropical Edition,extreme sports,85,391,10968.69,3,9.0
RB05924,2023-07-11,USA-WEST,Tropical Edition,extreme sports,85,608,21797.28,0,6.0
RB04510,2024-12-10,ASIA-PACIFIC,Original Blue,f1 sponsorship,80,525,34063.81,1,10.0
RB07816,2024-12-12,TH-NORTH,Sugarfree,TV Ad,90,625,20115.32,1,4.0
RB03650,2024-05-03,TH-CENTRAL,Original Blue,TV Ad,80,370,50722.07,1,7.0
RB01676,2023-05-01,TH-NORTH,Krating Daeng 250,TV Ad,60,581,45249.28,2,5.0
RB07303,2023-01-16,USA-EAST,Krating Daeng 250,f1 sponsorship,60,309,6303.75,2,6.0
RB08765,2023-02-14,TH-NORTH,Krating Daeng 250,Social Media,60,651,6229.86,0,7.0
RB03770,2024-09-01,TH-CENTRAL,Red Edition,Social Media,75,468,42258.18,1,5.0
RB04799,2024-05-02,TH-CENTRAL,Sugarfree,in-store promo,90,664,37454.51,1,6.0
RB02249,2024-01-14,TH-SOUTH,Original Blue,TV Ad,80,586,5973.44,1,6.0
RB07379,2023-11-26,TH-CENTRAL,Original Blue,f1 sponsorship,80,353,17092.12,5,6.0
RB07148,2024-05-24,TH-NORTH,Original Blue,f1 sponsorship,80,497,49740.38,3,7.0
RB07110,2023-09-15,TH-NORTH,Krating Daeng 250,Social Media,60,715,43579.07,2,1.0
RB09531,2024-09-15,USA-EAST,Tropical Edition,TV Ad,85,742,41333.39,2,5.0
RB06986-DUP,2023-02-09,EUROPE-EU,Sugarfree,f1 sponsorship,90,563,40885.93,0,5.0
RB09462,2024-12-31,USA-EAST,Tropical Edition,Social Media,85,614,8871.51,1,2.0
RB05790,2024-08-03,TH-NORTH,Original Blue,f1 sponsorship,80,557,41233.6,3,6.0
RB09304,2023-10-03,TH-NORTH,Original Blue,f1 sponsorship,80,587,56639.34,3,5.0
RB08629,2024-07-17,USA-EAST,Red Edition,in-store promo,75,558,57509.38,2,7.0
RB07032,2023-07-01,TH-NORTH,Red Edition,f1 sponsorship,75,501,41285.52,1,10.0
RB09483,2024-12-15,TH-SOUTH,Tropical Edition,extreme sports,85,478,44891.56,1,10.0
RB09521,2023-05-05,TH-NORTH,Sugarfree,f1 sponsorship,90,828,53102.16,2,2.0
RB04348,2023-08-19,ASIA-PACIFIC,Sugarfree,extreme sports,90,497,32658.19,1,7.0
RB02671,2024-02-04,USA-EAST,Original Blue,Social Media,80,696,33882.0,5,8.0
RB03057,2023-02-21,USA-EAST,Red Edition,f1 sponsorship,75,507,6141.43,2,5.0
RB04223,2023-11-21,TH-EAST,Red Edition,Social Media,75,623,57934.51,5,10.0
RB08283,2023-12-28,EUROPE-EU,Krating Daeng 250,in-store promo,60,545,22141.85,3,8.0
RB00836,2023-02-06,TH-CENTRAL,Tropical Edition,in-store promo,85,615,20871.6,2,6.0
RB05283,2024-10-16,TH-SOUTH,Red Edition,TV Ad,75,245,15252.0,5,5.0
RB01781,2023-08-27,TH-NORTH,Sugarfree,TV Ad,90,385,18347.27,1,6.0
RB00505,2023-05-04,EUROPE-EU,Original Blue,in-store promo,80,632,5786.31,3,7.0
RB00080,2023-11-16,TH-CENTRAL,Krating Daeng 250,extreme sports,60,416,50089.66,4,6.0
RB00629,2024-07-15,USA-WEST,Red Edition,f1 sponsorship,75,244,9593.9,1,2.0
RB04028,2023-01-20,ASIA-PACIFIC,Sugarfree,extreme sports,90,572,36606.07,1,2.0
RB01063,2024-03-31,EUROPE-EU,Krating Daeng 250,f1 sponsorship,60,437,5500.81,2,4.0
RB08718,2023-10-16,TH-CENTRAL,Red Edition,f1 sponsorship,75,584,44796.88,3,6.0
RB06344,2024-04-05,TH-NORTH,Tropical Edition,extreme sports,85,513,48737.6,5,9.0
RB01394,2024-01-04,EUROPE-EU,Krating Daeng 250,Social Media,60,623,34607.77,0,6.0
RB00592,2024-08-03,TH-NORTH,Red Edition,extreme sports,75,542,29671.33,5,10.0
RB06531,2023-02-27,USA-EAST,Sugarfree,extreme sports,90,453,54318.29,1,3.0
RB05422,2024-11-18,TH-CENTRAL,Original Blue,in-store promo,80,438,39500.89,2,7.0
RB03439,2024-03-30,TH-EAST,Sugarfree,Social Media,90,18568,36156.12,2,7.0
RB00993,2023-10-21,EUROPE-EU,Sugarfree,f1 sponsorship,90,418,22267.91,3,3.0
RB01909,2023-06-18,TH-CENTRAL,Sugarfree,TV Ad,90,350,38064.58,3,7.0
RB01247,2023-05-15,TH-NORTH,Red Edition,f1 sponsorship,75,577,43412.92,2,6.0
RB01874,2024-07-13,TH-NORTH,Original Blue,Social Media,80,627,59158.33,2,6.0
RB04890,2023-11-02,USA-WEST,Tropical Edition,f1 sponsorship,85,615,55104.8,3,7.0
RB09467,2024-01-04,TH-SOUTH,Original Blue,TV Ad,80,567,30312.93,4,10.0
RB01421,2024-11-20,EUROPE-EU,Tropical Edition,TV Ad,85,372,55900.77,4,7.0
RB09301,2024-09-05,TH-EAST,Krating Daeng 250,f1 sponsorship,60,625,20340.66,1,7.0
RB03109,2024-05-06,USA-WEST,Sugarfree,f1 sponsorship,90,517,34651.73,0,6.0
RB03449,2023-11-19,USA-WEST,Krating Daeng 250,TV Ad,60,684,10798.36,2,4.0
RB03683,2023-09-25,TH-NORTH,Sugarfree,TV Ad,90,789,23309.29,3,2.0
RB04287,2023-08-10,ASIA-PACIFIC,Krating Daeng 250,extreme sports,60,555,49104.08,1,8.0
RB05167,2024-04-21,USA-EAST,Red Edition,extreme sports,75,539,24468.45,4,8.0
RB01951,2023-09-15,TH-SOUTH,Krating Daeng 250,in-store promo,60,572,21223.87,0,8.0
RB01900,2024-10-27,TH-EAST,Original Blue,in-store promo,80,632,49497.14,0,6.0
RB05566,2024-06-06,TH-CENTRAL,Tropical Edition,f1 sponsorship,85,415,56698.66,3,8.0
RB04826,2023-02-28,TH-NORTH,Red Edition,f1 sponsorship,75,384,8000.82,0,4.0
RB06956,2024-10-18,TH-SOUTH,Tropical Edition,f1 sponsorship,85,437,25212.67,2,10.0
RB05856,2024-06-09,TH-SOUTH,Original Blue,f1 sponsorship,80,626,32658.19,0,10.0
RB01821,2023-09-30,TH-SOUTH,Tropical Edition,TV Ad,85,527,31842.7,5,10.0
RB08387,2023-10-24,TH-NORTH,Red Edition,in-store promo,75,585,17545.26,2,5.0
RB00085,2024-01-05,USA-WEST,Red Edition,Social Media,75,597,5065.38,2,8.0
RB03226,2023-11-03,TH-NORTH,Tropical Edition,TV Ad,85,640,36592.41,1,5.0
RB02446,2023-08-24,TH-SOUTH,Original Blue,in-store promo,80,537,39553.32,2,6.0
RB01216,2023-03-30,USA-EAST,Tropical Edition,extreme sports,85,682,34291.62,2,6.0
RB00637,2024-08-11,TH-CENTRAL,Krating Daeng 250,Social Media,60,579,47162.45,3,6.0
RB03474,2024-09-25,TH-CENTRAL,Original Blue,TV Ad,80,621,37913.98,2,9.0
RB04653,2023-09-08,TH-EAST,Tropical Edition,extreme sports,85,715,26964.32,3,8.0
RB08619,2024-01-05,USA-EAST,Red Edition,in-store promo,75,738,21338.28,1,6.0
RB06830,2024-12-17,USA-EAST,Red Edition,in-store promo,75,623,13586.84,1,1.0
RB07222,2024-10-25,TH-CENTRAL,Krating Daeng 250,extreme sports,60,575,59162.66,2,5.0
RB06290,2024-06-22,TH-CENTRAL,Red Edition,TV Ad,75,593,30062.72,2,7.0
RB09278,2023-01-27,USA-EAST,Tropical Edition,extreme sports,85,463,53153.67,0,8.0
RB05585,2023-04-02,USA-WEST,Tropical Edition,in-store promo,85,424,45838.33,0,7.0
RB09294,2024-12-27,TH-SOUTH,Original Blue,in-store promo,80,329,48711.08,5,7.0
RB01144,2023-06-17,USA-WEST,Tropical Edition,f1 sponsorship,85,321,54419.3,2,8.0
RB02038,2024-05-28,EUROPE-EU,Tropical Edition,in-store promo,85,657,58211.16,1,5.0
RB02751,2024-11-06,TH-EAST,Original Blue,TV Ad,80,473,5469.79,2,2.0
RB09339,2023-06-27,TH-CENTRAL,Tropical Edition,TV Ad,85,493,44971.94,3,8.0
RB00065,2024-12-07,TH-NORTH,Krating Daeng 250,f1 sponsorship,60,550,18479.71,1,6.0
RB05399,2023-12-07,TH-SOUTH,Sugarfree,TV Ad,90,675,35392.56,4,9.0
RB03467,2024-04-11,USA-EAST,Tropical Edition,extreme sports,85,562,46359.71,3,8.0
RB05536,2024-10-11,TH-CENTRAL,Tropical Edition,extreme sports,85,392,39901.11,1,4.0
RB04741,2024-02-04,TH-CENTRAL,Sugarfree,Social Media,90,432,9803.6,1,6.0
RB00097,2023-12-26,EUROPE-EU,Red Edition,extreme sports,75,459,31243.64,1,6.0
RB07339,2023-11-29,USA-EAST,Krating Daeng 250,TV Ad,60,725,49459.88,2,7.0
RB04282,2023-09-15,TH-CENTRAL,Krating Daeng 250,in-store promo,60,575,12631.71,5,6.0
RB04454,2023-11-17,TH-CENTRAL,Tropical Edition,Social Media,85,452,32658.19,3,6.0
RB07197,2023-02-25,USA-WEST,Sugarfree,f1 sponsorship,90,655,12150.86,3,9.0
RB00040,2023-04-24,TH-EAST,Sugarfree,f1 sponsorship,90,356,19147.6,3,6.0
RB02619,2023-10-15,TH-CENTRAL,Original Blue,in-store promo,80,692,47372.2,2,9.0
RB09396,2024-10-23,TH-CENTRAL,Original Blue,f1 sponsorship,80,540,35370.87,5,5.0
RB02790,2023-03-03,TH-NORTH,Krating Daeng 250,extreme sports,60,529,45472.13,0,5.0
RB05938,2023-01-13,USA-WEST,Red Edition,TV Ad,75,620,40571.52,1,8.0
RB02888,2023-10-26,TH-NORTH,Tropical Edition,TV Ad,85,477,52725.72,0,6.0
RB04449,2023-12-12,ASIA-PACIFIC,Sugarfree,TV Ad,90,433,19502.33,3,4.0
RB04738,2023-04-30,TH-NORTH,Original Blue,extreme sports,80,628,24793.15,4,5.0
RB07417,2024-05-21,TH-NORTH,Sugarfree,TV Ad,90,647,39454.51,2,7.0
RB00553,2024-11-17,TH-CENTRAL,Original Blue,f1 sponsorship,80,507,43790.79,4,4.0
RB02234,2024-02-14,EUROPE-EU,Sugarfree,f1 sponsorship,90,666,6357.03,2,6.0
RB05721,2023-02-22,TH-CENTRAL,Sugarfree,Social Media,90,689,30377.5,2,6.0
RB08725,2024-12-23,USA-WEST,Red Edition,Social Media,75,742,44350.96,2,2.0
RB06591,2024-06-28,TH-SOUTH,Original Blue,Social Media,80,676,22922.1,3,4.0
RB05598,2024-07-04,TH-CENTRAL,Red Edition,Social Media,75,490,44136.01,0,9.0
RB08733,2024-08-27,TH-SOUTH,Original Blue,f1 sponsorship,80,522,31392.15,4,10.0
RB00715,2024-04-27,USA-EAST,Sugarfree,f1 sponsorship,90,634,54269.94,5,4.0
RB02880,2023-02-14,TH-NORTH,Sugarfree,in-store promo,90,463,47532.33,3,6.0
RB01722,2023-07-13,USA-EAST,Sugarfree,Social Media,90,684,21540.27,3,6.0
RB07788,2024-01-21,ASIA-PACIFIC,Tropical Edition,Social Media,85,650,30199.31,1,10.0
RB05672-DUP,2024-10-09,ASIA-PACIFIC,Sugarfree,in-store promo,90,216,47057.13,4,6.0
RB09187,2023-03-27,TH-CENTRAL,Sugarfree,in-store promo,90,287,49224.5,2,8.0
RB07111,2024-01-21,TH-CENTRAL,Sugarfree,Social Media,90,583,23007.54,1,4.0
RB00600,2023-07-09,TH-EAST,Original Blue,extreme sports,80,15329,22880.11,1,6.0
RB04224,2023-05-21,TH-CENTRAL,Tropical Edition,f1 sponsorship,85,597,39584.39,3,5.0
RB06860,2024-05-07,TH-SOUTH,Red Edition,TV Ad,75,524,37201.84,2,6.0
RB00816,2023-02-26,USA-WEST,Original Blue,f1 sponsorship,80,561,52107.39,2,8.0
RB00316,2024-11-05,USA-EAST,Red Edition,in-store promo,75,517,20497.63,2,7.0
RB05284,2023-05-07,TH-NORTH,Red Edition,extreme sports,75,717,40635.89,1,6.0
RB00995,2023-03-14,EUROPE-EU,Tropical Edition,extreme sports,85,536,35024.5,1,10.0
RB00254,2024-02-05,TH-SOUTH,Sugarfree,Social Media,90,437,18787.02,2,10.0
RB02317,2024-05-05,TH-NORTH,Original Blue,TV Ad,80,633,29887.94,2,6.0
RB04278,2023-11-23,TH-NORTH,Krating Daeng 250,TV Ad,60,481,9317.7,1,8.0
RB04560,2024-03-01,TH-EAST,Krating Daeng 250,extreme sports,60,472,20890.04,3,2.0
RB01100,2023-04-30,TH-NORTH,Tropical Edition,TV Ad,85,473,32730.53,2,5.0
RB07827,2024-06-29,TH-NORTH,Tropical Edition,in-store promo,85,562,32658.19,1,9.0
RB01325,2024-03-26,USA-WEST,Sugarfree,extreme sports,90,478,16341.55,1,6.0
RB07670,2024-01-30,USA-WEST,Krating Daeng 250,extreme sports,60,678,20606.18,2,7.0
RB09274,2023-07-15,TH-SOUTH,Sugarfree,Social Media,90,689,9916.44,3,4.0
RB04014,2023-03-27,TH-NORTH,Sugarfree,extreme sports,90,636,48691.57,1,6.0
RB07213,2024-01-28,USA-EAST,Krating Daeng 250,f1 sponsorship,60,595,28310.07,3,5.0
RB05556,2023-05-03,USA-WEST,Sugarfree,TV Ad,90,481,20812.17,5,1.0
RB06275,2024-03-26,TH-EAST,Original Blue,Social Media,80,437,25182.26,3,7.0
RB04016,2023-08-31,USA-EAST,Sugarfree,in-store promo,90,506,41191.31,1,8.0
RB00895,2024-05-13,USA-WEST,Sugarfree,TV Ad,90,543,49038.4,5,6.0
RB05925,2023-04-24,EUROPE-EU,Sugarfree,extreme sports,90,653,55746.32,3,6.0
RB08235,2024-04-16,TH-SOUTH,Tropical Edition,Social Media,85,568,38330.45,3,9.0
RB05046,2024-09-07,TH-SOUTH,Red Edition,extreme sports,75,340,41268.7,2,3.0
RB06768,2024-11-21,ASIA-PACIFIC,Original Blue,extreme sports,80,708,39354.45,3,10.0
RB06369,2023-11-16,TH-CENTRAL,Tropical Edition,TV Ad,85,688,50561.12,1,3.0
RB05245,2024-11-01,TH-SOUTH,Red Edition,in-store promo,75,574,30866.09,4,9.0
RB02066,2024-11-26,TH-SOUTH,Krating Daeng 250,extreme sports,60,513,51993.92,2,7.0
RB07798,2024-09-09,TH-NORTH,Original Blue,f1 sponsorship,80,649,30091.24,4,1.0
RB04154-DUP,2024-04-26,TH-CENTRAL,Krating Daeng 250,TV Ad,60,481,19820.89,1,6.0
RB04989,2023-01-30,USA-EAST,Tropical Edition,extreme sports,85,715,33377.59,2,6.0
RB00807,2023-05-06,TH-EAST,Red Edition,Social Media,75,570,39869.85,2,8.0
RB04987,2023-06-10,USA-EAST,Krating Daeng 250,extreme sports,60,578,25991.11,1,6.0
RB08994,2024-05-28,TH-CENTRAL,Sugarfree,in-store promo,90,495,51243.32,3,6.0
RB06081,2023-07-02,EUROPE-EU,Original Blue,extreme sports,80,382,49233.66,5,6.0
RB09271,2023-05-09,USA-EAST,Sugarfree,TV Ad,90,475,32060.57,1,6.0
RB05726,2024-07-12,TH-SOUTH,Krating Daeng 250,Social Media,60,675,53235.92,1,4.0
RB05618,2023-03-16,TH-EAST,Original Blue,in-store promo,80,588,45581.09,2,3.0
RB08384,2023-11-29,USA-EAST,Tropical Edition,Social Media,85,659,39448.15,2,9.0
RB05096,2024-11-03,USA-EAST,Original Blue,f1 sponsorship,80,664,25976.04,3,6.0
RB00969,2023-04-16,TH-SOUTH,Tropical Edition,TV Ad,85,409,44668.5,0,9.0
RB04034,2023-03-11,USA-EAST,Tropical Edition,extreme sports,85,583,15956.24,1,6.0
RB00636,2024-11-03,TH-CENTRAL,Tropical Edition,extreme sports,85,594,16568.55,1,8.0
RB05893,2024-03-11,EUROPE-EU,Tropical Edition,extreme sports,85,763,59505.42,1,2.0
RB08051,2024-11-21,TH-CENTRAL,Sugarfree,Social Media,90,522,8315.01,2,6.0
RB04597,2024-09-23,TH-CENTRAL,Red Edition,Social Media,75,306,7230.88,1,4.0
RB01136,2024-08-05,TH-CENTRAL,Sugarfree,TV Ad,90,491,56952.32,5,3.0
RB05681,2024-07-31,TH-CENTRAL,Tropical Edition,extreme sports,85,390,25579.32,2,5.0
RB08642,2023-04-25,TH-SOUTH,Original Blue,Social Media,80,690,42851.06,2,5.0
RB04187,2023-07-01,TH-CENTRAL,Krating Daeng 250,TV Ad,60,495,6696.65,4,10.0
RB02574,2024-04-04,TH-NORTH,Sugarfree,f1 sponsorship,90,502,8216.17,2,7.0
RB01435,2023-10-07,EUROPE-EU,Original Blue,f1 sponsorship,80,581,21968.91,3,10.0
RB02735,2024-09-24,TH-NORTH,Krating Daeng 250,f1 sponsorship,60,694,20659.25,0,4.0
RB06057,2023-10-30,TH-SOUTH,Original Blue,TV Ad,80,578,57413.94,2,3.0
RB04055,2023-12-15,TH-EAST,Tropical Edition,extreme sports,85,615,23940.82,2,7.0
RB03127,2023-10-22,TH-NORTH,Red Edition,TV Ad,75,632,40030.87,3,7.0
RB01782,2023-02-19,ASIA-PACIFIC,Tropical Edition,f1 sponsorship,85,590,36189.85,2,8.0
RB02376,2024-08-14,TH-EAST,Krating Daeng 250,Social Media,60,495,23802.84,3,7.0
RB06482,2024-09-24,ASIA-PACIFIC,Red Edition,TV Ad,75,604,54137.53,4,10.0
RB01469,2024-04-18,TH-EAST,Tropical Edition,extreme sports,85,369,51597.43,1,7.0
RB08990,2024-09-11,EUROPE-EU,Sugarfree,in-store promo,90,641,45539.29,2,6.0
RB04774,2023-06-25,USA-EAST,Original Blue,TV Ad,80,420,43394.96,3,3.0
RB02960,2024-09-14,TH-NORTH,Krating Daeng 250,extreme sports,60,646,8871.92,0,7.0
RB06894,2024-09-20,TH-EAST,Sugarfree,extreme sports,90,634,20631.39,4,10.0
RB04129,2023-12-09,USA-EAST,Red Edition,extreme sports,75,674,28595.25,2,6.0
RB09048,2024-09-13,USA-WEST,Krating Daeng 250,in-store promo,60,586,45523.53,2,9.0
RB03605,2024-10-10,EUROPE-EU,Tropical Edition,in-store promo,85,566,5265.06,2,7.0
RB03644,2023-07-13,EUROPE-EU,Red Edition,TV Ad,75,627,37319.49,2,9.0
RB03614,2023-10-16,TH-CENTRAL,Krating Daeng 250,extreme sports,60,566,23158.56,2,9.0
RB06798,2023-06-05,USA-WEST,Original Blue,f1 sponsorship,80,660,37300.9,4,4.0
RB07704-DUP,2023-09-30,TH-CENTRAL,Sugarfree,in-store promo,90,605,34077.35,0,7.0
RB03324,2023-07-05,TH-CENTRAL,Sugarfree,TV Ad,90,500,24665.83,1,8.0
RB03849,2023-09-23,TH-CENTRAL,Tropical Edition,Social Media,85,759,45755.57,2,8.0
RB03366,2023-05-28,EUROPE-EU,Red Edition,extreme sports,75,481,24376.63,1,4.0
RB08682,2024-01-22,TH-NORTH,Tropical Edition,f1 sponsorship,85,789,31761.67,3,7.0
RB04262,2023-09-10,USA-EAST,Krating Daeng 250,f1 sponsorship,60,610,26338.02,2,2.0
RB04407,2023-05-06,EUROPE-EU,Original Blue,TV Ad,80,555,59199.65,4,4.0
RB07074,2023-11-16,TH-EAST,Sugarfree,Social Media,90,551,6389.53,1,7.0
RB03937,2023-04-13,TH-NORTH,Original Blue,Social Media,80,775,8743.7,0,6.0
RB06717,2024-10-13,TH-CENTRAL,Original Blue,TV Ad,80,729,37064.06,1,4.0
RB01866,2023-06-06,TH-EAST,Original Blue,Social Media,80,604,45899.44,4,6.0
RB05774,2023-05-28,USA-WEST,Original Blue,f1 sponsorship,80,409,46244.83,1,1.0
RB06940,2023-11-10,TH-CENTRAL,Tropical Edition,TV Ad,85,596,36510.71,2,6.0
RB04688,2024-09-30,TH-CENTRAL,Sugarfree,Social Media,90,847,7032.4,3,7.0
RB00090,2023-10-10,TH-CENTRAL,Original Blue,Social Media,80,706,12855.12,2,10.0
RB01542,2024-11-14,TH-NORTH,Krating Daeng 250,TV Ad,60,757,32667.46,2,6.0
RB05988,2024-11-26,TH-SOUTH,Tropical Edition,Social Media,85,484,24356.86,5,3.0
RB02244,2023-01-02,TH-SOUTH,Original Blue,f1 sponsorship,80,400,59245.08,2,4.0
RB08930,2023-07-23,TH-SOUTH,Tropical Edition,Social Media,85,354,55990.34,2,6.0
RB01024,2024-05-03,USA-EAST,Sugarfree,Social Media,90,563,44481.82,3,6.0
RB08894,2024-04-02,EUROPE-EU,Original Blue,extreme sports,80,708,32329.18,3,8.0
RB09010,2023-05-06,TH-NORTH,Tropical Edition,TV Ad,85,553,58639.74,4,6.0
RB06516,2023-08-17,USA-WEST,Krating Daeng 250,extreme sports,60,608,30059.23,44,9.0
RB04618,2024-09-02,TH-NORTH,Tropical Edition,f1 sponsorship,85,582,54423.65,3,2.0
RB07514,2023-08-04,TH-NORTH,Tropical Edition,in-store promo,85,833,11966.22,4,6.0
RB08708,2024-08-25,USA-EAST,Tropical Edition,Social Media,85,367,55859.88,2,4.0
RB05648,2023-07-22,TH-SOUTH,Red Edition,in-store promo,75,755,12969.3,5,10.0
RB08499,2024-11-03,TH-NORTH,Sugarfree,Social Media,90,489,36743.75,3,10.0
RB07100,2024-02-22,TH-NORTH,Krating Daeng 250,TV Ad,60,541,49711.25,2,7.0
RB01947,2023-09-16,EUROPE-EU,Original Blue,TV Ad,80,503,23374.26,1,8.0
RB02021,2024-07-31,USA-EAST,Original Blue,f1 sponsorship,80,529,17628.36,2,5.0
RB00616,2024-12-22,TH-NORTH,Red Edition,in-store promo,75,771,44573.71,2,6.0
RB02771,2023-12-13,TH-NORTH,Tropical Edition,extreme sports,85,580,32658.19,2,6.0
RB05124,2024-12-21,USA-EAST,Tropical Edition,in-store promo,85,648,58637.96,5,8.0
RB05068,2023-01-20,TH-CENTRAL,Original Blue,Social Media,80,588,10991.79,2,5.0
RB04003,2023-07-15,TH-NORTH,Original Blue,TV Ad,80,476,16950.77,3,4.0
RB01962,2023-11-22,USA-EAST,Original Blue,f1 sponsorship,80,363,17158.65,3,7.0
RB07686,2024-04-09,TH-CENTRAL,Tropical Edition,in-store promo,85,587,24067.8,3,5.0
RB01499,2023-08-13,TH-CENTRAL,Sugarfree,extreme sports,90,581,23417.49,3,9.0
RB02581,2023-09-15,TH-SOUTH,Original Blue,f1 sponsorship,80,496,30617.01,2,8.0
RB08167,2023-09-14,USA-WEST,Original Blue,Social Media,80,765,22759.55,0,7.0
RB01504,2024-03-24,USA-EAST,Original Blue,extreme sports,80,462,11467.69,2,7.0
RB09341,2023-11-04,TH-CENTRAL,Original Blue,in-store promo,80,747,18389.95,3,4.0
RB07292,2024-10-07,ASIA-PACIFIC,Red Edition,Social Media,75,452,7342.35,2,8.0
RB08598,2024-04-21,EUROPE-EU,Red Edition,f1 sponsorship,75,429,32658.19,4,7.0
RB05426,2024-03-03,USA-EAST,Sugarfree,in-store promo,90,690,20824.89,3,6.0
RB07284,2023-12-14,TH-EAST,Krating Daeng 250,f1 sponsorship,60,637,29223.73,3,5.0
RB01085,2023-02-02,TH-CENTRAL,Original Blue,Social Media,80,596,22230.78,2,6.0
RB02299,2023-05-23,USA-EAST,Krating Daeng 250,Social Media,60,568,28270.14,1,7.0
RB08164,2023-06-11,USA-WEST,Tropical Edition,f1 sponsorship,85,573,58134.44,2,4.0
RB05819,2024-11-12,TH-SOUTH,Original Blue,TV Ad,80,573,41090.53,1,6.0
RB05033,2023-11-12,EUROPE-EU,Red Edition,extreme sports,75,624,29156.66,3,9.0
RB00783,2024-06-17,USA-EAST,Sugarfree,in-store promo,90,289,48264.46,3,10.0
RB01656,2024-01-02,TH-SOUTH,Red Edition,TV Ad,75,560,13609.66,2,6.0
RB06703,2023-07-02,EUROPE-EU,Red Edition,TV Ad,75,340,29613.5,2,10.0
RB07319,2023-02-05,USA-WEST,Tropical Edition,f1 sponsorship,85,304,5127.39,2,2.0
RB00851,2023-03-15,TH-EAST,Krating Daeng 250,extreme sports,60,14533,20970.18,3,10.0
RB08866,2023-01-26,TH-CENTRAL,Red Edition,f1 sponsorship,75,619,33438.24,1,8.0
RB01936,2024-12-31,USA-EAST,Original Blue,TV Ad,80,618,57073.56,1,7.0
RB00930,2023-08-21,TH-NORTH,Krating Daeng 250,in-store promo,60,604,32658.19,3,2.0
RB07819,2024-10-04,TH-CENTRAL,Red Edition,TV Ad,75,527,8240.27,3,6.0
RB07942,2023-05-04,USA-EAST,Original Blue,TV Ad,80,268,20985.73,5,7.0
RB04015,2024-02-20,TH-CENTRAL,Tropical Edition,TV Ad,85,542,7534.5,3,8.0
RB05578,2023-03-31,USA-EAST,Krating Daeng 250,extreme sports,60,642,10257.92,4,8.0
RB08312,2023-01-12,EUROPE-EU,Original Blue,TV Ad,80,572,15025.46,3,8.0
RB02177-DUP,2023-01-28,TH-NORTH,Original Blue,extreme sports,80,551,34364.05,0,3.0
RB03981,2024-12-03,TH-NORTH,Krating Daeng 250,in-store promo,60,525,35935.96,4,6.0
RB07223,2024-02-08,TH-SOUTH,Krating Daeng 250,in-store promo,60,699,40425.17,2,3.0
RB04145,2023-10-14,USA-EAST,Original Blue,extreme sports,80,12065,28121.93,2,9.0
RB04244,2024-06-09,USA-WEST,Original Blue,Social Media,80,659,7597.14,2,6.0
RB02397-DUP,2024-12-24,USA-EAST,Krating Daeng 250,TV Ad,60,569,5736.61,1,6.0
RB01994,2023-09-19,TH-CENTRAL,Original Blue,f1 sponsorship,80,686,44796.5,2,8.0
RB07754,2024-11-16,USA-EAST,Krating Daeng 250,TV Ad,60,626,56406.5,4,3.0
RB03392,2023-07-26,EUROPE-EU,Tropical Edition,f1 sponsorship,85,534,29757.48,5,10.0
RB02505,2023-06-23,EUROPE-EU,Sugarfree,in-store promo,90,489,47032.82,0,5.0
RB05253,2023-08-01,TH-EAST,Original Blue,extreme sports,80,516,33163.66,1,8.0
RB04663,2023-11-17,TH-EAST,Krating Daeng 250,extreme sports,60,510,47148.01,1,10.0
RB00510,2024-08-24,TH-EAST,Original Blue,TV Ad,80,450,50759.13,3,3.0
RB04395,2023-12-19,TH-CENTRAL,Tropical Edition,TV Ad,85,357,8649.9,2,6.0
RB02448,2024-10-17,TH-EAST,Krating Daeng 250,extreme sports,60,491,15089.06,3,5.0
RB01448,2023-10-12,USA-WEST,Sugarfree,in-store promo,90,595,32658.19,2,6.0
RB07193,2024-07-25,EUROPE-EU,Sugarfree,Social Media,90,637,37086.71,5,10.0
RB07129,2023-10-08,TH-NORTH,Original Blue,TV Ad,80,322,16602.42,3,10.0
RB02698,2023-06-06,USA-WEST,Original Blue,extreme sports,80,418,42128.07,2,2.0
RB06723,2023-11-29,TH-CENTRAL,Krating Daeng 250,TV Ad,60,577,35767.94,2,5.0
RB01349,2024-03-26,USA-WEST,Original Blue,TV Ad,80,485,12003.44,4,6.0
RB09209,2023-03-09,TH-EAST,Tropical Edition,f1 sponsorship,85,435,34809.7,3,1.0
RB09094,2024-07-09,EUROPE-EU,Krating Daeng 250,in-store promo,60,488,26119.71,0,8.0
RB02732,2023-12-06,TH-NORTH,Krating Daeng 250,TV Ad,60,487,18826.64,1,8.0
RB05560,2024-04-30,TH-CENTRAL,Krating Daeng 250,extreme sports,60,288,27942.82,3,3.0
RB00347,2023-11-26,TH-NORTH,Red Edition,extreme sports,75,774,21845.74,2,7.0
RB03009,2023-08-17,USA-EAST,Red Edition,in-store promo,75,603,21966.15,3,5.0
RB07028,2023-03-31,TH-NORTH,Sugarfree,extreme sports,90,386,53133.09,1,6.0
RB06076,2024-11-23,USA-WEST,Tropical Edition,Social Media,85,578,32178.33,5,6.0
RB02091,2024-04-22,EUROPE-EU,Red Edition,TV Ad,75,610,35282.89,3,6.0
RB06593,2024-08-30,USA-WEST,Sugarfree,f1 sponsorship,90,593,57574.1,2,8.0
RB03619,2024-11-19,TH-SOUTH,Original Blue,in-store promo,80,294,58154.5,1,10.0
RB09442,2024-08-17,USA-WEST,Red Edition,f1 sponsorship,75,703,7919.2,2,4.0
RB04567,2024-11-18,EUROPE-EU,Krating Daeng 250,in-store promo,60,594,30247.72,4,5.0
RB05926,2024-10-16,TH-SOUTH,Original Blue,TV Ad,80,590,45756.35,5,2.0
RB07437,2023-07-08,TH-NORTH,Krating Daeng 250,f1 sponsorship,60,645,31049.44,2,3.0
RB04885,2023-05-16,USA-EAST,Red Edition,in-store promo,75,490,52535.03,2,10.0
RB06587,2023-06-13,EUROPE-EU,Tropical Edition,TV Ad,85,687,6502.31,0,1.0
RB07667,2024-06-25,TH-SOUTH,Original Blue,TV Ad,80,469,33373.27,1,9.0
RB08600,2024-10-23,TH-NORTH,Sugarfree,extreme sports,90,338,54663.84,3,8.0
RB06185,2024-08-15,TH-CENTRAL,Tropical Edition,extreme sports,85,429,33884.95,2,9.0
RB05234,2023-12-26,TH-CENTRAL,Original Blue,f1 sponsorship,80,572,45990.94,3,2.0
RB00929,2023-08-10,TH-CENTRAL,Red Edition,TV Ad,75,691,20969.86,2,3.0
RB00545,2024-03-26,TH-NORTH,Original Blue,in-store promo,80,522,916608.7,2,8.0
RB08516,2023-06-02,TH-CENTRAL,Red Edition,in-store promo,75,594,19251.09,0,7.0
RB07425,2023-04-21,USA-EAST,Sugarfree,TV Ad,90,538,13493.75,2,5.0
RB03731,2024-02-05,TH-NORTH,Sugarfree,extreme sports,90,470,55162.21,0,7.0
RB02610,2024-01-28,TH-CENTRAL,Tropical Edition,f1 sponsorship,85,426,30235.44,3,6.0
RB03309,2024-07-26,TH-CENTRAL,Sugarfree,Social Media,90,550,58635.21,1,3.0
RB04936,2024-05-01,USA-WEST,Tropical Edition,f1 sponsorship,85,359,37971.96,3,10.0
RB08923-DUP,2023-02-17,TH-NORTH,Red Edition,f1 sponsorship,75,556,37541.74,2,7.0
RB01934,2024-09-14,USA-WEST,Sugarfree,Social Media,90,623,17824.52,2,6.0
RB07641,2024-07-25,TH-CENTRAL,Red Edition,TV Ad,75,467,29883.47,1,4.0
RB02866,2023-01-02,USA-WEST,Original Blue,f1 sponsorship,80,631,48659.84,4,2.0
RB05212,2023-02-27,TH-CENTRAL,Sugarfree,TV Ad,90,470,5215.24,3,5.0
RB03352,2023-04-29,USA-WEST,Sugarfree,in-store promo,90,727,14972.77,0,4.0
RB09065,2023-01-10,USA-EAST,Tropical Edition,in-store promo,85,643,50887.57,2,5.0
RB06730,2024-02-04,EUROPE-EU,Krating Daeng 250,in-store promo,60,662,32658.19,1,8.0
RB03401,2023-06-15,TH-EAST,Tropical Edition,TV Ad,85,516,36446.16,3,5.0
RB07700,2024-10-01,TH-SOUTH,Sugarfree,f1 sponsorship,90,404,21037.93,3,6.0
RB03667,2023-05-28,USA-EAST,Original Blue,Social Media,80,553,24788.39,1,8.0
RB07606,2023-01-31,TH-CENTRAL,Tropical Edition,TV Ad,85,476,39991.27,3,5.0
RB01392,2023-01-27,USA-WEST,Tropical Edition,f1 sponsorship,85,402,16399.58,2,4.0
RB02728,2024-02-06,TH-SOUTH,Sugarfree,f1 sponsorship,90,621,47770.18,2,4.0
RB03189,2024-07-04,ASIA-PACIFIC,Tropical Edition,in-store promo,85,728,49477.48,2,6.0
RB01142,2024-08-21,TH-CENTRAL,Original Blue,extreme sports,80,469,58700.95,2,8.0
RB09319,2024-06-24,USA-EAST,Red Edition,f1 sponsorship,75,449,40247.27,1,6.0
RB05110,2023-09-25,TH-SOUTH,Sugarfree,f1 sponsorship,90,474,55000.31,2,8.0
RB08148,2023-07-15,USA-WEST,Red Edition,extreme sports,75,343,55569.18,4,5.0
RB08197,2023-04-22,TH-NORTH,Original Blue,TV Ad,80,585,6768.02,2,8.0
RB02265,2023-09-29,USA-WEST,Krating Daeng 250,f1 sponsorship,60,435,40404.26,3,1.0
RB04375,2023-01-24,TH-SOUTH,Tropical Edition,TV Ad,85,585,25903.11,3,10.0
RB01680,2023-08-21,EUROPE-EU,Krating Daeng 250,Social Media,60,539,29694.56,1,3.0
RB07935,2024-07-26,TH-SOUTH,Sugarfree,in-store promo,90,282,27188.05,4,10.0
RB09133,2023-04-18,TH-NORTH,Red Edition,in-store promo,75,702,12193.47,3,3.0
RB02873,2024-10-17,TH-NORTH,Krating Daeng 250,in-store promo,60,481,36164.69,3,3.0
RB08296,2024-03-07,TH-EAST,Sugarfree,TV Ad,90,753,54798.97,5,6.0
RB04625,2024-04-02,TH-NORTH,Sugarfree,in-store promo,90,419,57400.33,3,5.0
RB01920,2023-02-08,ASIA-PACIFIC,Red Edition,in-store promo,75,409,31090.61,1,5.0
RB00233,2023-11-22,EUROPE-EU,Sugarfree,in-store promo,90,548,51319.77,1,7.0
RB09115,2024-02-04,TH-NORTH,Krating Daeng 250,in-store promo,60,468,9724.58,1,4.0
RB04350,2024-09-04,TH-SOUTH,Krating Daeng 250,TV Ad,60,429,40692.67,3,9.0
RB05166,2024-05-10,TH-CENTRAL,Red Edition,in-store promo,75,518,41143.48,5,7.0
RB06716,2024-12-31,USA-EAST,Original Blue,Social Media,80,739,56216.19,1,6.0
RB08831,2024-07-13,TH-CENTRAL,Red Edition,f1 sponsorship,75,618,7579.86,2,8.0
RB08320,2024-11-02,TH-CENTRAL,Red Edition,extreme sports,75,662,11033.14,3,10.0
RB07211,2024-12-18,EUROPE-EU,Red Edition,f1 sponsorship,75,625,11312.81,4,6.0
RB08525,2024-08-08,TH-SOUTH,Sugarfree,f1 sponsorship,90,508,12825.4,5,5.0
RB00519,2023-11-16,USA-WEST,Krating Daeng 250,in-store promo,60,382,49906.89,1,6.0
RB06400,2023-09-26,USA-WEST,Krating Daeng 250,f1 sponsorship,60,616,22898.77,3,1.0
RB08242,2024-09-28,TH-EAST,Tropical Edition,extreme sports,85,558,33310.85,1,6.0
RB00023,2024-09-19,USA-EAST,Sugarfree,f1 sponsorship,90,547,19415.77,2,4.0
RB06781,2024-02-16,TH-SOUTH,Krating Daeng 250,in-store promo,60,456,27151.8,0,1.0
RB05352,2024-07-18,EUROPE-EU,Red Edition,in-store promo,75,277,24722.39,3,4.0
RB02020,2023-03-24,TH-EAST,Red Edition,Social Media,75,495,25667.11,2,6.0
RB05414,2024-04-08,EUROPE-EU,Red Edition,f1 sponsorship,75,425,33729.88,31,2.0
RB03201,2024-10-05,TH-SOUTH,Tropical Edition,in-store promo,85,669,12474.34,1,5.0
RB09264,2024-01-29,USA-EAST,Krating Daeng 250,extreme sports,60,599,10542.04,5,2.0
RB08521,2023-04-09,TH-NORTH,Tropical Edition,Social Media,85,485,57647.46,3,3.0
RB02510,2023-03-26,TH-NORTH,Original Blue,f1 sponsorship,80,611,53174.81,2,6.0
RB07760,2023-10-26,USA-EAST,Original Blue,Social Media,80,413,29315.27,3,5.0
RB02576,2024-10-04,TH-EAST,Red Edition,in-store promo,75,444,9943.63,1,8.0
RB03156,2024-09-28,TH-CENTRAL,Red Edition,TV Ad,75,622,25701.48,1,7.0
RB03212-DUP,2023-04-11,ASIA-PACIFIC,Sugarfree,f1 sponsorship,90,528,29552.47,2,6.0
RB03558,2024-11-05,TH-NORTH,Sugarfree,extreme sports,90,565,34961.12,1,6.0
RB02410,2023-02-13,TH-NORTH,Red Edition,f1 sponsorship,75,661,10017.98,3,6.0
RB00282,2023-09-21,USA-EAST,Red Edition,Social Media,75,560,53402.09,2,4.0
RB01241,2024-04-04,TH-NORTH,Krating Daeng 250,Social Media,60,735,12548.45,0,6.0
RB08804,2023-02-09,TH-CENTRAL,Red Edition,f1 sponsorship,75,505,59481.42,1,6.0
RB03026,2023-05-12,TH-SOUTH,Original Blue,TV Ad,80,642,26356.49,3,5.0
RB00255,2024-02-14,TH-SOUTH,Original Blue,extreme sports,80,444,9379.88,2,10.0
RB04231,2024-06-13,TH-CENTRAL,Red Edition,f1 sponsorship,75,563,28443.42,5,5.0
RB08297,2024-12-18,TH-NORTH,Tropical Edition,in-store promo,85,745,59330.55,2,3.0
RB07217,2024-07-12,TH-EAST,Red Edition,TV Ad,75,737,9284.69,2,7.0
RB01099,2023-12-04,TH-SOUTH,Krating Daeng 250,extreme sports,60,580,49841.45,5,7.0
RB00283,2023-09-23,TH-NORTH,Red Edition,extreme sports,75,489,45787.56,4,2.0
RB08256-DUP,2023-07-28,TH-CENTRAL,Sugarfree,f1 sponsorship,90,646,5559.17,3,6.0
RB03931,2023-07-11,TH-CENTRAL,Red Edition,f1 sponsorship,75,696,22704.06,0,3.0
RB02979,2024-06-06,TH-NORTH,Tropical Edition,extreme sports,85,561,6539.24,5,10.0
RB02220,2023-08-31,TH-EAST,Sugarfree,f1 sponsorship,90,568,46088.32,1,6.0
RB04667,2024-05-31,TH-SOUTH,Original Blue,TV Ad,80,594,36269.3,5,3.0
RB06392,2024-01-13,TH-CENTRAL,Krating Daeng 250,TV Ad,60,623,15879.32,1,6.0
RB00365,2023-05-23,ASIA-PACIFIC,Krating Daeng 250,f1 sponsorship,60,680,11828.0,3,6.0
RB08978,2023-01-07,TH-CENTRAL,Original Blue,extreme sports,80,469,57507.85,3,2.0
RB03100,2023-08-17,USA-WEST,Original Blue,f1 sponsorship,80,532,44617.58,3,4.0
RB03186,2024-10-30,TH-NORTH,Krating Daeng 250,in-store promo,60,535,46743.48,1,3.0
RB06914,2023-10-06,TH-EAST,Original Blue,extreme sports,80,375,52449.11,5,10.0
RB05026-DUP,2024-05-28,USA-WEST,Original Blue,extreme sports,80,494,17473.39,3,5.0
RB08412,2024-03-06,EUROPE-EU,Krating Daeng 250,TV Ad,60,556,37488.57,5,6.0
RB05487,2023-03-11,TH-CENTRAL,Original Blue,extreme sports,80,656,30727.63,2,6.0
RB04101,2024-07-28,TH-NORTH,Krating Daeng 250,in-store promo,60,558,47465.11,3,6.0
RB07703,2024-12-30,TH-NORTH,Tropical Edition,f1 sponsorship,85,521,32352.81,2,4.0
RB08214,2024-07-31,EUROPE-EU,Original Blue,TV Ad,80,529,56308.41,1,8.0
RB07684,2023-03-17,USA-EAST,Tropical Edition,TV Ad,85,491,38266.79,4,2.0
RB02271,2023-10-26,TH-NORTH,Original Blue,in-store promo,80,537,13349.82,5,6.0
RB01771,2024-10-19,USA-EAST,Red Edition,TV Ad,75,640,32658.19,5,6.0
RB08313,2023-06-22,TH-CENTRAL,Original Blue,Social Media,80,670,32447.75,1,3.0
RB08130,2024-04-17,USA-EAST,Sugarfree,f1 sponsorship,90,452,29743.17,2,8.0
RB04471,2023-01-30,ASIA-PACIFIC,Krating Daeng 250,Social Media,60,530,48523.73,2,8.0
RB06079,2024-06-05,EUROPE-EU,Tropical Edition,Social Media,85,505,49894.28,1,6.0
RB03219,2024-06-21,TH-CENTRAL,Red Edition,extreme sports,75,744,9350.1,2,6.0
RB03249,2024-04-19,TH-EAST,Sugarfree,TV Ad,90,590,52892.31,4,4.0
RB07496,2023-02-13,TH-SOUTH,Sugarfree,Social Media,90,356,46595.48,2,4.0
RB04516,2024-09-11,TH-SOUTH,Original Blue,TV Ad,80,593,8443.68,2,4.0
RB03442,2023-11-13,TH-CENTRAL,Tropical Edition,f1 sponsorship,85,328,10796.84,2,8.0
RB08705,2024-11-09,TH-CENTRAL,Tropical Edition,in-store promo,85,428,12302.11,5,3.0
RB01524-DUP,2024-03-15,USA-EAST,Original Blue,extreme sports,80,516,20728.37,5,6.0
RB05622,2023-01-21,TH-CENTRAL,Sugarfree,extreme sports,90,540,9355.14,0,9.0
RB00247,2024-07-20,ASIA-PACIFIC,Red Edition,f1 sponsorship,75,338,52352.06,1,3.0
RB03491,2023-10-29,TH-SOUTH,Original Blue,in-store promo,80,598,50504.49,0,8.0
RB03333,2024-01-21,TH-NORTH,Krating Daeng 250,in-store promo,60,637,25401.87,1,6.0
RB09510,2023-02-26,TH-NORTH,Krating Daeng 250,in-store promo,60,905,44840.66,2,8.0
RB03914,2024-01-22,USA-EAST,Tropical Edition,in-store promo,85,582,14779.67,3,9.0
RB08172,2024-10-20,TH-SOUTH,Original Blue,in-store promo,80,710,6055.02,0,2.0
RB09460,2023-04-01,TH-CENTRAL,Krating Daeng 250,f1 sponsorship,60,329,58720.07,2,6.0
RB06015,2023-03-02,TH-NORTH,Original Blue,f1 sponsorship,80,533,32061.88,1,8.0
RB08024,2024-11-12,TH-NORTH,Red Edition,f1 sponsorship,75,477,59070.66,1,5.0
RB09410,2024-06-18,TH-EAST,Sugarfree,TV Ad,90,690,46693.32,2,9.0
RB04746,2024-03-21,TH-NORTH,Original Blue,Social Media,80,470,47748.43,3,7.0
RB02690,2023-09-13,EUROPE-EU,Sugarfree,TV Ad,90,551,20479.07,3,9.0
RB06513,2023-05-15,TH-NORTH,Krating Daeng 250,extreme sports,60,528,32826.63,2,8.0
RB02309,2023-05-21,TH-NORTH,Original Blue,Social Media,80,601,31244.0,2,6.0
RB08031,2023-02-03,EUROPE-EU,Original Blue,in-store promo,80,499,10368.15,2,5.0
RB03584,2024-05-19,TH-EAST,Original Blue,in-store promo,80,497,30267.08,1,4.0
RB02787,2023-08-07,TH-NORTH,Tropical Edition,f1 sponsorship,85,718,53488.02,2,4.0
RB07690,2023-10-08,EUROPE-EU,Krating Daeng 250,in-store promo,60,584,39736.51,5,6.0
RB06359,2023-07-20,TH-CENTRAL,Red Edition,Social Media,75,569,39975.26,1,6.0
RB05418,2024-07-05,USA-EAST,Red Edition,in-store promo,75,714,32658.19,2,10.0
RB02891,2023-05-26,TH-NORTH,Sugarfree,f1 sponsorship,90,559,20120.38,4,6.0
RB03055,2024-05-16,TH-EAST,Original Blue,TV Ad,80,650,27978.55,1,10.0
RB03357,2023-07-06,ASIA-PACIFIC,Krating Daeng 250,TV Ad,60,550,52633.59,5,6.0
RB05216,2024-10-09,TH-NORTH,Original Blue,Social Media,80,601,22985.52,1,6.0
RB03263,2024-08-22,USA-EAST,Sugarfree,in-store promo,90,564,37965.77,2,5.0
RB03588,2024-11-05,TH-NORTH,Krating Daeng 250,Social Media,60,484,39614.51,1,4.0
RB05254-DUP,2024-09-16,TH-NORTH,Sugarfree,f1 sponsorship,90,600,39505.33,3,2.0
RB07394,2023-03-05,TH-SOUTH,Krating Daeng 250,TV Ad,60,550,15415.95,5,8.0
RB04151,2024-06-05,USA-EAST,Original Blue,Social Media,80,298,42139.65,1,7.0
RB04779,2024-02-29,TH-CENTRAL,Tropical Edition,extreme sports,85,582,35447.91,2,8.0
RB08517,2023-10-26,TH-NORTH,Sugarfree,TV Ad,90,424,47026.93,2,8.0
RB08885,2024-01-28,USA-EAST,Sugarfree,f1 sponsorship,90,625,9621.72,4,10.0
RB03110,2023-10-05,TH-NORTH,Red Edition,in-store promo,75,483,57862.96,3,6.0
RB08163,2023-08-09,USA-EAST,Red Edition,TV Ad,75,673,13652.66,1,7.0
RB06325,2023-05-26,TH-EAST,Krating Daeng 250,in-store promo,60,691,32658.19,3,6.0
RB01375,2024-12-17,TH-EAST,Tropical Edition,extreme sports,85,379,38864.11,3,9.0
RB01172,2023-07-22,TH-EAST,Tropical Edition,Social Media,85,498,51192.95,5,3.0
RB01571,2024-11-13,TH-CENTRAL,Red Edition,f1 sponsorship,75,532,59785.1,1,8.0
RB03430,2024-03-14,TH-CENTRAL,Krating Daeng 250,extreme sports,60,445,12460.88,2,6.0
RB06474,2023-06-18,EUROPE-EU,Krating Daeng 250,f1 sponsorship,60,596,31648.19,2,7.0
RB02465,2023-02-27,TH-EAST,Tropical Edition,Social Media,85,461,59283.47,2,10.0
RB03327,2024-11-22,TH-CENTRAL,Sugarfree,f1 sponsorship,90,679,45857.89,0,5.0
RB04023,2024-09-29,TH-SOUTH,Red Edition,Social Media,75,472,13444.16,1,9.0
RB05438,2023-07-26,USA-EAST,Tropical Edition,in-store promo,85,645,43459.78,0,6.0
RB07811,2024-11-11,TH-NORTH,Original Blue,Social Media,80,389,51036.43,1,6.0
RB00325,2024-02-29,TH-EAST,Krating Daeng 250,in-store promo,60,415,47915.64,2,5.0
RB06097,2023-03-09,USA-EAST,Red Edition,in-store promo,75,334,52672.41,4,6.0
RB02089,2024-01-27,ASIA-PACIFIC,Original Blue,Social Media,80,620,56494.94,4,8.0
RB03504,2023-02-25,USA-EAST,Tropical Edition,in-store promo,85,568,44168.9,1,7.0
RB01348,2024-09-03,TH-SOUTH,Tropical Edition,in-store promo,85,595,26131.34,2,6.0
RB03058,2024-02-05,TH-CENTRAL,Krating Daeng 250,TV Ad,60,489,6841.9,2,9.0
RB06060,2023-07-04,EUROPE-EU,Original Blue,Social Media,80,538,45766.28,3,6.0
RB03866,2024-06-28,EUROPE-EU,Sugarfree,Social Media,90,699,6142.54,3,7.0
RB04093,2023-05-23,TH-CENTRAL,Original Blue,extreme sports,80,672,15463.99,4,7.0
RB09415,2023-09-13,EUROPE-EU,Red Edition,f1 sponsorship,75,640,12727.27,2,6.0
RB05832,2024-09-01,TH-SOUTH,Red Edition,f1 sponsorship,75,581,40854.68,2,10.0
RB00768,2023-05-04,EUROPE-EU,Sugarfree,TV Ad,90,567,28285.94,0,3.0
RB04071,2023-03-16,USA-EAST,Red Edition,in-store promo,75,485,40954.89,3,6.0
RB05129,2023-07-04,USA-EAST,Tropical Edition,TV Ad,85,366,52670.65,4,10.0
RB01577,2023-07-26,USA-EAST,Sugarfree,TV Ad,90,604,35456.76,4,7.0
RB05274,2024-05-18,TH-CENTRAL,Original Blue,f1 sponsorship,80,675,15356.41,1,6.0
RB00237,2024-10-02,USA-WEST,Krating Daeng 250,f1 sponsorship,60,621,54403.52,2,7.0
RB06708,2024-11-19,TH-CENTRAL,Tropical Edition,extreme sports,85,384,51697.43,5,7.0
RB05783,2024-12-29,TH-EAST,Red Edition,in-store promo,75,606,47817.72,3,6.0
RB00014,2024-02-15,TH-NORTH,Original Blue,f1 sponsorship,80,470,19829.42,4,8.0
RB03217,2024-02-26,TH-NORTH,Krating Daeng 250,Social Media,60,348,41048.33,0,8.0
RB06022,2024-07-17,TH-NORTH,Red Edition,in-store promo,75,687,33581.0,0,2.0
RB07322,2024-04-02,TH-EAST,Red Edition,TV Ad,75,471,9114.88,2,6.0
RB04745,2024-12-16,TH-NORTH,Sugarfree,extreme sports,90,597,38897.8,2,6.0
RB07498,2023-04-12,TH-SOUTH,Tropical Edition,TV Ad,85,729,29626.08,5,1.0
RB04358,2023-07-09,TH-EAST,Sugarfree,TV Ad,90,482,49416.06,2,3.0
RB06197,2024-04-22,USA-WEST,Original Blue,in-store promo,80,542,46467.48,3,5.0
RB06816,2024-07-22,TH-CENTRAL,Krating Daeng 250,f1 sponsorship,60,538,42019.51,4,9.0
RB02331,2024-11-25,EUROPE-EU,Tropical Edition,f1 sponsorship,85,514,25986.59,2,9.0
RB01596,2024-05-24,USA-EAST,Sugarfree,in-store promo,90,523,49228.08,5,9.0
RB01752,2023-03-09,USA-EAST,Original Blue,f1 sponsorship,80,454,17487.85,3,6.0
RB08282,2023-08-22,EUROPE-EU,Original Blue,in-store promo,80,452,27170.32,3,6.0
RB02795,2023-02-04,ASIA-PACIFIC,Sugarfree,TV Ad,90,512,39871.88,2,7.0
RB02599,2024-08-08,TH-NORTH,Krating Daeng 250,Social Media,60,467,49653.45,5,6.0
RB03827,2023-01-10,TH-CENTRAL,Tropical Edition,Social Media,85,364,33687.62,3,8.0
RB06078,2024-11-15,TH-SOUTH,Krating Daeng 250,TV Ad,60,703,22254.48,0,2.0
RB05977,2024-04-29,TH-NORTH,Krating Daeng 250,f1 sponsorship,60,502,55522.58,1,5.0
RB02915,2024-08-05,TH-EAST,Red Edition,extreme sports,75,755,59871.35,3,5.0
RB05845,2024-10-04,TH-NORTH,Red Edition,TV Ad,75,767,11617.51,2,10.0
RB01686,2023-03-21,USA-WEST,Sugarfree,in-store promo,90,732,13818.27,1,7.0
RB03134,2023-06-26,TH-CENTRAL,Tropical Edition,extreme sports,85,633,53826.84,3,10.0
RB00082,2023-10-14,TH-SOUTH,Red Edition,extreme sports,75,526,32658.19,3,6.0
RB08624,2024-06-29,USA-EAST,Krating Daeng 250,in-store promo,60,566,50684.29,0,1.0
RB03328,2024-10-10,EUROPE-EU,Red Edition,f1 sponsorship,75,707,57222.02,2,7.0
RB02438,2024-12-27,TH-NORTH,Krating Daeng 250,TV Ad,60,660,24273.7,1,3.0
RB05386,2023-08-17,TH-EAST,Krating Daeng 250,TV Ad,60,498,35098.83,4,10.0
RB05532,2023-10-21,TH-EAST,Sugarfree,Social Media,90,612,8659.89,3,6.0
RB07005,2023-10-20,TH-NORTH,Tropical Edition,f1 sponsorship,85,345,50228.6,2,8.0
RB00886,2024-04-14,TH-SOUTH,Red Edition,TV Ad,75,613,32658.19,2,7.0
RB07161,2023-11-06,ASIA-PACIFIC,Red Edition,in-store promo,75,605,58661.23,3,4.0
RB09567,2024-04-08,EUROPE-EU,Red Edition,extreme sports,75,622,8043.12,3,9.0
RB07188,2023-04-30,TH-CENTRAL,Original Blue,in-store promo,80,844,48321.9,0,5.0
RB01045,2023-10-09,ASIA-PACIFIC,Original Blue,extreme sports,80,753,46528.62,5,5.0
RB07484,2023-04-30,EUROPE-EU,Sugarfree,in-store promo,90,465,44787.19,5,8.0
RB06360,2023-03-17,USA-EAST,Sugarfree,TV Ad,90,484,10178.39,5,4.0
RB01904,2024-05-13,TH-CENTRAL,Original Blue,in-store promo,80,528,7991.82,5,3.0
RB05568,2023-05-18,TH-CENTRAL,Krating Daeng 250,Social Media,60,586,17061.93,1,8.0
RB04509,2023-09-28,EUROPE-EU,Krating Daeng 250,Social Media,60,445,56696.89,1,7.0
RB09459,2023-08-29,TH-NORTH,Red Edition,extreme sports,75,429,26982.71,0,8.0
RB04335,2024-03-06,USA-WEST,Original Blue,extreme sports,80,513,14970.43,2,7.0
RB03478,2024-05-01,USA-EAST,Tropical Edition,in-store promo,85,556,20977.83,3,7.0
RB05583,2024-03-20,TH-CENTRAL,Tropical Edition,in-store promo,85,688,25715.61,2,5.0
RB09390,2023-04-11,TH-CENTRAL,Red Edition,in-store promo,75,662,8805.92,4,7.0
RB03511,2023-02-02,TH-NORTH,Tropical Edition,f1 sponsorship,85,590,59683.68,1,10.0
RB07141,2023-04-22,TH-NORTH,Original Blue,in-store promo,80,557,17529.49,0,8.0
RB09411,2024-01-19,USA-EAST,Sugarfree,Social Media,90,498,46997.13,0,5.0
RB07696,2024-06-19,TH-CENTRAL,Tropical Edition,f1 sponsorship,85,435,6448.0,0,8.0
RB02953,2023-08-01,TH-SOUTH,Krating Daeng 250,f1 sponsorship,60,370,46888.69,2,1.0
RB04465,2023-04-27,TH-NORTH,Sugarfree,TV Ad,90,617,35785.8,2,1.0
RB09056,2024-01-01,EUROPE-EU,Krating Daeng 250,in-store promo,60,597,14740.51,3,5.0
RB01220,2024-07-18,USA-EAST,Red Edition,Social Media,75,403,14443.05,3,4.0
RB00877,2023-11-01,TH-NORTH,Sugarfree,TV Ad,90,458,9590.31,3,6.0
RB05376,2024-08-28,EUROPE-EU,Original Blue,extreme sports,80,590,11891.46,0,8.0
RB02693,2023-11-24,ASIA-PACIFIC,Krating Daeng 250,TV Ad,60,620,56315.6,2,6.0
RB09520,2024-07-03,TH-NORTH,Tropical Edition,extreme sports,85,425,54938.79,2,8.0
RB01432,2024-03-18,TH-CENTRAL,Tropical Edition,Social Media,85,512,50334.01,2,8.0
RB03355,2023-10-25,TH-NORTH,Tropical Edition,in-store promo,85,568,53066.19,0,3.0
RB06983,2023-11-18,TH-SOUTH,Original Blue,Social Media,80,410,37225.63,4,5.0
RB09121,2024-05-09,TH-EAST,Krating Daeng 250,TV Ad,60,757,51339.12,0,6.0
RB02453,2023-01-01,TH-NORTH,Tropical Edition,in-store promo,85,585,34817.99,1,3.0
RB03122,2023-03-06,TH-SOUTH,Tropical Edition,extreme sports,85,568,47050.86,2,8.0
RB04430,2023-07-10,TH-CENTRAL,Krating Daeng 250,Social Media,60,576,39063.53,2,7.0
RB05953,2024-08-15,TH-CENTRAL,Red Edition,extreme sports,75,426,19322.44,2,5.0
RB02608,2023-05-19,TH-NORTH,Original Blue,Social Media,80,529,25334.97,3,9.0
RB07932,2023-04-03,TH-EAST,Red Edition,in-store promo,75,748,28704.45,2,7.0
RB03663,2024-03-02,TH-NORTH,Sugarfree,in-store promo,90,694,30546.55,2,6.0
RB00244,2024-12-28,TH-NORTH,Red Edition,TV Ad,75,587,18859.38,2,8.0
RB00427,2024-07-04,TH-EAST,Sugarfree,extreme sports,90,658,28874.59,2,2.0
RB00560,2023-09-21,USA-EAST,Krating Daeng 250,TV Ad,60,663,22760.78,2,8.0
RB05788,2024-05-07,EUROPE-EU,Tropical Edition,TV Ad,85,425,28583.29,3,6.0
RB00099,2024-07-15,TH-NORTH,Krating Daeng 250,TV Ad,60,504,19924.07,0,2.0
RB01808,2023-05-15,TH-CENTRAL,Sugarfree,f1 sponsorship,90,773,18681.15,3,6.0
RB07092,2024-02-21,TH-NORTH,Sugarfree,TV Ad,90,570,37918.17,3,1.0
RB03276,2023-05-14,TH-NORTH,Krating Daeng 250,in-store promo,60,706,10380.14,3,6.0
RB08967,2023-07-25,TH-EAST,Tropical Edition,in-store promo,85,721,37091.28,1,5.0
RB03443,2023-08-23,TH-CENTRAL,Sugarfree,f1 sponsorship,90,695,41753.76,2,3.0
RB06840-DUP,2024-12-18,EUROPE-EU,Sugarfree,TV Ad,90,447,14740.48,0,7.0
RB04199,2023-01-16,TH-NORTH,Red Edition,extreme sports,75,455,54628.9,1,5.0
RB01160,2024-04-10,USA-EAST,Original Blue,extreme sports,80,639,54596.12,3,10.0
RB09573,2023-02-09,TH-NORTH,Red Edition,in-store promo,75,445,20117.86,0,9.0
RB07532,2023-12-26,TH-CENTRAL,Sugarfree,f1 sponsorship,90,475,59614.81,1,3.0
RB00597,2024-07-26,TH-CENTRAL,Original Blue,in-store promo,80,560,59915.06,2,1.0
RB01329-DUP,2023-11-06,ASIA-PACIFIC,Original Blue,extreme sports,80,474,58507.13,0,9.0
RB00331,2023-10-05,EUROPE-EU,Sugarfree,extreme sports,90,450,49596.23,2,8.0
RB03864,2024-02-17,TH-SOUTH,Red Edition,extreme sports,75,482,32658.19,3,5.0
RB08948,2024-10-16,TH-CENTRAL,Original Blue,TV Ad,80,588,6147.29,2,6.0
RB02474,2024-01-04,TH-NORTH,Red Edition,Social Media,75,632,6774.35,2,7.0
RB06598,2023-11-01,TH-CENTRAL,Original Blue,Social Media,80,318,49171.01,2,10.0
RB06842,2023-05-27,TH-EAST,Tropical Edition,Social Media,85,406,34947.61,4,6.0
RB06696,2023-04-14,TH-EAST,Krating Daeng 250,f1 sponsorship,60,407,55236.19,0,6.0
RB09276,2024-07-10,ASIA-PACIFIC,Original Blue,TV Ad,80,663,54507.18,0,3.0
RB06104,2024-01-04,TH-SOUTH,Red Edition,f1 sponsorship,75,587,41182.08,1,2.0
RB07792,2023-05-24,USA-EAST,Sugarfree,Social Media,90,691,8017.16,2,10.0
RB03841,2023-03-19,TH-SOUTH,Sugarfree,extreme sports,90,632,49239.01,2,4.0
RB01249,2024-07-09,TH-NORTH,Tropical Edition,f1 sponsorship,85,376,25693.2,3,6.0
RB00293,2023-02-16,USA-WEST,Original Blue,Social Media,80,480,21866.27,1,6.0
RB01279,2024-06-30,TH-SOUTH,Krating Daeng 250,TV Ad,60,613,48497.43,2,8.0
RB00368,2023-05-23,USA-WEST,Red Edition,TV Ad,75,530,32658.19,2,5.0
RB05149,2024-02-22,TH-NORTH,Krating Daeng 250,extreme sports,60,541,20286.07,2,6.0
RB07252,2024-10-02,USA-EAST,Red Edition,in-store promo,75,519,52798.31,1,4.0
RB02770,2023-06-14,TH-CENTRAL,Sugarfree,in-store promo,90,603,24829.04,2,6.0
RB05289,2023-06-28,TH-CENTRAL,Red Edition,TV Ad,75,491,11302.18,2,8.0
RB05409,2023-11-12,EUROPE-EU,Tropical Edition,in-store promo,85,569,41360.37,2,8.0
RB00501,2024-03-19,TH-SOUTH,Original Blue,in-store promo,80,757,48290.4,2,3.0
RB03920,2023-05-27,TH-EAST,Krating Daeng 250,Social Media,60,464,18076.56,2,7.0
RB08586,2023-07-09,USA-EAST,Krating Daeng 250,f1 sponsorship,60,623,50839.28,1,6.0
RB06175,2023-12-22,EUROPE-EU,Krating Daeng 250,Social Media,60,287,18759.84,2,3.0
RB04850,2023-12-03,USA-WEST,Tropical Edition,extreme sports,85,586,27987.78,1,1.0
RB09349,2024-08-01,USA-WEST,Original Blue,TV Ad,80,649,12833.87,3,6.0
RB00879,2023-01-01,USA-EAST,Tropical Edition,f1 sponsorship,85,578,32658.19,3,6.0
RB01007,2024-10-03,EUROPE-EU,Krating Daeng 250,f1 sponsorship,60,609,39319.78,2,6.0
RB03434,2023-11-11,ASIA-PACIFIC,Sugarfree,in-store promo,90,451,33364.59,5,6.0
RB01176,2023-06-20,TH-NORTH,Red Edition,extreme sports,75,652,39962.81,1,7.0
RB02197,2024-12-31,TH-SOUTH,Original Blue,f1 sponsorship,80,822,55994.88,2,5.0
RB03280,2024-05-08,USA-WEST,Sugarfree,extreme sports,90,485,13539.77,0,3.0
RB08581,2023-05-01,TH-EAST,Original Blue,extreme sports,80,501,5660.53,3,6.0
RB08614,2023-08-02,EUROPE-EU,Sugarfree,extreme sports,90,621,26541.29,4,10.0
RB01696,2024-04-21,TH-CENTRAL,Red Edition,Social Media,75,521,54445.7,0,8.0
RB05806,2023-01-30,USA-WEST,Original Blue,f1 sponsorship,80,625,46716.09,2,10.0
RB07546,2024-01-14,TH-NORTH,Sugarfree,in-store promo,90,686,32658.19,3,5.0
RB04453,2024-11-05,USA-EAST,Sugarfree,extreme sports,90,703,21793.26,4,8.0
RB04555,2023-09-28,TH-NORTH,Original Blue,TV Ad,80,625,15776.27,5,5.0
RB01233,2023-04-08,TH-EAST,Red Edition,extreme sports,75,286,48405.1,2,4.0
RB03205,2023-07-17,TH-EAST,Tropical Edition,extreme sports,85,617,19688.92,2,3.0
RB00992,2024-05-22,USA-WEST,Krating Daeng 250,f1 sponsorship,60,571,32658.19,5,9.0
RB08218,2023-04-27,TH-EAST,Krating Daeng 250,TV Ad,60,556,38343.62,2,8.0
RB01308,2023-02-18,TH-CENTRAL,Original Blue,Social Media,80,380,28640.54,3,1.0
RB07989,2024-10-25,TH-NORTH,Sugarfree,extreme sports,90,429,28976.21,5,10.0
RB07323,2023-07-16,TH-CENTRAL,Tropical Edition,TV Ad,85,490,28599.07,3,10.0
RB06617,2023-11-13,USA-WEST,Krating Daeng 250,TV Ad,60,554,18425.09,2,9.0
RB02481,2024-06-01,TH-NORTH,Sugarfree,f1 sponsorship,90,604,28306.85,2,5.0
RB03501,2024-06-02,EUROPE-EU,Tropical Edition,Social Media,85,560,53082.66,0,6.0
RB03096,2024-08-29,USA-EAST,Tropical Edition,f1 sponsorship,85,732,23145.42,5,4.0
RB08116,2024-11-19,USA-WEST,Krating Daeng 250,f1 sponsorship,60,563,50553.71,2,6.0
RB06889,2023-12-30,TH-NORTH,Krating Daeng 250,in-store promo,60,488,16282.6,2,9.0
RB06980,2024-02-12,USA-WEST,Original Blue,extreme sports,80,535,12019.52,4,6.0
RB02388,2024-04-13,TH-EAST,Tropical Edition,TV Ad,85,650,32658.19,3,9.0
RB07530,2024-12-03,ASIA-PACIFIC,Sugarfree,in-store promo,90,528,43102.05,1,6.0
RB02743,2024-05-20,USA-EAST,Red Edition,f1 sponsorship,75,418,32321.22,4,7.0
RB05697,2023-04-23,USA-EAST,Original Blue,extreme sports,80,551,38659.03,0,6.0
RB02334,2024-05-18,ASIA-PACIFIC,Red Edition,in-store promo,75,485,10883.88,1,8.0
RB00812,2023-10-04,EUROPE-EU,Tropical Edition,TV Ad,85,588,48896.69,5,6.0
RB05998,2023-04-16,USA-WEST,Original Blue,in-store promo,80,583,15851.4,4,1.0
RB03245,2024-08-25,USA-WEST,Original Blue,f1 sponsorship,80,245,11944.43,3,6.0
RB01869,2024-04-09,TH-CENTRAL,Tropical Edition,f1 sponsorship,85,440,23125.42,3,10.0
RB03500,2023-12-15,TH-NORTH,Tropical Edition,Social Media,85,362,19378.75,1,5.0
RB07201,2024-08-27,ASIA-PACIFIC,Tropical Edition,in-store promo,85,579,15213.45,1,7.0
RB09251,2023-04-16,EUROPE-EU,Tropical Edition,in-store promo,85,479,59268.24,3,6.0
RB06693,2023-09-17,TH-SOUTH,Krating Daeng 250,TV Ad,60,574,31246.56,2,5.0
RB02037,2023-07-23,TH-NORTH,Red Edition,f1 sponsorship,75,509,10786.81,0,3.0
RB02746,2023-05-14,TH-CENTRAL,Tropical Edition,in-store promo,85,647,45012.88,0,6.0
RB01104,2024-10-05,TH-SOUTH,Red Edition,f1 sponsorship,75,448,19904.36,0,4.0
RB00861,2024-03-21,USA-EAST,Tropical Edition,TV Ad,85,616,39985.94,2,6.0
RB08645,2024-08-08,TH-CENTRAL,Red Edition,f1 sponsorship,75,616,25074.07,2,3.0
RB05553,2023-10-29,TH-SOUTH,Krating Daeng 250,extreme sports,60,596,5358.73,4,6.0
RB03727,2024-10-26,TH-NORTH,Sugarfree,TV Ad,90,685,55865.31,1,6.0
RB01494,2023-11-05,TH-EAST,Krating Daeng 250,in-store promo,60,472,50840.05,2,3.0
RB03762,2023-07-23,USA-WEST,Tropical Edition,in-store promo,85,466,44041.56,2,5.0
RB09497,2023-10-10,TH-CENTRAL,Tropical Edition,extreme sports,85,437,48327.82,1,7.0
RB01940,2024-11-02,ASIA-PACIFIC,Tropical Edition,f1 sponsorship,85,665,11489.45,3,10.0
RB03967,2023-12-24,TH-CENTRAL,Krating Daeng 250,TV Ad,60,636,29683.04,1,9.0
RB03572,2024-07-11,TH-SOUTH,Tropical Edition,extreme sports,85,549,56758.27,5,7.0
RB05692,2024-02-13,USA-EAST,Original Blue,extreme sports,80,554,25491.4,3,8.0
RB01881,2024-11-04,TH-NORTH,Sugarfree,TV Ad,90,524,44673.67,3,10.0
RB02714,2023-12-06,TH-NORTH,Sugarfree,extreme sports,90,683,40367.7,5,6.0
RB08458,2023-06-09,TH-SOUTH,Red Edition,Social Media,75,576,48718.89,4,6.0
RB09281,2023-12-24,TH-CENTRAL,Krating Daeng 250,extreme sports,60,514,28045.62,5,10.0
RB08767,2024-07-12,USA-WEST,Krating Daeng 250,in-store promo,60,550,47048.87,5,7.0
RB04214,2023-06-20,TH-NORTH,Tropical Edition,TV Ad,85,460,7049.56,1,9.0
RB04328,2023-08-19,USA-EAST,Krating Daeng 250,Social Media,60,525,45088.8,5,7.0
RB07864,2024-05-15,USA-EAST,Original Blue,Social Media,80,757,20718.13,1,10.0
RB02517,2023-08-30,USA-EAST,Krating Daeng 250,TV Ad,60,777,51522.68,1,5.0
RB08835,2024-08-25,TH-NORTH,Krating Daeng 250,in-store promo,60,744,55666.95,3,9.0
RB01837,2023-05-05,USA-WEST,Sugarfree,in-store promo,90,656,11946.73,2,8.0
RB07083,2023-04-08,ASIA-PACIFIC,Red Edition,Social Media,75,450,12594.08,0,7.0
RB05416,2023-09-06,EUROPE-EU,Tropical Edition,Social Media,85,618,28647.02,1,5.0
RB03277,2023-08-21,TH-CENTRAL,Sugarfree,in-store promo,90,820,32455.98,2,7.0
RB06011,2024-06-13,TH-CENTRAL,Original Blue,f1 sponsorship,80,275,22681.69,0,4.0
RB05224,2024-11-22,TH-CENTRAL,Krating Daeng 250,Social Media,60,731,41973.93,2,6.0
RB00739,2023-12-14,TH-NORTH,Original Blue,Social Media,80,444,42771.14,3,6.0
RB01893,2024-06-01,TH-CENTRAL,Red Edition,f1 sponsorship,75,532,32197.62,1,6.0
RB00298,2023-11-07,TH-NORTH,Red Edition,TV Ad,75,573,32658.19,0,7.0
RB09491,2023-01-13,USA-WEST,Tropical Edition,in-store promo,85,489,50095.19,4,6.0
RB08660,2023-07-02,TH-NORTH,Red Edition,f1 sponsorship,75,540,49744.86,3,4.0
RB05459,2023-10-17,USA-EAST,Sugarfree,TV Ad,90,696,47727.07,1,3.0
RB04893,2023-12-14,TH-SOUTH,Sugarfree,Social Media,90,715,23151.47,1,9.0
RB07570,2024-12-29,TH-EAST,Tropical Edition,TV Ad,85,539,58175.56,3,6.0
RB08758,2023-06-09,TH-EAST,Krating Daeng 250,TV Ad,60,607,57712.65,0,6.0
RB00094,2024-10-15,TH-NORTH,Original Blue,in-store promo,80,407,42829.38,0,3.0
RB06689,2024-10-10,TH-NORTH,Sugarfree,extreme sports,90,487,27105.65,3,7.0
RB03793,2023-05-24,TH-NORTH,Red Edition,TV Ad,75,552,38907.68,1,7.0
RB03656,2024-11-05,TH-NORTH,Sugarfree,f1 sponsorship,90,615,22592.67,2,4.0
RB08034,2023-01-05,TH-SOUTH,Krating Daeng 250,TV Ad,60,339,28091.78,2,3.0
RB05184,2023-05-02,TH-NORTH,Red Edition,TV Ad,75,661,45730.91,2,5.0
RB06021,2024-12-19,TH-EAST,Sugarfree,in-store promo,90,716,25920.01,0,6.0
RB01385,2023-08-13,TH-SOUTH,Tropical Edition,TV Ad,85,697,46441.49,1,7.0
RB02734,2023-06-14,TH-CENTRAL,Sugarfree,TV Ad,90,431,17465.16,2,6.0
RB07524,2024-11-28,ASIA-PACIFIC,Red Edition,Social Media,75,533,19941.39,0,6.0
RB06332,2023-12-24,ASIA-PACIFIC,Sugarfree,Social Media,90,640,49494.88,0,5.0
RB04458,2023-02-11,USA-EAST,Red Edition,in-store promo,75,653,13463.15,1,6.0
RB04528,2023-01-26,TH-NORTH,Krating Daeng 250,Social Media,60,617,19190.86,5,3.0
RB08477,2023-07-19,TH-SOUTH,Sugarfree,in-store promo,90,459,32658.19,4,9.0
RB04147,2024-07-04,TH-EAST,Original Blue,in-store promo,80,458,29931.15,5,4.0
RB01669,2024-02-06,ASIA-PACIFIC,Krating Daeng 250,TV Ad,60,578,49695.53,0,7.0
RB03581,2024-12-11,USA-EAST,Krating Daeng 250,f1 sponsorship,60,854,53642.7,3,5.0
RB01944,2023-09-03,TH-CENTRAL,Tropical Edition,TV Ad,85,641,46441.38,3,5.0
RB08442,2024-12-08,TH-CENTRAL,Red Edition,TV Ad,75,557,49605.12,0,8.0
RB05777,2024-04-22,TH-CENTRAL,Tropical Edition,f1 sponsorship,85,518,17756.53,3,6.0
RB01429,2023-10-18,TH-EAST,Original Blue,extreme sports,80,618,56706.09,3,6.0
RB04456,2024-06-08,TH-NORTH,Red Edition,extreme sports,75,601,15922.29,5,5.0
RB02994,2023-09-17,TH-CENTRAL,Krating Daeng 250,f1 sponsorship,60,417,48537.26,1,10.0
RB01583,2023-08-24,EUROPE-EU,Tropical Edition,TV Ad,85,369,44915.3,2,8.0
RB06452,2024-07-01,TH-CENTRAL,Krating Daeng 250,in-store promo,60,516,45856.81,1,6.0
RB09119,2023-05-13,USA-WEST,Krating Daeng 250,Social Media,60,545,48887.61,2,9.0
RB04054,2023-09-17,ASIA-PACIFIC,Red Edition,extreme sports,75,595,35583.78,2,6.0
RB03240-DUP,2023-05-15,TH-NORTH,Red Edition,TV Ad,75,602,54689.51,3,6.0
RB07195,2024-05-21,TH-CENTRAL,Original Blue,TV Ad,80,664,47754.34,3,5.0
RB07295,2024-01-24,TH-EAST,Tropical Edition,f1 sponsorship,85,569,36458.65,1,5.0
RB06746,2024-12-15,EUROPE-EU,Sugarfree,extreme sports,90,465,42164.41,3,9.0
RB08371,2024-09-06,EUROPE-EU,Tropical Edition,in-store promo,85,652,10253.27,1,4.0
RB02663,2023-03-22,TH-CENTRAL,Krating Daeng 250,Social Media,60,616,23873.32,1,9.0
RB04336,2023-12-21,TH-CENTRAL,Original Blue,extreme sports,80,456,28062.84,2,4.0
RB05391,2023-09-07,TH-EAST,Original Blue,Social Media,80,446,9283.86,0,2.0
RB02604,2023-10-25,TH-CENTRAL,Tropical Edition,Social Media,85,558,27943.71,2,8.0
RB04940,2024-01-16,TH-CENTRAL,Red Edition,extreme sports,75,479,58127.61,2,5.0
RB06976,2023-12-27,USA-EAST,Original Blue,Social Media,80,668,33424.63,1,9.0
RB07994,2024-03-25,TH-NORTH,Original Blue,extreme sports,80,669,49722.57,2,9.0
RB03466-DUP,2023-01-16,USA-EAST,Original Blue,TV Ad,80,497,42637.34,2,9.0
RB00259,2023-04-01,TH-NORTH,Original Blue,f1 sponsorship,80,849,40575.37,3,10.0
RB01495,2024-01-20,TH-NORTH,Krating Daeng 250,in-store promo,60,561,42129.78,2,6.0
RB08579,2023-06-17,EUROPE-EU,Original Blue,extreme sports,80,506,58474.1,3,4.0
RB08786,2024-11-27,TH-NORTH,Sugarfree,TV Ad,90,764,52075.22,2,6.0
RB08585,2024-09-12,USA-WEST,Sugarfree,f1 sponsorship,90,554,47605.77,5,5.0
RB04578,2024-05-05,TH-CENTRAL,Tropical Edition,Social Media,85,725,32853.22,5,7.0
RB06718,2024-09-06,ASIA-PACIFIC,Original Blue,extreme sports,80,258,13622.48,3,6.0
RB04643,2024-11-04,USA-EAST,Tropical Edition,in-store promo,85,568,57075.43,2,6.0
RB06127,2023-11-15,TH-SOUTH,Red Edition,in-store promo,75,727,14134.46,1,5.0
RB05050,2023-08-14,TH-SOUTH,Original Blue,Social Media,80,611,18348.76,2,7.0
RB07125,2023-04-01,EUROPE-EU,Sugarfree,f1 sponsorship,90,549,14721.93,3,10.0
RB03752,2024-03-01,TH-EAST,Red Edition,in-store promo,75,461,16311.58,3,8.0
RB07279,2023-05-02,TH-CENTRAL,Original Blue,f1 sponsorship,80,561,47646.08,2,7.0
RB00340,2024-10-04,TH-EAST,Sugarfree,f1 sponsorship,90,371,56744.96,2,6.0
RB04699,2023-08-07,TH-NORTH,Red Edition,in-store promo,75,506,20393.17,2,8.0
RB02145,2024-10-10,TH-NORTH,Krating Daeng 250,Social Media,60,469,57163.0,2,6.0
RB08504,2023-02-01,TH-CENTRAL,Original Blue,f1 sponsorship,80,653,25720.75,1,7.0
RB02566,2023-06-18,EUROPE-EU,Red Edition,f1 sponsorship,75,472,23718.96,1,4.0
RB09576,2023-12-12,TH-SOUTH,Original Blue,TV Ad,80,748,35753.16,2,5.0
RB01657,2023-03-23,USA-EAST,Tropical Edition,Social Media,85,496,15458.87,1,5.0
RB06398,2023-04-22,EUROPE-EU,Sugarfree,in-store promo,90,346,34130.82,2,10.0
RB05169,2024-09-10,TH-CENTRAL,Red Edition,f1 sponsorship,75,605,42528.17,3,7.0
RB05490,2023-06-09,USA-WEST,Red Edition,f1 sponsorship,75,672,31718.89,2,9.0
RB01210,2024-03-22,TH-CENTRAL,Original Blue,TV Ad,80,580,32658.19,38,6.0
RB05785,2023-07-16,TH-NORTH,Krating Daeng 250,f1 sponsorship,60,492,32489.54,5,8.0
RB03350,2024-07-09,TH-SOUTH,Sugarfree,extreme sports,90,619,11776.16,1,6.0
RB01670,2023-08-17,TH-SOUTH,Red Edition,extreme sports,75,703,5001.88,0,7.0
RB02348,2023-04-27,USA-EAST,Red Edition,Social Media,75,403,7863.22,0,7.0
RB00750,2024-08-29,EUROPE-EU,Original Blue,in-store promo,80,546,36319.66,3,6.0
RB03761,2023-05-06,USA-WEST,Krating Daeng 250,Social Media,60,275,44733.83,2,6.0
RB09290,2023-01-14,USA-EAST,Tropical Edition,TV Ad,85,521,18313.7,3,7.0
RB03783,2023-04-10,TH-SOUTH,Sugarfree,in-store promo,90,617,32658.19,3,10.0
RB00290,2023-11-01,TH-EAST,Krating Daeng 250,extreme sports,60,623,24895.08,1,2.0
RB05387,2023-06-27,EUROPE-EU,Sugarfree,TV Ad,90,484,44703.01,3,8.0
RB02124,2024-10-29,TH-NORTH,Red Edition,f1 sponsorship,75,387,33832.33,1,6.0
RB04036,2024-03-10,TH-NORTH,Krating Daeng 250,TV Ad,60,393,13590.46,4,3.0
RB05898,2023-04-22,TH-NORTH,Original Blue,f1 sponsorship,80,423,41052.46,3,6.0
RB02323,2024-11-24,TH-NORTH,Tropical Edition,TV Ad,85,711,56690.2,3,6.0
RB01635,2024-05-13,EUROPE-EU,Red Edition,f1 sponsorship,75,628,30405.79,3,6.0
RB03724,2024-11-01,TH-CENTRAL,Original Blue,TV Ad,80,541,56330.66,2,4.0
RB06205,2023-12-28,EUROPE-EU,Red Edition,TV Ad,75,624,14671.5,4,3.0
RB01304,2023-11-30,TH-CENTRAL,Red Edition,TV Ad,75,422,23432.9,3,7.0
RB08920,2023-03-17,TH-CENTRAL,Red Edition,Social Media,75,510,10679.41,5,5.0
RB00043,2023-08-02,TH-EAST,Original Blue,Social Media,80,564,32658.19,5,6.0
RB05290,2023-06-05,TH-CENTRAL,Red Edition,extreme sports,75,476,32658.19,2,9.0
RB09327,2024-06-05,USA-EAST,Sugarfree,in-store promo,90,577,28870.54,2,3.0
RB04942,2024-01-30,ASIA-PACIFIC,Sugarfree,in-store promo,90,558,38720.43,0,5.0
RB00118,2023-07-30,EUROPE-EU,Original Blue,f1 sponsorship,80,641,47252.59,1,6.0
RB02617,2024-05-31,TH-NORTH,Original Blue,Social Media,80,559,42377.72,5,6.0
RB08626,2024-11-28,TH-SOUTH,Red Edition,TV Ad,75,511,20225.65,1,6.0
RB05847,2024-07-09,TH-SOUTH,Sugarfree,extreme sports,90,362,59507.02,2,3.0
RB03421,2024-08-14,EUROPE-EU,Original Blue,extreme sports,80,469,8466.12,3,6.0
RB08529,2023-08-27,USA-WEST,Tropical Edition,TV Ad,85,555,17243.06,3,2.0
RB09409,2023-07-02,TH-NORTH,Krating Daeng 250,f1 sponsorship,60,760,18518.65,5,7.0
RB02664,2024-05-02,USA-WEST,Original Blue,in-store promo,80,501,41909.67,5,8.0
RB08952,2023-03-29,USA-EAST,Tropical Edition,extreme sports,85,395,35240.42,2,7.0
RB04649,2024-10-17,TH-NORTH,Sugarfree,Social Media,90,622,14856.99,2,8.0
RB06574,2024-12-15,TH-NORTH,Tropical Edition,TV Ad,85,696,33309.93,3,6.0
RB01660,2024-04-20,USA-EAST,Original Blue,f1 sponsorship,80,692,24220.44,1,8.0
RB04393,2023-04-03,TH-CENTRAL,Red Edition,TV Ad,75,513,46650.86,2,10.0
RB06965,2023-08-06,ASIA-PACIFIC,Tropical Edition,in-store promo,85,419,19564.67,3,7.0
RB04554,2024-02-02,TH-CENTRAL,Red Edition,Social Media,75,492,7253.34,2,9.0
RB07054,2023-02-14,TH-EAST,Sugarfree,Social Media,90,407,28564.98,3,6.0
RB01008,2023-04-22,TH-CENTRAL,Original Blue,in-store promo,80,578,24666.1,2,6.0
RB02740,2023-04-07,TH-SOUTH,Krating Daeng 250,Social Media,60,650,21985.25,2,8.0
RB04811,2023-06-07,TH-CENTRAL,Tropical Edition,f1 sponsorship,85,789,28775.82,3,7.0
RB06522,2023-09-24,TH-SOUTH,Red Edition,in-store promo,75,506,45332.06,2,5.0
RB08451,2023-04-30,TH-NORTH,Red Edition,in-store promo,75,517,40749.64,5,10.0
RB03493,2023-10-25,TH-NORTH,Red Edition,Social Media,75,488,40007.36,5,6.0
RB05081,2023-03-16,EUROPE-EU,Tropical Edition,extreme sports,85,559,29439.37,1,10.0
RB00105,2024-05-29,USA-WEST,Red Edition,f1 sponsorship,75,682,23525.35,1,3.0
RB00228,2024-03-19,EUROPE-EU,Tropical Edition,TV Ad,85,416,32170.76,0,9.0
RB09174,2024-11-15,ASIA-PACIFIC,Tropical Edition,TV Ad,85,600,50649.63,2,3.0
RB08716,2023-06-30,TH-CENTRAL,Sugarfree,extreme sports,90,680,31394.16,1,6.0
RB06477,2024-01-30,TH-NORTH,Original Blue,extreme sports,80,440,10284.44,1,6.0
RB06720,2023-06-24,EUROPE-EU,Red Edition,in-store promo,75,525,27158.15,4,6.0
RB05593,2024-02-20,TH-EAST,Original Blue,extreme sports,80,751,46496.94,2,5.0
RB03788,2023-04-14,TH-CENTRAL,Tropical Edition,TV Ad,85,535,36136.17,3,4.0
RB02092,2024-01-14,ASIA-PACIFIC,Tropical Edition,Social Media,85,590,40687.86,1,9.0
RB01082,2023-04-24,TH-EAST,Krating Daeng 250,in-store promo,60,458,37259.51,1,6.0
RB09028,2023-07-18,TH-NORTH,Tropical Edition,extreme sports,85,685,8905.29,2,10.0
RB08856,2024-08-18,EUROPE-EU,Krating Daeng 250,extreme sports,60,496,52288.38,1,9.0
RB04621,2023-06-12,ASIA-PACIFIC,Original Blue,extreme sports,80,317,27842.36,4,9.0
RB04148,2023-07-06,USA-WEST,Sugarfree,extreme sports,90,669,30688.24,1,6.0
RB02008,2024-10-16,USA-EAST,Tropical Edition,f1 sponsorship,85,623,30777.53,2,8.0
RB05729,2023-03-14,TH-EAST,Sugarfree,in-store promo,90,261,47441.96,4,7.0
RB07185,2024-08-30,TH-NORTH,Sugarfree,Social Media,90,562,32470.83,1,8.0
RB00262-DUP,2023-04-13,USA-WEST,Red Edition,extreme sports,75,545,48406.28,1,10.0
RB04010,2023-04-15,TH-NORTH,Tropical Edition,in-store promo,85,979,42670.14,2,4.0
RB07787,2023-07-22,TH-NORTH,Original Blue,Social Media,80,691,34406.76,2,6.0
RB00381,2023-06-07,EUROPE-EU,Tropical Edition,in-store promo,85,562,51130.2,0,7.0
RB07294,2024-04-01,EUROPE-EU,Original Blue,extreme sports,80,426,45214.01,3,4.0
RB07916,2024-10-11,EUROPE-EU,Sugarfree,TV Ad,90,603,25332.02,2,9.0
RB06459,2023-11-27,TH-EAST,Red Edition,Social Media,75,689,30114.02,1,5.0
RB02105,2024-01-09,TH-NORTH,Red Edition,in-store promo,75,569,45532.39,5,5.0
RB04785,2023-05-31,TH-CENTRAL,Sugarfree,in-store promo,90,517,44330.22,2,4.0
RB05802,2023-10-21,TH-NORTH,Red Edition,Social Media,75,407,57453.78,5,6.0
RB04068,2024-01-12,USA-EAST,Red Edition,f1 sponsorship,75,657,32658.19,2,2.0
RB03835,2024-09-21,USA-EAST,Tropical Edition,in-store promo,85,528,50284.63,3,6.0
RB00758,2023-03-14,TH-NORTH,Sugarfree,TV Ad,90,503,7241.41,1,1.0
RB02045,2024-04-17,EUROPE-EU,Krating Daeng 250,f1 sponsorship,60,817,40564.8,1,6.0
RB06305-DUP,2024-08-31,TH-NORTH,Krating Daeng 250,Social Media,60,486,6379.53,0,7.0
RB04859,2023-04-20,TH-NORTH,Tropical Edition,Social Media,85,681,33560.3,2,7.0
RB07010,2024-02-03,USA-EAST,Tropical Edition,extreme sports,85,608,10370.46,5,10.0
RB08543,2024-08-12,EUROPE-EU,Original Blue,extreme sports,80,562,36257.16,2,7.0
RB03517,2024-03-23,ASIA-PACIFIC,Krating Daeng 250,f1 sponsorship,60,527,37112.6,5,6.0
RB07431,2024-12-27,TH-CENTRAL,Tropical Edition,Social Media,85,610,55724.7,2,9.0
RB02379,2024-07-02,EUROPE-EU,Sugarfree,Social Media,90,504,59494.28,5,4.0
RB02075,2024-04-13,TH-CENTRAL,Red Edition,in-store promo,75,577,34857.35,1,7.0
RB07006,2024-03-19,TH-EAST,Original Blue,TV Ad,80,634,11794.9,1,3.0
RB05573,2024-05-03,TH-NORTH,Tropical Edition,Social Media,85,526,15251.62,2,9.0
RB03691,2023-03-18,TH-EAST,Original Blue,in-store promo,80,735,32658.19,2,6.0
RB08575,2023-10-24,TH-NORTH,Red Edition,Social Media,75,462,43287.89,2,6.0
RB01769,2023-01-08,USA-WEST,Red Edition,f1 sponsorship,75,701,31376.07,4,6.0
RB05752,2024-01-26,EUROPE-EU,Sugarfree,in-store promo,90,606,42212.22,1,6.0
RB09594,2024-12-22,TH-CENTRAL,Red Edition,f1 sponsorship,75,330,42844.1,2,10.0
RB04993,2024-10-18,EUROPE-EU,Original Blue,TV Ad,80,517,33348.57,2,2.0
RB07229,2023-05-31,TH-CENTRAL,Krating Daeng 250,in-store promo,60,345,55632.01,4,3.0
RB04767,2024-02-24,TH-SOUTH,Sugarfree,Social Media,90,621,55456.23,2,7.0
RB06984,2023-09-15,USA-WEST,Krating Daeng 250,TV Ad,60,546,42317.03,1,6.0
RB08449-DUP,2023-11-25,TH-CENTRAL,Sugarfree,TV Ad,90,565,45849.21,4,4.0
RB08127,2023-12-09,USA-EAST,Krating Daeng 250,f1 sponsorship,60,372,5399.84,4,6.0
RB03106,2024-03-30,USA-EAST,Red Edition,Social Media,75,529,34057.59,2,6.0
RB03626,2024-02-21,USA-EAST,Sugarfree,TV Ad,90,670,6717.32,5,6.0
RB08649,2024-08-22,USA-EAST,Sugarfree,TV Ad,90,398,5205.99,2,2.0
RB08759,2023-02-27,TH-CENTRAL,Original Blue,in-store promo,80,536,59881.33,1,7.0
RB06559,2024-05-12,EUROPE-EU,Red Edition,TV Ad,75,440,12482.32,5,6.0
RB06221,2024-10-15,TH-CENTRAL,Sugarfree,TV Ad,90,769,58278.92,1,5.0
RB01222,2024-05-27,USA-WEST,Krating Daeng 250,in-store promo,60,489,28716.43,5,5.0
RB09419,2023-12-10,TH-NORTH,Red Edition,extreme sports,75,620,9825.28,5,4.0
RB04845,2024-07-10,TH-EAST,Sugarfree,in-store promo,90,591,50740.7,2,7.0
RB05920,2023-08-09,TH-NORTH,Tropical Edition,TV Ad,85,655,16428.61,2,9.0
RB09565,2024-10-20,EUROPE-EU,Krating Daeng 250,in-store promo,60,224,14452.02,1,5.0
RB09439,2024-02-18,TH-NORTH,Red Edition,f1 sponsorship,75,414,43584.94,3,5.0
RB06052,2024-12-19,TH-CENTRAL,Tropical Edition,f1 sponsorship,85,551,36339.13,2,8.0
RB07117,2023-07-23,TH-CENTRAL,Sugarfree,extreme sports,90,384,55207.44,0,6.0
RB00455,2023-11-15,TH-EAST,Tropical Edition,Social Media,85,666,16566.34,2,8.0
RB06255,2023-04-02,USA-WEST,Sugarfree,extreme sports,90,694,33790.44,2,6.0
RB03707,2024-03-20,EUROPE-EU,Tropical Edition,f1 sponsorship,85,637,15797.92,3,4.0
RB08863,2024-08-24,TH-CENTRAL,Tropical Edition,f1 sponsorship,85,649,54001.04,3,6.0
RB00648,2023-12-26,USA-EAST,Krating Daeng 250,TV Ad,60,674,50226.83,1,7.0
RB04185,2024-04-09,TH-EAST,Red Edition,TV Ad,75,612,12937.4,2,6.0
RB06605,2023-09-12,TH-CENTRAL,Sugarfree,in-store promo,90,713,18300.13,0,10.0
RB08146,2023-12-25,EUROPE-EU,Original Blue,TV Ad,80,527,13685.21,3,7.0
RB06256,2023-05-21,TH-EAST,Sugarfree,extreme sports,90,480,58182.24,4,6.0
RB04215,2024-05-04,USA-WEST,Red Edition,extreme sports,75,565,49849.96,2,6.0
RB07512,2023-03-09,USA-WEST,Krating Daeng 250,in-store promo,60,673,52195.49,3,6.0
RB04616,2023-08-15,TH-CENTRAL,Red Edition,extreme sports,75,514,19974.33,3,3.0
RB06313,2024-01-07,TH-CENTRAL,Red Edition,Social Media,75,569,53189.21,1,5.0
RB05522,2023-11-06,USA-WEST,Sugarfree,extreme sports,90,418,18882.63,2,8.0
RB08577,2024-02-25,TH-SOUTH,Original Blue,extreme sports,80,454,14234.51,2,7.0
RB02360,2024-04-23,USA-WEST,Krating Daeng 250,Social Media,60,542,35830.66,3,6.0
RB09313,2023-04-28,ASIA-PACIFIC,Sugarfree,Social Media,90,710,39119.62,4,9.0
RB08686,2023-06-11,TH-NORTH,Tropical Edition,f1 sponsorship,85,550,8892.0,3,6.0
RB01062,2023-06-07,TH-EAST,Krating Daeng 250,in-store promo,60,520,32658.19,5,3.0
RB03577,2023-08-12,ASIA-PACIFIC,Original Blue,extreme sports,80,431,48992.4,3,4.0
RB05239,2024-03-24,USA-WEST,Sugarfree,f1 sponsorship,90,479,11460.28,2,10.0
RB01655,2024-03-10,TH-CENTRAL,Red Edition,in-store promo,75,615,8311.27,2,4.0
RB04558,2024-02-08,USA-EAST,Krating Daeng 250,Social Media,60,542,32045.37,2,6.0
RB06145,2023-01-28,USA-EAST,Red Edition,f1 sponsorship,75,673,32658.19,2,10.0
RB08358,2023-04-04,TH-NORTH,Original Blue,in-store promo,80,473,32983.6,4,3.0
RB06437,2024-12-20,TH-SOUTH,Tropical Edition,Social Media,85,325,41939.07,5,7.0
RB02823,2023-09-30,TH-EAST,Krating Daeng 250,Social Media,60,383,7860.48,1,9.0
RB03739,2023-05-09,TH-CENTRAL,Krating Daeng 250,TV Ad,60,703,7316.43,2,7.0
RB05794,2023-05-22,TH-NORTH,Sugarfree,extreme sports,90,524,57294.73,1,4.0
RB03820,2024-08-26,TH-NORTH,Original Blue,f1 sponsorship,80,488,38574.75,0,7.0
RB01863,2023-04-24,USA-EAST,Krating Daeng 250,f1 sponsorship,60,417,15217.02,2,5.0
RB01979-DUP,2024-01-10,USA-EAST,Original Blue,Social Media,80,758,58508.45,1,4.0
RB04333,2024-09-09,TH-CENTRAL,Red Edition,f1 sponsorship,75,489,51915.44,5,3.0
RB06216,2023-01-07,TH-NORTH,Original Blue,extreme sports,80,524,15279.99,2,3.0
RB05597,2023-06-19,TH-CENTRAL,Tropical Edition,in-store promo,85,954,32697.64,2,8.0
RB02748,2023-01-18,TH-SOUTH,Sugarfree,in-store promo,90,666,38812.91,3,3.0
RB05306,2024-06-25,EUROPE-EU,Original Blue,in-store promo,80,421,44452.8,2,6.0
RB08828,2023-11-28,USA-WEST,Tropical Edition,extreme sports,85,498,39688.73,2,10.0
RB02573,2023-04-02,TH-SOUTH,Krating Daeng 250,extreme sports,60,419,38935.18,3,9.0
RB06142,2023-10-01,TH-CENTRAL,Original Blue,TV Ad,80,524,13182.16,1,7.0
RB01132,2023-12-08,EUROPE-EU,Krating Daeng 250,Social Media,60,680,50585.78,5,7.0
RB01003,2024-02-09,TH-CENTRAL,Tropical Edition,TV Ad,85,435,11791.16,3,6.0
RB05193,2023-05-06,TH-EAST,Krating Daeng 250,Social Media,60,678,14433.01,1,7.0
RB04401,2023-04-13,USA-WEST,Red Edition,Social Media,75,533,58550.77,3,5.0
RB02404,2024-09-29,TH-EAST,Tropical Edition,f1 sponsorship,85,496,30931.1,0,8.0
RB08775,2023-05-28,TH-NORTH,Sugarfree,f1 sponsorship,90,682,27511.6,3,3.0
RB01929-DUP,2023-07-11,TH-NORTH,Original Blue,in-store promo,80,515,58528.1,3,6.0
RB03789,2023-01-09,TH-CENTRAL,Original Blue,in-store promo,80,656,13074.5,3,3.0
RB05869,2023-03-22,TH-CENTRAL,Sugarfree,TV Ad,90,378,17386.32,2,4.0
RB04592,2024-09-14,TH-SOUTH,Original Blue,TV Ad,80,629,9710.71,1,6.0
RB09405,2023-04-22,TH-SOUTH,Sugarfree,in-store promo,90,622,53439.43,2,2.0
RB04504,2023-06-05,TH-EAST,Sugarfree,in-store promo,90,416,19351.46,5,7.0
RB02775,2023-03-30,TH-EAST,Original Blue,in-store promo,80,663,47021.39,2,10.0
RB00374,2023-06-02,TH-CENTRAL,Krating Daeng 250,extreme sports,60,495,43385.84,3,4.0
RB08993,2024-01-12,EUROPE-EU,Tropical Edition,TV Ad,85,510,20146.05,4,8.0
RB00535,2023-02-28,EUROPE-EU,Tropical Edition,f1 sponsorship,85,585,6145.61,1,6.0
RB05086,2024-07-22,TH-EAST,Original Blue,f1 sponsorship,80,501,31941.22,1,2.0
RB06333,2024-05-08,TH-CENTRAL,Tropical Edition,f1 sponsorship,85,386,7412.55,5,3.0
RB04585,2024-01-26,USA-WEST,Sugarfree,f1 sponsorship,90,548,14066.76,2,6.0
RB03635,2023-12-22,TH-EAST,Tropical Edition,Social Media,85,633,32155.14,1,6.0
RB03311-DUP,2024-11-02,USA-EAST,Original Blue,in-store promo,80,468,52756.81,4,9.0
RB00084,2023-10-29,ASIA-PACIFIC,Original Blue,in-store promo,80,620,6053.17,0,6.0
RB03288,2024-10-12,EUROPE-EU,Krating Daeng 250,Social Media,60,862,14110.12,3,5.0
RB03801,2023-05-10,EUROPE-EU,Krating Daeng 250,in-store promo,60,701,52627.08,5,8.0
RB02101,2024-02-29,TH-NORTH,Krating Daeng 250,Social Media,60,651,8355.18,0,6.0
RB02648,2024-10-12,TH-CENTRAL,Krating Daeng 250,extreme sports,60,706,18721.67,3,9.0
RB04524,2024-06-30,EUROPE-EU,Sugarfree,f1 sponsorship,90,553,47721.54,5,1.0
RB09085,2023-02-08,USA-EAST,Krating Daeng 250,TV Ad,60,627,12697.61,0,6.0
RB09287,2024-07-25,TH-NORTH,Tropical Edition,f1 sponsorship,85,476,16647.63,1,4.0
RB02262,2023-03-30,TH-EAST,Tropical Edition,Social Media,85,545,25183.98,2,6.0
RB04052,2023-08-16,USA-WEST,Sugarfree,in-store promo,90,611,11249.03,4,2.0
RB00856,2023-12-25,USA-EAST,Original Blue,extreme sports,80,474,5783.65,2,6.0
RB08156,2023-07-16,TH-NORTH,Sugarfree,f1 sponsorship,90,580,29421.8,1,9.0
RB09150,2024-05-28,TH-CENTRAL,Tropical Edition,extreme sports,85,457,7669.87,4,8.0
RB06609,2024-07-14,TH-NORTH,Original Blue,f1 sponsorship,80,481,54522.41,3,5.0
RB02527,2024-12-05,USA-EAST,Sugarfree,extreme sports,90,591,15342.33,5,9.0
RB00946,2023-02-02,TH-EAST,Original Blue,TV Ad,80,720,8218.97,3,10.0
RB08392,2024-05-09,EUROPE-EU,Krating Daeng 250,in-store promo,60,431,8185.71,2,8.0
RB08327,2023-06-22,EUROPE-EU,Krating Daeng 250,TV Ad,60,511,51053.38,0,7.0
RB00869,2024-08-15,TH-EAST,Original Blue,TV Ad,80,495,35724.14,1,9.0
RB07712,2023-06-12,USA-EAST,Original Blue,f1 sponsorship,80,592,42238.44,2,5.0
RB02370,2024-09-05,USA-EAST,Red Edition,TV Ad,75,602,32366.23,1,6.0
RB07209,2024-12-07,USA-EAST,Sugarfree,extreme sports,90,452,15374.49,1,7.0
RB05361,2023-09-08,TH-CENTRAL,Sugarfree,extreme sports,90,750,51653.1,2,6.0
RB05991,2023-04-09,TH-EAST,Tropical Edition,TV Ad,85,558,19861.03,0,8.0
RB01445,2023-12-14,TH-EAST,Original Blue,Social Media,80,595,31584.1,5,10.0
RB00689,2023-02-11,EUROPE-EU,Original Blue,Social Media,80,206,35479.4,5,6.0
RB01251,2024-11-14,USA-WEST,Red Edition,f1 sponsorship,75,482,59299.27,2,6.0
RB08820,2023-03-06,TH-EAST,Krating Daeng 250,TV Ad,60,618,40356.51,1,6.0
RB06186,2023-11-05,USA-WEST,Sugarfree,in-store promo,90,645,56103.55,2,6.0
RB05662,2023-09-30,TH-NORTH,Red Edition,extreme sports,75,558,52174.75,2,5.0
RB05968,2023-07-21,TH-NORTH,Krating Daeng 250,TV Ad,60,550,56263.73,1,5.0
RB06161,2024-12-20,EUROPE-EU,Sugarfree,in-store promo,90,606,59816.07,1,9.0
RB08419,2024-01-14,TH-NORTH,Tropical Edition,f1 sponsorship,85,666,59268.1,3,9.0
RB02645,2024-10-04,TH-EAST,Red Edition,f1 sponsorship,75,765,16433.92,1,6.0
RB04537,2024-07-12,TH-CENTRAL,Krating Daeng 250,f1 sponsorship,60,624,51872.81,1,9.0
RB04749,2024-02-25,ASIA-PACIFIC,Red Edition,in-store promo,75,547,57506.29,4,5.0
RB02723,2024-05-03,TH-NORTH,Red Edition,extreme sports,75,536,48080.73,2,6.0
RB07309,2024-07-03,TH-SOUTH,Original Blue,extreme sports,80,567,16308.21,1,1.0
RB04526,2023-09-23,TH-SOUTH,Tropical Edition,TV Ad,85,755,40754.25,2,8.0
RB09176,2024-06-27,USA-WEST,Krating Daeng 250,Social Media,60,439,26705.46,3,9.0
RB05100,2024-06-24,USA-EAST,Krating Daeng 250,f1 sponsorship,60,694,10221.55,3,6.0
RB03116,2023-06-01,TH-CENTRAL,Tropical Edition,in-store promo,85,674,27000.9,2,5.0
RB04192,2024-07-12,TH-NORTH,Red Edition,f1 sponsorship,75,594,9759.05,2,3.0
RB05370,2023-01-08,TH-SOUTH,Red Edition,Social Media,75,677,25467.35,0,2.0
RB09484,2024-08-20,USA-EAST,Sugarfree,extreme sports,90,616,26484.43,2,8.0
RB06136,2024-07-06,EUROPE-EU,Original Blue,in-store promo,80,467,20059.39,5,5.0
RB07707,2024-01-03,EUROPE-EU,Original Blue,TV Ad,80,256,38491.91,1,6.0
RB00400,2023-08-13,ASIA-PACIFIC,Tropical Edition,TV Ad,85,525,34256.35,1,3.0
RB00964,2024-04-16,TH-CENTRAL,Original Blue,Social Media,80,516,49990.21,0,7.0
RB06067,2023-01-02,USA-EAST,Red Edition,f1 sponsorship,75,737,34674.18,3,5.0
RB02128,2024-11-10,ASIA-PACIFIC,Red Edition,f1 sponsorship,75,459,56597.91,3,6.0
RB03368,2024-09-17,TH-CENTRAL,Tropical Edition,extreme sports,85,518,47920.45,1,6.0
RB05357,2023-11-23,TH-NORTH,Krating Daeng 250,in-store promo,60,343,31440.66,2,8.0
RB03144,2023-01-28,TH-CENTRAL,Tropical Edition,Social Media,85,454,50011.5,0,7.0
RB00185,2023-05-01,TH-CENTRAL,Krating Daeng 250,TV Ad,60,521,31165.08,0,8.0
RB06114,2024-01-18,TH-CENTRAL,Tropical Edition,f1 sponsorship,85,621,22081.57,2,3.0
RB03747,2023-04-30,ASIA-PACIFIC,Original Blue,in-store promo,80,691,31727.37,2,6.0
RB05666,2023-05-09,TH-CENTRAL,Tropical Edition,Social Media,85,663,17616.46,3,10.0
RB00184,2023-12-05,TH-CENTRAL,Tropical Edition,Social Media,85,489,58489.48,0,7.0
RB02206,2024-05-15,TH-NORTH,Krating Daeng 250,extreme sports,60,553,28754.62,3,8.0
RB06120,2023-05-07,TH-NORTH,Sugarfree,TV Ad,90,475,37735.36,0,9.0
RB03398,2024-08-07,TH-CENTRAL,Krating Daeng 250,extreme sports,60,541,32658.19,1,6.0
RB05995,2024-12-08,TH-EAST,Tropical Edition,in-store promo,85,734,14232.82,2,6.0
RB02784,2024-07-02,EUROPE-EU,Original Blue,TV Ad,80,641,26199.78,3,5.0
RB06750,2023-01-20,TH-EAST,Sugarfree,in-store promo,90,557,27493.92,4,8.0
RB03138,2023-02-22,ASIA-PACIFIC,Red Edition,in-store promo,75,565,36844.98,2,6.0
RB04226,2024-08-16,USA-EAST,Tropical Edition,TV Ad,85,727,28311.39,3,7.0
RB01183,2023-02-27,TH-NORTH,Sugarfree,TV Ad,90,629,13698.18,2,9.0
RB09469,2024-12-11,TH-CENTRAL,Sugarfree,Social Media,90,520,46253.27,2,3.0
RB07587,2023-12-21,TH-NORTH,Sugarfree,f1 sponsorship,90,516,20404.46,1,7.0
RB01430,2024-04-16,TH-NORTH,Tropical Edition,TV Ad,85,315,28164.84,5,8.0
RB06244,2024-09-07,USA-EAST,Tropical Edition,in-store promo,85,316,14804.59,1,4.0
RB01953,2023-04-06,USA-EAST,Original Blue,TV Ad,80,780,32658.19,1,3.0
RB03481,2023-07-09,TH-SOUTH,Sugarfree,in-store promo,90,509,26991.03,2,6.0
RB03599,2023-08-31,EUROPE-EU,Original Blue,extreme sports,80,435,31475.11,1,9.0
RB09590,2023-01-26,USA-EAST,Sugarfree,TV Ad,90,952,54135.56,2,4.0
RB09566,2024-05-17,TH-CENTRAL,Krating Daeng 250,extreme sports,60,300,42653.91,0,3.0
RB05526,2023-08-20,USA-EAST,Original Blue,extreme sports,80,734,44643.1,1,10.0
RB08044,2024-11-21,USA-WEST,Tropical Edition,in-store promo,85,392,30760.44,4,5.0
RB07812,2023-12-25,TH-CENTRAL,Original Blue,in-store promo,80,592,31892.15,5,9.0
RB02679,2024-04-15,EUROPE-EU,Red Edition,TV Ad,75,556,25407.44,0,4.0
RB08874,2023-05-05,TH-NORTH,Tropical Edition,TV Ad,85,631,14418.63,1,5.0
RB07299,2024-02-22,TH-CENTRAL,Krating Daeng 250,TV Ad,60,428,32658.19,2,9.0
RB03679,2024-03-07,EUROPE-EU,Original Blue,f1 sponsorship,80,503,41576.08,5,2.0
RB03363,2023-12-15,USA-EAST,Krating Daeng 250,TV Ad,60,689,56298.65,3,9.0
RB03241,2023-07-03,ASIA-PACIFIC,Red Edition,in-store promo,75,544,19707.03,0,6.0
RB05860,2024-04-26,EUROPE-EU,Original Blue,f1 sponsorship,80,485,49761.67,1,8.0
RB08065,2023-12-28,USA-WEST,Tropical Edition,f1 sponsorship,85,437,25051.09,3,6.0
RB01810,2024-01-13,EUROPE-EU,Tropical Edition,Social Media,85,609,29654.94,1,8.0
RB01935,2024-09-15,TH-CENTRAL,Krating Daeng 250,f1 sponsorship,60,421,41123.3,2,4.0
RB00142,2024-10-05,TH-NORTH,Sugarfree,extreme sports,90,552,44407.95,1,7.0
RB00159,2024-11-22,TH-NORTH,Sugarfree,in-store promo,90,680,55421.25,0,2.0
RB00870,2024-12-06,TH-CENTRAL,Original Blue,TV Ad,80,411,50941.47,1,7.0
RB05707,2023-08-09,USA-WEST,Krating Daeng 250,extreme sports,60,496,39386.51,2,7.0
RB01203,2023-07-12,TH-EAST,Tropical Edition,TV Ad,85,663,29383.74,2,7.0
RB08428,2023-07-28,USA-WEST,Tropical Edition,Social Media,85,351,32658.19,1,7.0
RB07095,2023-01-17,EUROPE-EU,Tropical Edition,TV Ad,85,697,16682.67,2,7.0
RB01125,2024-10-26,USA-EAST,Krating Daeng 250,TV Ad,60,259,10084.82,3,9.0
RB02017,2024-07-25,TH-NORTH,Red Edition,extreme sports,75,633,31054.74,2,9.0
RB01195,2024-09-30,USA-EAST,Sugarfree,extreme sports,90,522,16803.38,2,10.0
RB06013,2024-04-29,USA-EAST,Original Blue,Social Media,80,297,11458.06,4,6.0
RB03722,2024-03-31,TH-SOUTH,Krating Daeng 250,extreme sports,60,267,22594.64,3,6.0
RB07945,2023-04-17,USA-EAST,Red Edition,in-store promo,75,751,34758.97,5,6.0
RB02277,2023-09-16,TH-NORTH,Krating Daeng 250,Social Media,60,720,51152.04,2,8.0
RB05293,2023-03-28,TH-CENTRAL,Sugarfree,TV Ad,90,611,45119.29,3,2.0
RB05800-DUP,2024-05-04,USA-EAST,Tropical Edition,Social Media,85,11842,19949.63,2,8.0
RB06615,2024-04-12,TH-EAST,Krating Daeng 250,in-store promo,60,653,51736.85,3,10.0
RB06666,2024-12-12,TH-CENTRAL,Krating Daeng 250,TV Ad,60,582,15985.76,3,2.0
RB01883,2023-07-21,USA-WEST,Krating Daeng 250,TV Ad,60,445,29692.11,0,10.0
RB01710-DUP,2024-09-16,TH-CENTRAL,Krating Daeng 250,f1 sponsorship,60,593,13322.91,2,5.0
RB02914,2024-04-10,EUROPE-EU,Sugarfree,f1 sponsorship,90,534,36361.85,1,7.0
RB01939,2024-11-11,USA-WEST,Red Edition,extreme sports,75,628,44659.52,0,5.0
RB06672,2024-12-24,TH-CENTRAL,Tropical Edition,extreme sports,85,606,40849.13,3,3.0
RB01758,2024-04-04,EUROPE-EU,Red Edition,extreme sports,75,598,7800.72,1,6.0
RB06408,2023-01-09,TH-EAST,Tropical Edition,TV Ad,85,478,44418.99,1,7.0
RB09324,2023-04-03,TH-EAST,Sugarfree,in-store promo,90,607,27259.93,1,6.0
RB01632,2024-04-15,TH-NORTH,Red Edition,extreme sports,75,473,32348.27,1,8.0
RB08748,2023-04-01,TH-CENTRAL,Red Edition,Social Media,75,695,30186.89,5,6.0
RB01859,2023-09-12,TH-CENTRAL,Krating Daeng 250,in-store promo,60,471,43128.8,2,10.0
RB07440,2024-02-06,USA-EAST,Original Blue,f1 sponsorship,80,595,30144.18,4,3.0
RB09017,2024-09-07,TH-NORTH,Red Edition,extreme sports,75,824,31750.07,2,5.0
RB04123,2024-03-03,TH-CENTRAL,Krating Daeng 250,in-store promo,60,440,18087.61,4,2.0
RB08240-DUP,2023-02-24,USA-EAST,Krating Daeng 250,in-store promo,60,12818,23644.99,2,9.0
RB05747,2024-08-09,USA-WEST,Red Edition,extreme sports,75,743,57262.37,3,4.0
RB05332,2023-03-13,TH-CENTRAL,Krating Daeng 250,f1 sponsorship,60,589,38874.47,5,9.0
RB01397,2023-04-27,USA-WEST,Krating Daeng 250,f1 sponsorship,60,500,46636.16,3,6.0
RB01659,2024-04-06,TH-CENTRAL,Original Blue,extreme sports,80,483,15865.45,1,6.0
RB09575,2024-05-27,EUROPE-EU,Tropical Edition,f1 sponsorship,85,216,15709.34,2,1.0
RB07680,2023-06-29,TH-CENTRAL,Tropical Edition,TV Ad,85,720,16879.95,2,10.0
RB02279,2024-11-07,TH-CENTRAL,Sugarfree,extreme sports,90,461,14330.36,3,6.0
RB05172,2023-12-03,TH-NORTH,Sugarfree,TV Ad,90,767,17503.08,5,5.0
RB05739,2023-04-30,TH-CENTRAL,Krating Daeng 250,TV Ad,60,514,39373.59,1,3.0
RB08574,2024-05-17,USA-WEST,Original Blue,f1 sponsorship,80,578,47868.24,3,3.0
RB02564,2024-10-20,ASIA-PACIFIC,Krating Daeng 250,in-store promo,60,629,16981.72,0,1.0
RB05038,2023-01-17,TH-EAST,Tropical Edition,TV Ad,85,634,32658.19,2,6.0
RB05873,2023-03-22,TH-NORTH,Sugarfree,in-store promo,90,666,57255.04,3,10.0
RB03492,2024-09-06,TH-CENTRAL,Red Edition,TV Ad,75,791,32658.19,2,6.0
RB00129,2023-01-12,TH-EAST,Original Blue,TV Ad,80,525,59063.56,1,2.0
RB00776,2024-03-28,ASIA-PACIFIC,Krating Daeng 250,TV Ad,60,570,25495.91,3,6.0
RB01573,2024-03-06,TH-SOUTH,Original Blue,Social Media,80,561,56564.24,2,6.0
RB07939,2024-07-22,EUROPE-EU,Tropical Edition,Social Media,85,621,48879.27,0,2.0
RB02847,2024-10-08,TH-EAST,Tropical Edition,in-store promo,85,576,32658.19,1,7.0
RB01254,2024-09-30,TH-SOUTH,Sugarfree,extreme sports,90,653,12661.67,3,6.0
RB03248,2024-03-07,TH-NORTH,Krating Daeng 250,TV Ad,60,640,39467.37,2,6.0
RB05930,2024-03-27,TH-NORTH,Tropical Edition,TV Ad,85,624,12707.45,1,6.0
RB00927,2024-09-27,TH-CENTRAL,Original Blue,Social Media,80,539,50114.68,2,7.0
RB03974,2024-09-13,TH-NORTH,Sugarfree,TV Ad,90,259,39339.37,2,8.0
RB05164,2024-06-08,TH-NORTH,Sugarfree,f1 sponsorship,90,563,36849.29,0,3.0
RB02900,2023-06-14,EUROPE-EU,Krating Daeng 250,in-store promo,60,548,24129.7,3,5.0
RB00483,2024-09-25,USA-EAST,Tropical Edition,f1 sponsorship,85,475,40389.25,4,8.0
RB07724,2023-02-06,TH-NORTH,Sugarfree,in-store promo,90,658,56281.55,4,5.0
RB04131,2023-10-04,TH-CENTRAL,Red Edition,TV Ad,75,282,23729.23,1,7.0
RB02214,2024-03-16,TH-SOUTH,Red Edition,extreme sports,75,340,18640.98,2,4.0
RB00438,2024-04-06,TH-NORTH,Red Edition,extreme sports,75,843,29928.33,5,6.0
RB04514,2024-04-12,TH-CENTRAL,Tropical Edition,in-store promo,85,661,41114.02,0,6.0
RB02547,2024-10-03,TH-NORTH,Original Blue,in-store promo,80,420,32658.19,5,6.0
RB04627,2023-09-10,TH-NORTH,Krating Daeng 250,f1 sponsorship,60,427,23562.06,1,6.0
RB07331,2024-04-13,TH-NORTH,Original Blue,TV Ad,80,563,11190.28,5,5.0
RB00152,2024-06-06,TH-CENTRAL,Original Blue,TV Ad,80,677,42137.25,2,4.0
RB02727,2023-12-03,TH-EAST,Red Edition,TV Ad,75,502,15009.65,1,8.0
RB08566,2023-02-19,TH-CENTRAL,Krating Daeng 250,f1 sponsorship,60,474,49865.79,2,2.0
RB06875,2024-12-23,TH-CENTRAL,Red Edition,extreme sports,75,533,26858.45,5,3.0
RB08211,2024-07-08,EUROPE-EU,Sugarfree,in-store promo,90,669,21005.39,4,1.0
RB04174,2024-07-15,TH-EAST,Sugarfree,in-store promo,90,695,16761.94,1,3.0
RB04858,2023-08-02,TH-CENTRAL,Sugarfree,in-store promo,90,405,36669.24,3,10.0
RB04469,2024-07-11,USA-EAST,Tropical Edition,in-store promo,85,366,39632.27,3,6.0
RB07368,2023-02-09,TH-SOUTH,Red Edition,f1 sponsorship,75,601,17332.22,5,5.0
RB03998,2023-06-14,TH-SOUTH,Tropical Edition,TV Ad,85,609,15169.51,2,6.0
RB00406,2024-10-16,USA-WEST,Sugarfree,f1 sponsorship,90,749,20706.08,3,2.0
RB00537,2024-09-03,TH-NORTH,Sugarfree,Social Media,90,575,8117.15,1,6.0
RB06285,2023-04-22,USA-WEST,Red Edition,TV Ad,75,505,35079.54,4,8.0
RB08825,2024-06-23,TH-SOUTH,Red Edition,extreme sports,75,544,27428.46,2,7.0
RB08502,2023-06-03,USA-WEST,Sugarfree,TV Ad,90,454,56902.55,3,6.0
RB07382,2024-12-01,TH-SOUTH,Original Blue,TV Ad,80,591,30102.07,2,8.0
RB07736,2024-08-12,TH-NORTH,Tropical Edition,extreme sports,85,525,53977.35,3,5.0
RB01413,2024-11-29,TH-NORTH,Red Edition,f1 sponsorship,75,602,52277.28,1,1.0
RB03551,2023-04-04,TH-CENTRAL,Tropical Edition,in-store promo,85,639,31532.81,1,10.0
RB05986,2023-12-24,USA-EAST,Original Blue,TV Ad,80,563,52530.74,2,10.0
RB03142,2023-01-05,EUROPE-EU,Red Edition,f1 sponsorship,75,464,40029.24,2,3.0
RB00047,2023-02-03,USA-EAST,Sugarfree,extreme sports,90,336,58611.85,3,4.0
RB02499,2023-09-29,TH-NORTH,Tropical Edition,Social Media,85,789,21300.78,31,6.0
RB02570,2024-07-13,TH-SOUTH,Tropical Edition,Social Media,85,520,12298.01,2,5.0
RB04670,2023-06-13,TH-CENTRAL,Krating Daeng 250,in-store promo,60,407,38285.06,2,4.0
RB01882,2023-02-09,TH-NORTH,Tropical Edition,f1 sponsorship,85,693,25316.58,3,6.0
RB01327,2023-02-08,ASIA-PACIFIC,Original Blue,in-store promo,80,528,50666.67,5,6.0
RB09253,2023-03-04,USA-EAST,Krating Daeng 250,f1 sponsorship,60,416,32551.46,2,6.0
RB02937,2024-10-19,TH-NORTH,Krating Daeng 250,extreme sports,60,410,28501.39,1,9.0
RB03078,2023-04-06,TH-CENTRAL,Sugarfree,f1 sponsorship,90,433,24092.22,4,6.0
RB00656,2023-09-22,USA-EAST,Sugarfree,in-store promo,90,331,36323.82,3,4.0
RB05811,2024-11-21,USA-WEST,Sugarfree,TV Ad,90,632,42383.51,2,3.0
RB06525,2023-08-04,USA-EAST,Original Blue,extreme sports,80,629,44546.68,5,6.0
RB03340,2023-09-08,ASIA-PACIFIC,Red Edition,f1 sponsorship,75,622,32658.19,3,6.0
RB00613,2024-12-02,TH-NORTH,Original Blue,TV Ad,80,510,37200.67,1,6.0
RB02213,2024-01-22,EUROPE-EU,Sugarfree,TV Ad,90,393,11883.92,3,6.0
RB03654,2023-02-10,TH-NORTH,Tropical Edition,in-store promo,85,828,25450.84,3,1.0
RB08343,2023-09-21,TH-SOUTH,Krating Daeng 250,f1 sponsorship,60,565,50494.45,2,5.0
RB08132,2024-04-27,TH-NORTH,Sugarfree,f1 sponsorship,90,537,48601.81,4,5.0
RB08951,2024-09-30,TH-NORTH,Red Edition,f1 sponsorship,75,506,53543.24,1,10.0
RB07717,2024-01-18,USA-EAST,Krating Daeng 250,extreme sports,60,604,19747.86,5,7.0
RB08083,2024-11-24,TH-NORTH,Tropical Edition,f1 sponsorship,85,396,9495.69,2,9.0
RB05498,2023-12-06,USA-WEST,Sugarfree,in-store promo,90,465,49389.77,2,5.0
RB01427,2024-09-01,TH-NORTH,Red Edition,Social Media,75,608,6398.88,4,10.0
RB04237,2023-02-03,TH-SOUTH,Original Blue,in-store promo,80,738,31924.28,1,6.0
RB03594,2024-10-04,TH-NORTH,Original Blue,f1 sponsorship,80,393,9475.64,5,4.0
RB07174,2023-03-25,USA-WEST,Tropical Edition,TV Ad,85,523,33714.71,1,7.0
RB01513,2024-07-13,USA-EAST,Krating Daeng 250,extreme sports,60,506,24397.73,1,9.0
RB01428,2024-12-30,TH-SOUTH,Red Edition,in-store promo,75,490,48863.31,1,9.0
RB09196,2024-04-23,TH-SOUTH,Tropical Edition,f1 sponsorship,85,482,9815.77,2,6.0
RB08628,2024-05-21,TH-EAST,Original Blue,in-store promo,80,586,41018.32,1,4.0
RB08491,2023-06-20,TH-CENTRAL,Original Blue,extreme sports,80,545,12180.09,0,3.0
RB05574,2023-01-14,TH-NORTH,Krating Daeng 250,Social Media,60,603,20084.1,2,4.0
RB04180,2024-12-24,USA-EAST,Red Edition,TV Ad,75,551,9597.15,2,2.0
RB01993,2024-01-12,ASIA-PACIFIC,Krating Daeng 250,Social Media,60,430,47343.73,0,9.0
RB02580,2023-11-25,EUROPE-EU,Tropical Edition,in-store promo,85,523,48184.42,0,5.0
RB01058,2024-07-09,TH-CENTRAL,Sugarfree,TV Ad,90,456,27141.92,3,10.0
RB09453,2023-10-26,TH-CENTRAL,Original Blue,Social Media,80,645,25215.56,5,4.0
RB03312,2023-01-26,USA-EAST,Red Edition,f1 sponsorship,75,386,32307.35,3,6.0
RB01306,2023-09-29,TH-CENTRAL,Original Blue,TV Ad,80,570,27653.75,4,3.0
RB03597,2024-05-28,TH-CENTRAL,Original Blue,extreme sports,80,562,48225.4,4,5.0
RB02554,2024-11-13,TH-NORTH,Original Blue,in-store promo,80,909,32658.19,5,6.0
RB08505,2023-02-15,USA-EAST,Sugarfree,Social Media,90,496,24973.31,3,6.0
RB01166,2023-10-26,TH-CENTRAL,Sugarfree,extreme sports,90,439,59903.66,2,10.0
RB00997,2023-01-17,USA-WEST,Red Edition,extreme sports,75,451,58055.19,3,5.0
RB01168-DUP,2024-04-14,EUROPE-EU,Red Edition,in-store promo,75,487,23757.04,0,5.0
RB01237,2024-08-26,TH-CENTRAL,Red Edition,TV Ad,75,742,42296.52,3,10.0
RB02637,2023-09-01,TH-CENTRAL,Red Edition,extreme sports,75,486,59157.57,3,8.0
RB03330,2024-07-08,TH-CENTRAL,Krating Daeng 250,TV Ad,60,546,54272.02,1,3.0
RB00617,2023-11-30,USA-WEST,Tropical Edition,TV Ad,85,558,28655.98,1,6.0
RB06247,2023-02-26,TH-EAST,Tropical Edition,TV Ad,85,764,57791.34,1,6.0
RB00182,2024-03-03,TH-EAST,Original Blue,TV Ad,80,597,55939.87,0,6.0
RB05954,2024-10-13,TH-CENTRAL,Krating Daeng 250,in-store promo,60,747,14198.89,1,7.0
RB01755,2023-08-03,TH-NORTH,Original Blue,TV Ad,80,547,24392.95,2,9.0
RB05723,2023-05-22,TH-CENTRAL,Krating Daeng 250,in-store promo,60,623,53167.67,3,6.0
RB05651,2024-11-12,USA-EAST,Sugarfree,TV Ad,90,362,19760.51,0,4.0
RB02180,2024-05-25,TH-NORTH,Tropical Edition,Social Media,85,517,53073.27,2,6.0
RB03993,2024-05-17,USA-WEST,Sugarfree,extreme sports,90,635,46035.09,2,8.0
RB02817,2024-07-19,TH-NORTH,Original Blue,TV Ad,80,200,38116.7,2,8.0
RB02007,2023-03-20,TH-SOUTH,Red Edition,f1 sponsorship,75,633,29402.12,2,10.0
RB00216,2023-08-19,TH-SOUTH,Red Edition,f1 sponsorship,75,746,27013.1,3,6.0
RB01283,2023-01-07,TH-CENTRAL,Red Edition,f1 sponsorship,75,408,32658.19,2,4.0
RB08369,2023-05-09,TH-NORTH,Red Edition,Social Media,75,622,32658.19,2,4.0
RB03748-DUP,2023-12-04,USA-WEST,Krating Daeng 250,in-store promo,60,509,24033.13,5,6.0
RB00111,2024-08-25,TH-CENTRAL,Tropical Edition,TV Ad,85,537,41072.74,3,7.0
RB02513,2024-09-25,EUROPE-EU,Sugarfree,extreme sports,90,592,23539.88,1,1.0
RB00171,2023-11-30,TH-CENTRAL,Krating Daeng 250,TV Ad,60,496,48131.63,1,6.0
RB08652,2024-12-26,TH-CENTRAL,Red Edition,Social Media,75,540,59391.69,3,7.0
RB00369,2023-08-08,ASIA-PACIFIC,Krating Daeng 250,TV Ad,60,500,13301.62,2,2.0
RB01371,2023-09-12,USA-EAST,Tropical Edition,in-store promo,85,16060,28519.89,3,7.0
RB06246,2023-04-27,USA-EAST,Krating Daeng 250,extreme sports,60,279,46918.16,3,9.0
RB04384,2023-04-20,TH-CENTRAL,Krating Daeng 250,in-store promo,60,629,41607.19,1,5.0
RB01797,2024-04-07,ASIA-PACIFIC,Krating Daeng 250,f1 sponsorship,60,470,47166.85,2,6.0
RB09167,2024-09-24,TH-CENTRAL,Red Edition,extreme sports,75,452,37116.76,2,6.0
RB06424,2023-03-22,TH-NORTH,Tropical Edition,Social Media,85,453,33430.24,1,4.0
RB06461,2024-03-27,USA-WEST,Red Edition,in-store promo,75,598,20456.14,4,6.0
RB01296,2024-02-09,USA-EAST,Krating Daeng 250,f1 sponsorship,60,473,14861.75,5,10.0
RB03662,2024-05-14,TH-EAST,Tropical Edition,extreme sports,85,561,9160.42,3,8.0
RB08356,2023-07-11,USA-WEST,Original Blue,TV Ad,80,514,32064.48,0,5.0
RB01541,2024-07-16,TH-CENTRAL,Krating Daeng 250,Social Media,60,723,38853.62,0,10.0
RB07149,2024-12-01,TH-EAST,Red Edition,f1 sponsorship,75,590,51226.44,5,5.0
RB06701,2024-01-16,TH-SOUTH,Original Blue,TV Ad,80,626,26906.44,1,10.0
RB02110,2023-12-23,TH-CENTRAL,Krating Daeng 250,f1 sponsorship,60,651,7207.14,4,7.0
RB06234,2023-07-30,ASIA-PACIFIC,Original Blue,Social Media,80,581,39587.15,5,4.0
RB02543,2024-06-02,EUROPE-EU,Red Edition,in-store promo,75,565,23086.36,1,7.0
RB04162-DUP,2023-05-20,TH-CENTRAL,Original Blue,in-store promo,80,386,48558.1,1,3.0
RB01113,2023-06-17,EUROPE-EU,Tropical Edition,Social Media,85,738,52965.74,2,6.0
RB07096,2023-09-11,TH-CENTRAL,Krating Daeng 250,extreme sports,60,687,45778.47,4,6.0
RB00706,2023-06-30,TH-SOUTH,Red Edition,in-store promo,75,658,38799.36,0,6.0
RB03567,2024-11-24,TH-EAST,Original Blue,f1 sponsorship,80,750,33254.44,2,6.0
RB03716,2023-01-30,USA-EAST,Red Edition,extreme sports,75,537,25592.03,2,1.0
RB01275,2024-11-23,TH-CENTRAL,Tropical Edition,in-store promo,85,504,58387.58,2,4.0
RB04094,2024-12-20,TH-NORTH,Original Blue,Social Media,80,438,32658.19,4,6.0
RB07351,2023-12-22,TH-NORTH,Original Blue,f1 sponsorship,80,417,7254.7,2,7.0
RB00032,2023-08-22,ASIA-PACIFIC,Tropical Edition,TV Ad,85,344,28390.24,2,8.0
RB05820,2023-03-24,TH-EAST,Red Edition,extreme sports,75,417,42646.82,2,10.0
RB00196,2024-10-29,TH-NORTH,Tropical Edition,Social Media,85,674,41110.65,2,7.0
RB04720,2024-12-18,TH-NORTH,Original Blue,TV Ad,80,625,39696.95,5,9.0
RB02642,2024-08-05,TH-NORTH,Original Blue,f1 sponsorship,80,652,22122.9,2,5.0
RB05452,2023-09-29,TH-NORTH,Red Edition,Social Media,75,541,35629.87,2,8.0
RB00136,2024-11-27,USA-EAST,Red Edition,Social Media,75,389,56266.78,3,9.0
RB02397,2024-12-24,USA-EAST,Krating Daeng 250,TV Ad,60,569,5736.61,1,6.0
RB01055,2023-04-01,TH-CENTRAL,Original Blue,TV Ad,80,581,26640.49,1,4.0
RB04812,2024-06-05,USA-EAST,Krating Daeng 250,extreme sports,60,569,32658.19,1,5.0
RB03351,2023-08-25,TH-NORTH,Red Edition,extreme sports,75,582,43042.88,2,5.0
RB01064,2023-04-01,TH-SOUTH,Tropical Edition,extreme sports,85,402,52219.24,2,6.0
RB06115,2023-07-27,TH-NORTH,Red Edition,Social Media,75,430,37378.47,4,1.0
RB04008,2024-01-03,TH-NORTH,Tropical Edition,TV Ad,85,557,20984.18,3,7.0
RB05517,2024-09-06,TH-NORTH,Krating Daeng 250,in-store promo,60,493,32658.19,5,8.0
RB02889,2023-07-15,EUROPE-EU,Tropical Edition,TV Ad,85,409,57847.41,4,9.0
RB02844,2024-08-29,TH-NORTH,Red Edition,TV Ad,75,405,24621.57,2,5.0
RB02565,2024-05-09,EUROPE-EU,Sugarfree,TV Ad,90,520,32658.19,2,10.0
RB03693,2023-05-08,TH-EAST,Red Edition,in-store promo,75,496,19540.61,3,5.0
RB06626,2023-03-04,TH-NORTH,Tropical Edition,f1 sponsorship,85,606,17646.22,2,10.0
RB05959,2023-02-06,TH-CENTRAL,Sugarfree,Social Media,90,774,21746.88,2,6.0
RB06024,2024-05-29,TH-CENTRAL,Krating Daeng 250,Social Media,60,648,6240.82,2,10.0
RB08833,2024-07-14,EUROPE-EU,Tropical Edition,Social Media,85,487,24111.23,0,10.0
RB05594,2024-05-26,EUROPE-EU,Original Blue,in-store promo,80,491,12007.83,1,10.0
RB05156,2023-07-31,TH-SOUTH,Sugarfree,Social Media,90,588,47368.15,4,6.0
RB09448,2023-06-29,TH-NORTH,Sugarfree,extreme sports,90,451,32658.19,0,7.0
RB03871,2024-09-08,EUROPE-EU,Tropical Edition,TV Ad,85,302,56220.68,2,6.0
RB00841,2023-03-07,TH-SOUTH,Tropical Edition,Social Media,85,8812,29225.57,5,6.0
RB09548,2024-11-15,EUROPE-EU,Krating Daeng 250,Social Media,60,618,26346.84,0,6.0
RB08337,2024-11-13,TH-SOUTH,Tropical Edition,extreme sports,85,668,9538.45,0,4.0
RB09446,2024-06-28,TH-CENTRAL,Krating Daeng 250,Social Media,60,450,19246.74,5,6.0
RB07060,2023-05-04,EUROPE-EU,Krating Daeng 250,in-store promo,60,638,35333.97,3,4.0
RB02927,2024-05-04,TH-NORTH,Sugarfree,TV Ad,90,651,42162.59,3,6.0
RB01471,2024-03-04,EUROPE-EU,Red Edition,extreme sports,75,312,49498.76,0,3.0
RB02212,2023-10-21,TH-CENTRAL,Sugarfree,f1 sponsorship,90,460,32658.19,2,6.0
RB09191,2024-11-27,ASIA-PACIFIC,Tropical Edition,Social Media,85,537,20290.1,0,1.0
RB07567,2023-12-28,TH-CENTRAL,Krating Daeng 250,f1 sponsorship,60,423,32658.19,5,8.0
RB06627,2024-07-05,USA-EAST,Sugarfree,f1 sponsorship,90,9307,58668.22,3,4.0
RB01723,2024-09-23,TH-NORTH,Krating Daeng 250,TV Ad,60,869,9773.7,1,3.0
RB01009,2024-12-10,TH-CENTRAL,Sugarfree,TV Ad,90,213,35346.8,2,7.0
RB02524,2024-11-01,USA-EAST,Sugarfree,f1 sponsorship,90,557,17195.38,0,4.0
RB04329,2023-10-23,TH-NORTH,Tropical Edition,in-store promo,85,359,19522.56,2,6.0
RB07402,2024-06-27,EUROPE-EU,Tropical Edition,f1 sponsorship,85,507,37255.31,2,8.0
RB04641,2024-08-26,TH-NORTH,Original Blue,extreme sports,80,638,21070.0,2,7.0
RB08570,2024-10-30,TH-SOUTH,Sugarfree,extreme sports,90,469,41570.4,2,6.0
RB01265,2023-08-17,TH-NORTH,Tropical Edition,in-store promo,85,562,20405.92,3,3.0
RB04070,2024-12-20,TH-SOUTH,Original Blue,f1 sponsorship,80,616,12182.52,2,5.0
RB08038,2024-02-09,USA-WEST,Original Blue,in-store promo,80,555,14920.47,2,3.0
RB00420,2023-02-18,TH-SOUTH,Krating Daeng 250,TV Ad,60,677,16127.28,3,7.0
RB04305,2023-03-26,USA-WEST,Krating Daeng 250,in-store promo,60,607,40450.53,3,5.0
RB06550,2024-08-26,TH-NORTH,Red Edition,extreme sports,75,726,41454.87,5,3.0
RB04931,2023-01-20,TH-SOUTH,Original Blue,TV Ad,80,424,21488.0,3,4.0
RB07156,2023-01-15,USA-EAST,Original Blue,f1 sponsorship,80,530,32658.19,5,8.0
RB06099,2024-07-31,USA-EAST,Sugarfree,extreme sports,90,623,39194.17,3,4.0
RB05055,2023-05-26,TH-EAST,Krating Daeng 250,extreme sports,60,292,57006.22,2,9.0
RB00122,2023-05-27,TH-CENTRAL,Tropical Edition,extreme sports,85,573,28597.62,3,3.0
RB04219,2024-12-23,TH-EAST,Krating Daeng 250,extreme sports,60,327,38448.39,2,7.0
RB08780,2024-08-16,TH-CENTRAL,Red Edition,in-store promo,75,491,10965.01,0,5.0
RB08407,2024-05-05,TH-SOUTH,Original Blue,extreme sports,80,313,34004.96,1,5.0
RB07888,2023-12-09,TH-SOUTH,Red Edition,Social Media,75,425,47466.89,2,10.0
RB00833,2023-01-18,TH-NORTH,Tropical Edition,f1 sponsorship,85,559,6080.24,0,8.0
RB09310,2023-06-10,TH-NORTH,Krating Daeng 250,Social Media,60,418,44058.48,3,3.0
RB05105,2023-03-02,TH-NORTH,Tropical Edition,Social Media,85,209,13785.3,0,10.0
RB08808,2024-02-15,USA-EAST,Red Edition,extreme sports,75,525,29094.43,3,6.0
RB05078,2023-11-06,USA-EAST,Krating Daeng 250,Social Media,60,596,25204.46,4,4.0
RB03307,2024-10-04,USA-EAST,Krating Daeng 250,Social Media,60,507,50717.25,3,4.0
RB05883,2024-05-16,USA-EAST,Tropical Edition,f1 sponsorship,85,394,10025.09,2,4.0
RB07439,2024-04-10,TH-NORTH,Tropical Edition,extreme sports,85,671,6829.23,4,5.0
RB08821,2023-12-30,USA-EAST,Red Edition,TV Ad,75,463,23932.32,3,5.0
RB06651,2023-06-26,TH-CENTRAL,Red Edition,TV Ad,75,695,15273.17,1,7.0
RB02081,2024-03-21,TH-NORTH,Original Blue,extreme sports,80,527,7645.03,3,6.0
RB07612,2023-07-16,USA-EAST,Red Edition,extreme sports,75,759,11165.22,1,7.0
RB03613,2024-01-31,USA-WEST,Red Edition,TV Ad,75,588,23112.22,1,6.0
RB02572,2024-05-30,EUROPE-EU,Sugarfree,Social Media,90,512,11388.45,5,4.0
RB06899,2024-08-02,TH-CENTRAL,Sugarfree,extreme sports,90,558,40213.35,0,7.0
RB00642,2024-07-02,TH-NORTH,Krating Daeng 250,TV Ad,60,425,32658.19,2,1.0
RB05842,2024-10-28,TH-NORTH,Sugarfree,in-store promo,90,746,18737.05,3,6.0
RB03966,2023-12-20,TH-NORTH,Krating Daeng 250,TV Ad,60,631,7565.28,2,7.0
RB02042,2023-07-13,TH-CENTRAL,Red Edition,extreme sports,75,568,26040.05,3,5.0
RB06327,2023-03-06,TH-EAST,Tropical Edition,TV Ad,85,567,42814.23,1,5.0
RB02954,2023-02-25,TH-SOUTH,Tropical Edition,TV Ad,85,536,32658.19,2,6.0
RB02649-DUP,2024-04-25,EUROPE-EU,Sugarfree,TV Ad,90,414,30936.68,2,5.0
RB02178,2023-12-03,USA-EAST,Tropical Edition,f1 sponsorship,85,302,55553.97,5,6.0
RB05433,2023-07-20,USA-WEST,Krating Daeng 250,f1 sponsorship,60,372,25078.17,3,8.0
RB08723,2023-11-02,USA-EAST,Tropical Edition,Social Media,85,529,16904.11,2,8.0
RB02434,2024-03-10,EUROPE-EU,Krating Daeng 250,Social Media,60,523,12918.64,3,4.0
RB00223,2023-02-25,EUROPE-EU,Tropical Edition,Social Media,85,519,56275.58,3,6.0
RB04207,2024-05-08,ASIA-PACIFIC,Red Edition,in-store promo,75,498,13621.8,1,5.0
RB05633,2024-01-07,EUROPE-EU,Original Blue,f1 sponsorship,80,481,7676.03,1,10.0
RB04117,2024-05-25,TH-NORTH,Krating Daeng 250,Social Media,60,540,32658.19,1,5.0
RB03664,2024-04-02,USA-WEST,Red Edition,TV Ad,75,601,33546.34,3,8.0
RB03362,2023-11-14,TH-CENTRAL,Original Blue,Social Media,80,354,16199.67,3,7.0
RB09337,2023-04-09,TH-NORTH,Sugarfree,TV Ad,90,671,40330.78,0,5.0
RB02739,2024-06-25,TH-CENTRAL,Sugarfree,extreme sports,90,544,48578.56,3,6.0
RB05801,2024-02-02,TH-CENTRAL,Red Edition,in-store promo,75,459,32438.27,2,8.0
RB06919,2023-12-19,TH-EAST,Tropical Edition,extreme sports,85,514,15634.29,2,6.0
RB00179,2024-03-13,TH-CENTRAL,Tropical Edition,in-store promo,85,491,45647.99,1,7.0
RB05849,2024-08-13,TH-EAST,Sugarfree,in-store promo,90,577,44482.65,0,10.0
RB09153,2023-09-08,ASIA-PACIFIC,Red Edition,in-store promo,75,362,43737.38,0,9.0
RB07525,2023-10-19,TH-NORTH,Original Blue,extreme sports,80,605,53326.27,4,6.0
RB08584,2023-06-28,TH-NORTH,Red Edition,in-store promo,75,744,5243.66,5,5.0
RB08753,2024-04-17,TH-SOUTH,Sugarfree,extreme sports,90,527,8097.61,1,7.0
RB04416,2023-02-17,USA-EAST,Red Edition,f1 sponsorship,75,595,33355.64,2,9.0
RB09455,2024-11-11,TH-NORTH,Sugarfree,in-store promo,90,429,7052.83,1,10.0
RB00911,2024-02-02,TH-SOUTH,Original Blue,TV Ad,80,857,24616.8,5,3.0
RB02776,2023-07-23,USA-WEST,Sugarfree,Social Media,90,651,7319.41,64,7.0
RB08128,2024-02-24,TH-CENTRAL,Red Edition,TV Ad,75,532,47248.01,3,4.0
RB06163,2024-06-14,ASIA-PACIFIC,Red Edition,TV Ad,75,520,11356.39,5,2.0
RB00632,2024-06-18,TH-NORTH,Krating Daeng 250,extreme sports,60,481,32474.55,3,5.0
RB06790,2023-02-27,EUROPE-EU,Krating Daeng 250,in-store promo,60,631,15484.23,5,4.0
RB06102,2023-08-18,USA-WEST,Krating Daeng 250,extreme sports,60,515,33946.93,1,4.0
RB04277,2024-06-20,TH-EAST,Red Edition,extreme sports,75,456,25945.68,2,4.0
RB00674,2024-06-02,EUROPE-EU,Krating Daeng 250,f1 sponsorship,60,662,5659.84,2,4.0
RB06539,2023-08-12,TH-SOUTH,Sugarfree,Social Media,90,548,13589.05,1,8.0
RB03427,2024-06-08,TH-CENTRAL,Red Edition,in-store promo,75,360,48977.35,0,7.0
RB04947,2023-05-15,EUROPE-EU,Original Blue,TV Ad,80,579,36158.29,3,6.0
RB05608,2023-09-08,TH-CENTRAL,Krating Daeng 250,Social Media,60,514,33238.02,0,4.0
RB07363,2024-09-26,TH-CENTRAL,Original Blue,in-store promo,80,660,23991.41,3,6.0
RB05854,2023-12-20,TH-EAST,Red Edition,TV Ad,75,643,48214.59,1,10.0
RB01466,2024-06-26,TH-CENTRAL,Red Edition,TV Ad,75,696,5049.8,2,6.0
RB03675,2024-09-15,TH-CENTRAL,Red Edition,f1 sponsorship,75,463,39688.63,2,6.0
RB03059,2024-11-02,TH-NORTH,Original Blue,extreme sports,80,427,36324.75,3,6.0
RB09181,2024-11-21,TH-EAST,Tropical Edition,f1 sponsorship,85,466,12662.6,3,8.0
RB00413,2024-10-10,USA-WEST,Tropical Edition,in-store promo,85,452,9441.33,3,6.0
RB00013,2024-01-27,TH-NORTH,Original Blue,f1 sponsorship,80,555,18020.46,3,9.0
RB00299,2024-11-03,USA-WEST,Krating Daeng 250,f1 sponsorship,60,481,35562.92,1,3.0
RB03199,2024-12-28,TH-NORTH,Sugarfree,Social Media,90,660,14691.86,4,7.0
RB00394,2023-09-10,TH-NORTH,Red Edition,extreme sports,75,404,51676.11,1,8.0
RB06503,2024-04-02,EUROPE-EU,Tropical Edition,in-store promo,85,726,27042.92,1,4.0
RB03962,2024-03-14,TH-CENTRAL,Sugarfree,TV Ad,90,403,20102.72,3,3.0
RB09088,2023-08-30,TH-CENTRAL,Red Edition,TV Ad,75,565,23384.9,1,6.0
RB05826,2024-05-12,TH-NORTH,Krating Daeng 250,Social Media,60,427,40925.49,1,6.0
RB09230,2024-06-29,USA-EAST,Red Edition,TV Ad,75,690,42740.9,0,3.0
RB05738,2023-02-16,TH-NORTH,Sugarfree,f1 sponsorship,90,724,29425.26,3,8.0
RB07866,2023-09-12,TH-CENTRAL,Red Edition,TV Ad,75,469,42168.93,5,1.0
RB01295,2023-01-20,ASIA-PACIFIC,Red Edition,Social Media,75,444,49084.41,1,10.0
RB00857,2024-05-06,TH-EAST,Red Edition,Social Media,75,475,25202.02,1,7.0
RB08232,2024-08-09,TH-NORTH,Tropical Edition,Social Media,85,495,18314.28,3,3.0
RB02518,2023-08-12,TH-EAST,Tropical Edition,extreme sports,85,867,44594.49,1,8.0
RB05949,2024-03-05,USA-WEST,Sugarfree,TV Ad,90,512,9405.23,2,6.0
RB09132,2023-06-19,TH-EAST,Tropical Edition,in-store promo,85,437,58328.79,2,8.0
RB00795,2024-10-24,EUROPE-EU,Tropical Edition,f1 sponsorship,85,752,54563.98,1,7.0
RB06648,2023-10-14,EUROPE-EU,Red Edition,Social Media,75,495,19887.93,4,3.0
RB00067,2024-07-30,USA-EAST,Original Blue,in-store promo,80,496,10271.66,2,8.0
RB00918,2024-06-02,USA-WEST,Sugarfree,in-store promo,90,496,23269.02,3,4.0
RB08097,2024-04-25,USA-EAST,Red Edition,f1 sponsorship,75,687,29434.56,2,5.0
RB02507,2024-08-19,TH-EAST,Original Blue,Social Media,80,503,30910.98,2,6.0
RB04032,2023-06-16,TH-CENTRAL,Sugarfree,in-store promo,90,477,19351.8,3,6.0
RB02596,2023-04-25,USA-EAST,Sugarfree,f1 sponsorship,90,408,16531.27,2,1.0
RB03097,2023-11-27,TH-SOUTH,Tropical Edition,extreme sports,85,630,12478.2,2,4.0
RB08281,2023-10-26,ASIA-PACIFIC,Tropical Edition,extreme sports,85,393,55832.67,2,1.0
RB07063,2023-07-17,TH-CENTRAL,Krating Daeng 250,Social Media,60,371,36474.36,3,10.0
RB06306,2024-04-19,USA-EAST,Red Edition,extreme sports,75,657,38616.07,1,8.0
RB02870,2023-12-15,TH-CENTRAL,Tropical Edition,extreme sports,85,542,10763.89,4,6.0
RB01339,2024-09-23,TH-CENTRAL,Original Blue,f1 sponsorship,80,543,32658.19,1,10.0
RB05499,2024-05-02,TH-EAST,Red Edition,Social Media,75,463,56709.15,4,7.0
RB03744,2023-11-22,TH-EAST,Original Blue,TV Ad,80,693,44117.81,2,2.0
RB02712,2023-11-27,USA-EAST,Sugarfree,extreme sports,90,476,17692.06,1,6.0
RB04830,2023-09-21,TH-NORTH,Tropical Edition,TV Ad,85,379,46090.37,3,9.0
RB04623,2023-08-01,TH-NORTH,Original Blue,TV Ad,80,651,23072.79,1,7.0
RB06547,2024-07-20,ASIA-PACIFIC,Red Edition,f1 sponsorship,75,441,59842.96,2,3.0
RB06837,2023-04-01,USA-EAST,Sugarfree,extreme sports,90,929,16013.94,3,4.0
RB07907,2023-06-10,TH-EAST,Original Blue,Social Media,80,651,32341.97,1,7.0
RB09177,2024-06-01,ASIA-PACIFIC,Original Blue,TV Ad,80,513,29238.71,0,5.0
RB06690,2024-02-17,USA-WEST,Krating Daeng 250,TV Ad,60,703,21293.18,5,4.0
RB03968,2024-11-10,TH-SOUTH,Red Edition,extreme sports,75,441,21687.73,1,6.0
RB05789,2023-01-21,USA-WEST,Krating Daeng 250,f1 sponsorship,60,602,56467.25,4,6.0
RB07474,2023-08-26,TH-NORTH,Krating Daeng 250,f1 sponsorship,60,454,11623.81,3,4.0
RB01975,2023-08-09,USA-WEST,Krating Daeng 250,in-store promo,60,426,6792.49,1,8.0
RB07965,2023-05-31,TH-EAST,Red Edition,f1 sponsorship,75,537,28090.9,1,4.0
RB07618,2024-08-11,TH-NORTH,Red Edition,TV Ad,75,575,36616.63,1,2.0
RB01298,2023-11-03,TH-NORTH,Sugarfree,extreme sports,90,405,18239.36,3,6.0
RB08630,2023-10-23,ASIA-PACIFIC,Red Edition,extreme sports,75,485,12889.12,1,8.0
RB01510,2024-02-21,USA-EAST,Krating Daeng 250,f1 sponsorship,60,480,55931.64,3,5.0
RB07157,2024-11-30,TH-EAST,Red Edition,in-store promo,75,629,6529.79,2,5.0
RB09055,2023-10-16,TH-CENTRAL,Original Blue,extreme sports,80,675,43274.93,2,4.0
RB04978,2024-12-16,USA-EAST,Tropical Edition,Social Media,85,643,21485.97,2,8.0
RB09475,2024-12-09,USA-EAST,Original Blue,f1 sponsorship,80,659,43939.34,2,8.0
RB06970,2023-05-04,TH-CENTRAL,Original Blue,extreme sports,80,550,19433.49,5,6.0
RB06527,2024-06-08,TH-EAST,Tropical Edition,in-store promo,85,404,53941.27,2,6.0
RB00729,2023-11-04,TH-CENTRAL,Sugarfree,TV Ad,90,525,34178.77,2,4.0
RB08389,2023-11-20,TH-CENTRAL,Tropical Edition,extreme sports,85,728,24172.85,1,8.0
RB01514,2023-09-18,TH-NORTH,Original Blue,Social Media,80,596,33737.5,2,3.0
RB08651,2023-05-09,TH-SOUTH,Sugarfree,Social Media,90,487,27136.18,5,9.0
RB04846,2024-06-18,TH-NORTH,Red Edition,extreme sports,75,312,43798.33,1,8.0
RB01559,2024-08-12,TH-CENTRAL,Original Blue,in-store promo,80,779,43302.28,3,4.0
RB08336,2024-09-03,ASIA-PACIFIC,Original Blue,TV Ad,80,637,55300.0,2,6.0
RB07979,2024-04-18,TH-CENTRAL,Original Blue,f1 sponsorship,80,380,50547.04,2,10.0
RB04982,2023-07-15,EUROPE-EU,Red Edition,extreme sports,75,460,24191.09,2,4.0
RB02651,2023-06-15,TH-CENTRAL,Tropical Edition,in-store promo,85,469,21921.14,2,6.0
RB06989,2024-11-16,USA-EAST,Krating Daeng 250,f1 sponsorship,60,529,6197.29,2,6.0
RB05420,2023-07-03,USA-EAST,Krating Daeng 250,TV Ad,60,573,24094.27,0,6.0
RB02052,2023-11-18,TH-NORTH,Tropical Edition,in-store promo,85,622,54339.94,3,7.0
RB06029,2023-01-05,TH-EAST,Red Edition,extreme sports,75,748,12979.06,1,5.0
RB00378,2023-07-28,EUROPE-EU,Red Edition,TV Ad,75,615,18516.15,1,9.0
RB04834,2024-04-15,TH-NORTH,Krating Daeng 250,extreme sports,60,401,22414.35,1,1.0
RB05570,2024-11-29,TH-NORTH,Sugarfree,in-store promo,90,482,15114.59,1,6.0
RB04450,2024-07-29,TH-SOUTH,Red Edition,extreme sports,75,406,12049.33,0,7.0
RB07230,2024-06-26,TH-CENTRAL,Sugarfree,Social Media,90,542,53419.94,2,6.0
RB03230,2024-05-08,TH-CENTRAL,Red Edition,extreme sports,75,647,43058.05,5,10.0
RB07315,2023-03-16,USA-EAST,Original Blue,f1 sponsorship,80,621,45039.37,2,3.0
RB01790,2023-11-12,TH-EAST,Original Blue,Social Media,80,637,9400.54,3,10.0
RB08762,2023-05-13,TH-CENTRAL,Original Blue,TV Ad,80,613,41228.76,1,7.0
RB06826,2023-04-07,USA-EAST,Red Edition,f1 sponsorship,75,829,38354.93,2,5.0
RB02009,2024-11-23,TH-NORTH,Krating Daeng 250,in-store promo,60,536,17857.56,2,6.0
RB01847,2024-03-28,TH-SOUTH,Sugarfree,f1 sponsorship,90,670,26884.01,3,6.0
RB00912,2023-03-09,TH-NORTH,Red Edition,TV Ad,75,389,34697.04,0,9.0
RB08509,2023-02-08,TH-NORTH,Red Edition,TV Ad,75,342,9574.84,1,9.0
RB02254,2023-05-28,EUROPE-EU,Sugarfree,f1 sponsorship,90,463,58668.63,2,8.0
RB00532,2023-06-13,USA-EAST,Sugarfree,in-store promo,90,656,27475.93,2,9.0
RB00730,2023-05-14,TH-EAST,Red Edition,extreme sports,75,611,50893.34,0,4.0
RB05903,2023-01-12,USA-WEST,Red Edition,extreme sports,75,556,55564.63,2,8.0
RB08783,2023-03-25,TH-NORTH,Red Edition,in-store promo,75,512,53455.44,1,4.0
RB02482,2024-02-02,TH-SOUTH,Sugarfree,Social Media,90,597,23145.81,2,7.0
RB04861,2024-01-07,TH-SOUTH,Sugarfree,Social Media,90,507,14667.26,4,9.0
RB08492,2024-02-10,EUROPE-EU,Sugarfree,extreme sports,90,643,34022.13,2,7.0
RB01420,2024-12-18,TH-CENTRAL,Red Edition,Social Media,75,378,30335.81,4,8.0
RB00482,2023-07-19,EUROPE-EU,Krating Daeng 250,extreme sports,60,532,11617.53,1,6.0
RB08793,2024-05-10,USA-EAST,Red Edition,in-store promo,75,438,18423.31,3,7.0
RB06084,2024-07-01,TH-NORTH,Sugarfree,Social Media,90,481,6716.25,0,4.0
RB05754,2024-03-25,USA-WEST,Tropical Edition,in-store promo,85,357,38802.77,1,8.0
RB08059,2024-11-17,TH-SOUTH,Sugarfree,f1 sponsorship,90,821,17604.44,5,5.0
RB03740,2023-06-14,TH-SOUTH,Sugarfree,in-store promo,90,550,35992.89,2,6.0
RB08553,2024-05-14,TH-NORTH,Red Edition,in-store promo,75,569,37300.06,2,6.0
RB04508,2023-01-09,TH-CENTRAL,Tropical Edition,f1 sponsorship,85,670,42573.57,0,6.0
RB04683,2023-01-02,USA-EAST,Original Blue,in-store promo,80,405,48015.53,1,4.0
RB07367,2024-04-12,TH-SOUTH,Original Blue,in-store promo,80,443,8232.54,3,10.0
RB02506,2023-03-04,TH-NORTH,Red Edition,in-store promo,75,342,13780.43,4,6.0
RB03021,2023-08-01,ASIA-PACIFIC,Sugarfree,extreme sports,90,396,44070.36,3,4.0
RB04470,2023-07-04,EUROPE-EU,Tropical Edition,extreme sports,85,415,10941.03,4,8.0
RB09348,2023-10-16,TH-NORTH,Sugarfree,in-store promo,90,430,33746.9,0,6.0
RB05413,2024-02-05,EUROPE-EU,Krating Daeng 250,TV Ad,60,704,25553.54,1,4.0
RB09059,2024-02-11,USA-WEST,Red Edition,in-store promo,75,462,52359.73,1,6.0
RB08062,2024-03-30,TH-CENTRAL,Krating Daeng 250,extreme sports,60,687,35414.01,2,5.0
RB04411,2024-05-26,USA-EAST,Sugarfree,in-store promo,90,426,16336.07,0,10.0
RB07735,2024-03-03,TH-SOUTH,Sugarfree,Social Media,90,200,13334.57,5,5.0
RB02004,2023-01-19,TH-NORTH,Original Blue,Social Media,80,454,26056.56,3,1.0
RB02409,2024-04-04,TH-SOUTH,Krating Daeng 250,extreme sports,60,531,35703.07,1,4.0
RB05220,2023-01-09,TH-CENTRAL,Sugarfree,f1 sponsorship,90,630,54642.66,5,3.0
RB07915,2023-10-26,TH-NORTH,Red Edition,Social Media,75,556,11341.21,3,4.0
RB05364,2024-01-16,TH-EAST,Tropical Edition,f1 sponsorship,85,330,51461.39,1,6.0
RB07847,2023-02-17,ASIA-PACIFIC,Red Edition,extreme sports,75,645,21642.16,3,6.0
RB02600,2024-06-26,TH-CENTRAL,Original Blue,extreme sports,80,669,29880.15,3,8.0
RB09157,2024-12-15,ASIA-PACIFIC,Tropical Edition,extreme sports,85,453,8615.04,4,4.0
RB01991,2023-03-25,TH-CENTRAL,Krating Daeng 250,TV Ad,60,631,8115.83,2,6.0
RB08279,2023-01-18,TH-NORTH,Red Edition,in-store promo,75,608,46060.33,2,4.0
RB03708,2023-04-09,TH-SOUTH,Tropical Edition,Social Media,85,586,48581.45,3,6.0
RB00303,2024-01-17,TH-CENTRAL,Red Edition,in-store promo,75,555,53813.85,3,5.0
RB04610,2023-01-07,EUROPE-EU,Red Edition,in-store promo,75,532,16667.44,3,8.0
RB08170,2024-10-08,USA-WEST,Red Edition,in-store promo,75,573,53585.44,3,9.0
RB07818,2024-02-28,TH-NORTH,Sugarfree,in-store promo,90,578,21808.5,4,6.0
RB06653,2023-09-15,TH-SOUTH,Red Edition,Social Media,75,758,38526.54,1,8.0
RB01675,2024-03-05,ASIA-PACIFIC,Original Blue,extreme sports,80,591,54673.42,4,7.0
RB09200,2023-04-13,TH-EAST,Sugarfree,TV Ad,90,374,15866.37,1,7.0
RB02848,2024-11-28,USA-EAST,Tropical Edition,extreme sports,85,644,47375.7,2,6.0
RB07123,2024-10-17,TH-CENTRAL,Sugarfree,in-store promo,90,601,41692.64,2,8.0
RB08054,2024-08-14,USA-WEST,Tropical Edition,extreme sports,85,744,24560.56,0,10.0
RB06182,2023-06-19,USA-EAST,Sugarfree,f1 sponsorship,90,530,30079.61,2,3.0
RB01155,2024-05-15,USA-EAST,Original Blue,TV Ad,80,755,45543.6,0,6.0
RB02586,2023-12-28,EUROPE-EU,Sugarfree,TV Ad,90,496,50574.08,3,7.0
RB05952,2024-10-13,TH-NORTH,Original Blue,TV Ad,80,593,31184.82,2,6.0
RB01902,2023-11-11,TH-SOUTH,Red Edition,TV Ad,75,379,45207.19,1,6.0
RB04337,2023-03-13,USA-WEST,Tropical Edition,f1 sponsorship,85,610,35735.93,1,5.0
RB07859,2024-12-20,USA-EAST,Red Edition,extreme sports,75,530,30748.17,2,7.0
RB03560,2024-06-21,USA-EAST,Tropical Edition,TV Ad,85,533,12302.82,2,6.0
RB02049,2023-10-18,TH-NORTH,Original Blue,f1 sponsorship,80,369,30634.83,3,6.0
RB06637,2023-06-06,USA-EAST,Original Blue,in-store promo,80,570,58141.62,1,4.0
RB06994,2023-08-11,EUROPE-EU,Original Blue,TV Ad,80,424,27601.09,1,10.0
RB03394,2024-10-08,USA-EAST,Sugarfree,in-store promo,90,380,41929.03,3,7.0
RB07571,2024-05-29,USA-EAST,Tropical Edition,in-store promo,85,629,7057.57,2,6.0
RB02869,2024-07-16,TH-CENTRAL,Tropical Edition,in-store promo,85,368,31729.56,1,6.0
RB07624,2023-01-31,TH-CENTRAL,Original Blue,f1 sponsorship,80,535,51104.94,2,4.0
RB06685,2023-05-16,EUROPE-EU,Original Blue,extreme sports,80,422,16255.4,0,7.0
RB01337,2024-09-22,TH-CENTRAL,Tropical Edition,TV Ad,85,636,52598.85,5,7.0
RB07797,2023-11-21,TH-EAST,Sugarfree,in-store promo,90,436,8140.2,2,9.0
RB00083,2023-12-06,ASIA-PACIFIC,Tropical Edition,TV Ad,85,467,33239.36,2,7.0
RB03547,2024-01-14,ASIA-PACIFIC,Original Blue,f1 sponsorship,80,485,47342.01,2,5.0
RB09514,2024-12-03,TH-NORTH,Red Edition,f1 sponsorship,75,661,40235.77,3,7.0
RB04412,2024-06-08,ASIA-PACIFIC,Red Edition,in-store promo,75,530,45836.91,0,8.0
RB08587,2023-09-13,USA-EAST,Tropical Edition,f1 sponsorship,85,572,52266.05,2,7.0
RB00667,2024-05-20,TH-NORTH,Sugarfree,extreme sports,90,517,29054.85,0,6.0
RB06661,2024-01-15,TH-NORTH,Krating Daeng 250,extreme sports,60,426,11192.46,3,6.0
RB06845,2024-06-08,USA-EAST,Sugarfree,extreme sports,90,644,45492.74,3,5.0
RB08613,2023-07-23,EUROPE-EU,Sugarfree,extreme sports,90,562,44803.04,1,5.0
RB04107-DUP,2023-01-10,EUROPE-EU,Red Edition,Social Media,75,458,35647.16,4,8.0
RB00855,2023-05-20,USA-EAST,Original Blue,in-store promo,80,488,46830.07,2,6.0
RB05264,2023-03-05,TH-CENTRAL,Original Blue,extreme sports,80,441,51592.32,2,7.0
RB03627,2024-08-26,TH-SOUTH,Krating Daeng 250,extreme sports,60,738,52992.63,1,6.0
RB07556,2023-10-25,TH-CENTRAL,Red Edition,Social Media,75,689,20963.69,3,7.0
RB04959-DUP,2023-06-07,TH-EAST,Original Blue,extreme sports,80,570,12928.42,5,5.0
RB05130,2023-12-21,TH-CENTRAL,Sugarfree,Social Media,90,518,41175.51,3,10.0
RB09018,2024-03-09,TH-SOUTH,Krating Daeng 250,f1 sponsorship,60,510,51472.54,4,6.0
RB06138,2024-05-05,USA-EAST,Sugarfree,extreme sports,90,655,16189.71,3,2.0
RB03601,2024-12-27,TH-SOUTH,Sugarfree,Social Media,90,514,32658.19,2,6.0
RB08366,2024-07-16,TH-NORTH,Sugarfree,Social Media,90,727,50623.94,3,6.0
RB02044,2024-03-30,TH-EAST,Krating Daeng 250,TV Ad,60,414,37642.81,4,3.0
RB07393,2024-10-03,EUROPE-EU,Sugarfree,extreme sports,90,588,50805.83,4,5.0
RB07782,2023-08-08,TH-CENTRAL,Sugarfree,extreme sports,90,430,12807.15,2,6.0
RB06548,2023-12-10,TH-SOUTH,Red Edition,TV Ad,75,510,29984.76,3,2.0
RB04313,2023-12-15,TH-CENTRAL,Red Edition,TV Ad,75,327,27481.67,2,10.0
RB02998,2023-10-10,TH-SOUTH,Krating Daeng 250,in-store promo,60,511,33935.02,2,7.0
RB03963,2024-11-26,TH-CENTRAL,Original Blue,Social Media,80,624,28883.47,1,4.0
RB06658,2023-07-25,TH-NORTH,Original Blue,Social Media,80,596,14742.11,3,3.0
RB06458,2024-08-27,TH-EAST,Red Edition,extreme sports,75,458,38012.43,4,5.0
RB01365,2023-02-28,TH-CENTRAL,Sugarfree,TV Ad,90,488,57432.86,2,6.0
RB04685,2023-12-04,EUROPE-EU,Red Edition,extreme sports,75,578,56246.0,2,7.0
RB02583,2024-10-21,TH-NORTH,Red Edition,Social Media,75,569,43385.92,1,3.0
RB08409,2024-09-23,USA-EAST,Tropical Edition,Social Media,85,547,15666.4,1,5.0
RB02597,2023-02-06,TH-CENTRAL,Tropical Edition,in-store promo,85,492,15011.74,2,10.0
RB08615,2024-12-10,EUROPE-EU,Krating Daeng 250,f1 sponsorship,60,314,38911.52,3,5.0
RB03765,2023-11-26,TH-SOUTH,Red Edition,in-store promo,75,543,50134.0,2,4.0
RB04734,2023-03-30,TH-CENTRAL,Red Edition,Social Media,75,518,13489.38,4,10.0
RB06647,2023-05-18,TH-CENTRAL,Krating Daeng 250,extreme sports,60,480,7018.99,2,6.0
RB02973,2023-10-20,TH-CENTRAL,Krating Daeng 250,Social Media,60,588,44494.92,4,4.0
RB02199,2024-05-31,TH-EAST,Krating Daeng 250,Social Media,60,603,49973.39,3,3.0
RB02332,2024-09-04,TH-SOUTH,Tropical Edition,Social Media,85,674,18838.06,5,9.0
RB02064,2024-04-12,TH-CENTRAL,Sugarfree,extreme sports,90,473,25205.5,5,6.0
RB02189,2023-03-19,USA-EAST,Original Blue,in-store promo,80,403,35279.9,3,6.0
RB00137,2023-09-02,TH-SOUTH,Tropical Edition,Social Media,85,587,7884.39,1,10.0
RB05993,2024-10-18,EUROPE-EU,Original Blue,extreme sports,80,698,38245.38,2,7.0
RB09120,2023-08-14,EUROPE-EU,Sugarfree,f1 sponsorship,90,728,26401.23,0,9.0
RB07673,2024-05-12,EUROPE-EU,Tropical Edition,TV Ad,85,377,21336.76,0,6.0
RB07949-DUP,2023-10-05,EUROPE-EU,Red Edition,in-store promo,75,330,19280.54,2,6.0
RB02032,2024-09-04,TH-CENTRAL,Original Blue,Social Media,80,359,35066.58,1,6.0
RB03458,2024-09-29,TH-EAST,Original Blue,in-store promo,80,452,41257.76,1,3.0
RB00490,2023-02-22,TH-CENTRAL,Original Blue,extreme sports,80,574,46201.75,4,4.0
RB01524,2024-03-15,USA-EAST,Original Blue,extreme sports,80,516,20728.37,5,6.0
RB00963,2023-10-27,USA-EAST,Red Edition,TV Ad,75,697,39482.95,2,5.0
RB02839,2024-02-04,TH-CENTRAL,Krating Daeng 250,extreme sports,60,670,22180.6,2,8.0
RB01403,2023-04-10,ASIA-PACIFIC,Red Edition,Social Media,75,373,58887.8,1,10.0
RB04919,2023-07-15,ASIA-PACIFIC,Red Edition,in-store promo,75,340,35465.52,3,6.0
RB06473,2023-11-18,EUROPE-EU,Krating Daeng 250,f1 sponsorship,60,431,50512.55,1,7.0
RB09543,2023-03-08,TH-NORTH,Krating Daeng 250,f1 sponsorship,60,604,51545.34,2,2.0
RB09422,2023-01-14,TH-NORTH,Tropical Edition,TV Ad,85,326,13358.89,1,3.0
RB08072,2024-07-08,TH-SOUTH,Krating Daeng 250,extreme sports,60,398,45071.13,1,8.0
RB06370,2023-01-11,USA-EAST,Sugarfree,TV Ad,90,436,12191.64,2,4.0
RB01664,2023-12-26,EUROPE-EU,Tropical Edition,in-store promo,85,511,34459.67,2,8.0
RB04482,2023-05-11,TH-NORTH,Tropical Edition,in-store promo,85,475,16795.03,1,6.0
RB08879,2023-11-15,TH-CENTRAL,Sugarfree,f1 sponsorship,90,585,17044.35,2,6.0
RB06706,2024-12-09,EUROPE-EU,Red Edition,Social Media,75,614,15850.59,2,5.0
RB06280,2023-01-08,TH-SOUTH,Original Blue,in-store promo,80,505,26167.96,1,4.0
RB06111,2023-08-04,TH-CENTRAL,Original Blue,Social Media,80,586,48080.93,1,9.0
RB03903,2023-02-27,TH-CENTRAL,Krating Daeng 250,f1 sponsorship,60,486,32658.19,2,5.0
RB04114,2023-10-27,TH-NORTH,Krating Daeng 250,in-store promo,60,706,40619.67,3,8.0
RB08192,2023-10-14,TH-NORTH,Sugarfree,Social Media,90,598,33241.28,4,10.0
RB04283,2024-12-27,TH-CENTRAL,Sugarfree,extreme sports,90,402,53981.0,2,6.0
RB04205,2023-08-02,USA-EAST,Original Blue,TV Ad,80,681,50903.68,1,7.0
RB03695,2024-06-20,TH-EAST,Krating Daeng 250,Social Media,60,11452,27383.73,2,8.0
RB07419,2024-03-17,TH-EAST,Krating Daeng 250,TV Ad,60,428,32658.19,3,6.0
RB00544,2024-03-25,USA-WEST,Original Blue,TV Ad,80,637,28728.73,1,10.0
RB07688,2024-02-26,TH-CENTRAL,Original Blue,TV Ad,80,524,38866.73,2,8.0
RB04608,2023-06-14,TH-NORTH,Red Edition,TV Ad,75,530,15093.28,2,1.0
RB00779,2023-08-08,USA-EAST,Krating Daeng 250,extreme sports,60,333,6381.01,3,3.0
RB05112,2024-10-27,TH-SOUTH,Tropical Edition,f1 sponsorship,85,675,52987.1,5,4.0
RB01870,2024-05-29,USA-EAST,Original Blue,f1 sponsorship,80,631,43838.07,1,2.0
RB04022,2023-01-23,USA-EAST,Krating Daeng 250,extreme sports,60,577,32503.51,2,6.0
RB04636,2023-05-10,TH-NORTH,Krating Daeng 250,TV Ad,60,481,45852.02,1,10.0
RB06806,2023-08-03,ASIA-PACIFIC,Tropical Edition,in-store promo,85,547,45624.51,2,10.0
RB03978,2024-04-09,TH-CENTRAL,Tropical Edition,Social Media,85,786,17339.84,2,6.0
RB06507,2024-10-21,USA-EAST,Krating Daeng 250,f1 sponsorship,60,542,12528.06,1,4.0
RB05355,2023-12-19,TH-CENTRAL,Tropical Edition,TV Ad,85,703,29845.88,2,7.0
RB06640,2023-12-21,EUROPE-EU,Original Blue,extreme sports,80,382,42348.55,1,7.0
RB07492-DUP,2024-09-16,EUROPE-EU,Krating Daeng 250,extreme sports,60,393,28437.13,5,8.0
RB06802,2023-05-21,TH-CENTRAL,Original Blue,extreme sports,80,550,53376.61,2,3.0
RB00241,2024-01-02,EUROPE-EU,Tropical Edition,f1 sponsorship,85,557,51410.56,1,8.0
RB08011,2023-10-24,TH-SOUTH,Original Blue,TV Ad,80,780,54048.23,2,9.0
RB08789,2023-01-23,USA-WEST,Sugarfree,Social Media,90,758,54602.37,3,7.0
RB01156-DUP,2024-06-05,USA-EAST,Red Edition,TV Ad,75,510,26562.89,70,4.0
RB06384,2024-09-21,TH-EAST,Krating Daeng 250,extreme sports,60,574,40253.97,2,7.0
RB00695,2024-03-05,TH-CENTRAL,Tropical Edition,TV Ad,85,487,42803.32,3,9.0
RB08349,2023-11-10,TH-SOUTH,Sugarfree,in-store promo,90,615,49793.57,5,3.0
RB09458,2024-11-28,EUROPE-EU,Red Edition,f1 sponsorship,75,514,30217.84,0,2.0
RB06588,2023-06-13,TH-CENTRAL,Original Blue,TV Ad,80,670,13752.12,0,9.0
RB08792,2024-02-11,TH-NORTH,Tropical Edition,Social Media,85,614,25965.32,2,6.0
RB01449,2023-01-11,USA-WEST,Sugarfree,f1 sponsorship,90,728,7220.91,1,2.0
RB00644,2023-12-06,TH-CENTRAL,Tropical Edition,in-store promo,85,586,40757.48,2,9.0
RB06357,2023-08-24,ASIA-PACIFIC,Original Blue,extreme sports,80,740,9405.59,4,7.0
RB07564,2023-12-19,USA-WEST,Tropical Edition,f1 sponsorship,85,683,49189.32,4,8.0
RB02415,2023-06-02,TH-CENTRAL,Krating Daeng 250,extreme sports,60,512,12556.41,2,6.0
RB01387,2023-10-14,TH-SOUTH,Red Edition,TV Ad,75,679,32658.19,2,8.0
RB09023,2023-11-03,EUROPE-EU,Tropical Edition,TV Ad,85,712,50334.18,5,6.0
RB05567,2023-10-05,TH-CENTRAL,Original Blue,f1 sponsorship,80,358,11988.21,1,8.0
RB00650,2024-11-22,TH-CENTRAL,Red Edition,Social Media,75,572,8074.47,2,5.0
RB06164,2023-09-10,USA-EAST,Red Edition,in-store promo,75,410,57730.58,1,4.0
RB04808,2023-01-24,TH-CENTRAL,Original Blue,f1 sponsorship,80,317,55765.01,4,5.0
RB01488,2024-10-12,USA-EAST,Tropical Edition,Social Media,85,678,17009.21,1,6.0
RB00231,2023-09-30,TH-CENTRAL,Original Blue,extreme sports,80,362,50054.48,0,9.0
RB07947,2023-03-05,TH-SOUTH,Red Edition,Social Media,75,576,24173.62,5,5.0
RB02495,2024-10-15,TH-SOUTH,Sugarfree,f1 sponsorship,90,317,58973.42,1,4.0
RB05092,2023-03-28,TH-SOUTH,Original Blue,Social Media,80,397,16870.02,1,7.0
RB01749,2024-03-06,TH-EAST,Red Edition,f1 sponsorship,75,518,27015.28,1,6.0
RB03407,2024-11-30,TH-NORTH,Red Edition,extreme sports,75,598,52708.72,4,4.0
RB08070,2023-11-16,USA-WEST,Red Edition,f1 sponsorship,75,523,16135.38,5,7.0
RB05753,2024-01-20,TH-EAST,Original Blue,extreme sports,80,539,49881.58,3,7.0
RB01361,2024-02-03,TH-CENTRAL,Sugarfree,Social Media,90,391,35641.07,0,6.0
RB08114,2024-02-24,TH-NORTH,Tropical Edition,extreme sports,85,571,40111.5,1,8.0
RB07405,2023-01-11,USA-EAST,Tropical Edition,f1 sponsorship,85,464,1179177.57,3,6.0
RB08734,2023-02-19,TH-CENTRAL,Red Edition,TV Ad,75,729,19453.02,1,7.0
RB04979,2023-04-02,TH-NORTH,Red Edition,TV Ad,75,351,6404.32,3,6.0
RB05591,2024-04-22,TH-SOUTH,Red Edition,f1 sponsorship,75,484,38377.96,2,10.0
RB06978,2023-06-27,ASIA-PACIFIC,Red Edition,f1 sponsorship,75,495,26918.86,1,9.0
RB00660,2024-04-10,TH-EAST,Red Edition,Social Media,75,412,40632.88,1,6.0
RB01897,2023-08-12,TH-CENTRAL,Tropical Edition,f1 sponsorship,85,782,11647.23,2,7.0
RB02488,2024-11-10,TH-EAST,Krating Daeng 250,Social Media,60,484,22816.26,1,1.0
RB01474,2023-11-28,USA-EAST,Krating Daeng 250,extreme sports,60,608,1405901.25,4,5.0
RB06907,2023-03-09,USA-EAST,Krating Daeng 250,f1 sponsorship,60,687,24201.29,1,4.0
RB03019,2024-07-14,TH-CENTRAL,Red Edition,in-store promo,75,356,53758.34,2,6.0
RB00480,2024-07-17,EUROPE-EU,Original Blue,Social Media,80,521,31503.31,3,8.0
RB03895-DUP,2024-11-27,USA-EAST,Krating Daeng 250,Social Media,60,538,33557.16,4,4.0
RB05099,2023-09-16,TH-CENTRAL,Krating Daeng 250,Social Media,60,510,26582.39,4,4.0
RB00785,2023-12-25,TH-EAST,Krating Daeng 250,Social Media,60,495,23650.81,5,7.0
RB06367,2023-04-27,TH-NORTH,Krating Daeng 250,extreme sports,60,518,21942.6,1,7.0
RB07436,2024-06-30,USA-WEST,Krating Daeng 250,TV Ad,60,647,58980.65,2,6.0
RB01619,2024-12-10,TH-CENTRAL,Krating Daeng 250,f1 sponsorship,60,523,6576.94,0,9.0
RB02160,2023-02-24,TH-CENTRAL,Red Edition,Social Media,75,482,24055.47,2,9.0
RB02043,2023-05-26,TH-NORTH,Original Blue,TV Ad,80,675,47653.43,2,6.0
RB04925,2023-01-16,EUROPE-EU,Sugarfree,f1 sponsorship,90,435,21935.43,3,8.0
RB04153,2023-09-30,USA-EAST,Red Edition,TV Ad,75,451,15532.08,4,3.0
RB06795,2023-06-08,USA-WEST,Red Edition,in-store promo,75,242,44582.96,3,9.0
RB04520,2023-07-20,ASIA-PACIFIC,Krating Daeng 250,TV Ad,60,765,51484.18,2,9.0
RB00936,2024-01-16,TH-EAST,Original Blue,in-store promo,80,433,39541.77,2,7.0
RB00156,2024-03-04,USA-EAST,Krating Daeng 250,in-store promo,60,638,47260.12,3,6.0
RB04863,2023-10-28,TH-NORTH,Sugarfree,extreme sports,90,441,40803.62,4,3.0
RB01479,2023-04-27,TH-CENTRAL,Krating Daeng 250,Social Media,60,474,11940.44,0,7.0
RB03234,2023-12-03,TH-CENTRAL,Original Blue,in-store promo,80,721,6395.9,4,2.0
RB02504,2024-05-06,EUROPE-EU,Krating Daeng 250,f1 sponsorship,60,677,15432.33,2,7.0
RB00435,2023-04-30,TH-CENTRAL,Krating Daeng 250,in-store promo,60,571,32384.79,1,3.0
RB03732,2024-04-04,TH-CENTRAL,Krating Daeng 250,in-store promo,60,441,47534.33,4,10.0
RB08941,2023-03-12,TH-CENTRAL,Tropical Edition,TV Ad,85,380,10769.68,1,3.0
RB09269,2024-05-03,TH-CENTRAL,Krating Daeng 250,extreme sports,60,381,30130.09,1,6.0
RB01202,2024-04-01,TH-SOUTH,Sugarfree,f1 sponsorship,90,751,54123.16,2,9.0
RB03723,2024-05-06,TH-NORTH,Tropical Edition,f1 sponsorship,85,509,56604.55,2,10.0
RB01146,2023-02-19,TH-CENTRAL,Sugarfree,TV Ad,90,662,43111.93,3,6.0
RB04141,2024-05-14,TH-SOUTH,Original Blue,extreme sports,80,515,52244.16,2,5.0
RB07694,2023-04-05,TH-SOUTH,Red Edition,TV Ad,75,683,46512.22,2,2.0
RB08452,2024-05-02,USA-WEST,Tropical Edition,extreme sports,85,310,34849.27,1,4.0
RB00057,2024-08-14,TH-NORTH,Sugarfree,f1 sponsorship,90,588,57234.43,0,4.0
RB02984,2023-12-06,EUROPE-EU,Tropical Edition,f1 sponsorship,85,647,37029.71,1,10.0
RB03573,2024-05-23,TH-EAST,Tropical Edition,in-store promo,85,547,55011.36,5,4.0
RB00538,2024-06-24,TH-EAST,Red Edition,TV Ad,75,428,31224.81,1,8.0
RB01408,2023-11-02,TH-SOUTH,Krating Daeng 250,f1 sponsorship,60,549,42524.51,2,6.0
RB08617,2023-03-18,USA-EAST,Original Blue,f1 sponsorship,80,749,37756.61,1,7.0
RB06273,2024-12-26,USA-WEST,Krating Daeng 250,in-store promo,60,624,32924.48,2,6.0
RB07705,2023-09-01,TH-CENTRAL,Red Edition,f1 sponsorship,75,319,51763.04,5,7.0
RB08386,2024-12-16,USA-WEST,Original Blue,extreme sports,80,746,32022.86,2,5.0
RB08330,2023-01-06,TH-EAST,Krating Daeng 250,Social Media,60,661,12801.13,2,5.0
RB06265,2024-04-15,TH-SOUTH,Tropical Edition,Social Media,85,689,22397.36,2,8.0
RB08867,2024-01-23,TH-EAST,Krating Daeng 250,extreme sports,60,492,6673.91,2,4.0
RB06964,2023-07-25,TH-EAST,Krating Daeng 250,TV Ad,60,492,41600.69,0,9.0
RB03985,2024-01-25,TH-CENTRAL,Original Blue,extreme sports,80,599,8647.69,4,4.0
RB05705,2024-04-03,USA-EAST,Tropical Edition,in-store promo,85,535,23202.5,2,4.0
RB03174,2023-08-14,EUROPE-EU,Krating Daeng 250,TV Ad,60,441,47550.57,5,4.0
RB06535,2024-03-31,TH-EAST,Red Edition,Social Media,75,626,8202.26,4,10.0
RB08865,2024-07-28,TH-SOUTH,Tropical Edition,in-store promo,85,516,25370.47,4,6.0
RB01433,2024-03-30,TH-EAST,Krating Daeng 250,TV Ad,60,473,49226.3,4,9.0
RB06456,2024-07-15,USA-EAST,Red Edition,in-store promo,75,597,53443.94,0,7.0
RB04259,2024-05-07,TH-SOUTH,Sugarfree,in-store promo,90,640,21630.17,2,7.0
RB08014,2023-06-21,ASIA-PACIFIC,Red Edition,f1 sponsorship,75,673,32658.19,1,8.0
RB05374,2023-06-23,EUROPE-EU,Red Edition,extreme sports,75,430,59995.25,0,7.0
RB02442,2023-03-18,ASIA-PACIFIC,Original Blue,in-store promo,80,533,8205.35,2,10.0
RB02365,2024-03-26,ASIA-PACIFIC,Original Blue,f1 sponsorship,80,451,9204.36,1,8.0
RB08799,2023-05-19,ASIA-PACIFIC,Tropical Edition,in-store promo,85,758,16005.73,3,9.0
RB00321,2023-07-26,USA-WEST,Sugarfree,TV Ad,90,648,7497.09,2,7.0
RB05891,2024-03-18,USA-EAST,Original Blue,extreme sports,80,439,30189.76,2,4.0
RB01389,2024-12-08,USA-EAST,Sugarfree,in-store promo,90,543,58958.79,2,6.0
RB00547,2024-07-28,TH-CENTRAL,Original Blue,Social Media,80,581,57263.77,2,2.0
RB01013,2023-08-28,USA-EAST,Sugarfree,TV Ad,90,569,12030.95,2,10.0
RB00678,2024-02-13,TH-EAST,Tropical Edition,Social Media,85,635,26091.41,2,6.0
RB01272,2023-07-29,TH-NORTH,Red Edition,f1 sponsorship,75,704,12451.95,2,8.0
RB09533,2024-06-17,EUROPE-EU,Krating Daeng 250,Social Media,60,775,27974.85,2,3.0
RB08535,2023-03-31,EUROPE-EU,Original Blue,Social Media,80,368,25376.79,1,6.0
RB01450,2024-05-18,USA-EAST,Red Edition,Social Media,75,309,23137.04,2,9.0
RB06783-DUP,2024-09-03,TH-NORTH,Original Blue,TV Ad,80,565,9842.1,0,9.0
RB07744,2024-08-12,TH-EAST,Red Edition,in-store promo,75,622,51563.81,3,4.0
RB07247,2023-03-17,USA-EAST,Sugarfree,f1 sponsorship,90,446,38381.8,3,6.0
RB00896,2024-06-27,USA-EAST,Tropical Edition,extreme sports,85,526,53711.03,1,6.0
RB01587,2023-11-25,TH-NORTH,Original Blue,Social Media,80,456,12449.46,5,7.0
RB03452,2024-02-18,USA-EAST,Tropical Edition,f1 sponsorship,85,414,23099.98,3,5.0
RB00352,2023-02-22,TH-SOUTH,Original Blue,f1 sponsorship,80,623,17360.45,5,6.0
RB00260,2023-10-22,TH-NORTH,Red Edition,in-store promo,75,416,10893.19,2,9.0
RB01060,2023-11-24,TH-NORTH,Krating Daeng 250,in-store promo,60,601,40423.43,2,10.0
RB03625,2023-07-22,USA-WEST,Tropical Edition,TV Ad,85,785,48451.97,4,4.0
RB05906,2024-06-12,TH-EAST,Krating Daeng 250,Social Media,60,563,41689.99,0,6.0
RB03812,2024-02-20,TH-NORTH,Tropical Edition,in-store promo,85,452,47295.99,1,6.0
RB06188-DUP,2023-09-26,TH-NORTH,Original Blue,f1 sponsorship,80,505,56188.11,4,2.0
RB05346,2024-12-17,USA-WEST,Tropical Edition,Social Media,85,348,30950.59,5,5.0
RB04136,2024-12-07,USA-EAST,Sugarfree,extreme sports,90,510,39664.14,2,10.0
RB04922,2024-04-25,USA-EAST,Tropical Edition,Social Media,85,501,44063.94,0,7.0
RB05510,2023-08-20,TH-EAST,Krating Daeng 250,f1 sponsorship,60,667,49358.68,2,10.0
RB05999,2023-01-14,TH-CENTRAL,Sugarfree,extreme sports,90,546,7932.63,2,4.0
RB07722,2023-07-13,TH-SOUTH,Tropical Edition,f1 sponsorship,85,510,49594.86,2,5.0
RB05516,2023-08-12,EUROPE-EU,Sugarfree,TV Ad,90,650,44979.98,5,2.0
RB07972,2024-12-27,TH-NORTH,Krating Daeng 250,extreme sports,60,370,13690.49,1,4.0
RB07581,2023-09-04,USA-WEST,Sugarfree,TV Ad,90,814,58202.48,2,1.0
RB00053,2024-08-23,USA-EAST,Original Blue,in-store promo,80,722,44496.12,0,9.0
RB02871,2023-07-11,TH-CENTRAL,Red Edition,f1 sponsorship,75,515,47005.21,1,10.0
RB03772,2023-05-16,TH-EAST,Krating Daeng 250,f1 sponsorship,60,716,48226.3,3,6.0
RB09219,2024-02-20,TH-CENTRAL,Tropical Edition,TV Ad,85,513,6500.48,2,7.0
RB08531,2024-12-23,TH-NORTH,Red Edition,f1 sponsorship,75,530,51833.92,4,7.0
RB09243,2023-12-17,TH-EAST,Original Blue,in-store promo,80,491,52627.18,2,8.0
RB05447,2024-08-01,USA-WEST,Red Edition,in-store promo,75,466,11270.42,1,10.0
RB02918,2024-11-23,EUROPE-EU,Original Blue,TV Ad,80,438,7890.92,2,8.0
RB00224,2024-10-30,TH-NORTH,Original Blue,f1 sponsorship,80,509,24291.72,2,6.0
RB05455,2024-11-05,TH-CENTRAL,Red Edition,extreme sports,75,470,11802.51,4,8.0
RB02753,2024-12-15,TH-EAST,Krating Daeng 250,in-store promo,60,577,52131.76,3,10.0
RB07773,2023-07-21,USA-EAST,Red Edition,TV Ad,75,484,40447.57,4,9.0
RB01937,2024-08-19,USA-WEST,Krating Daeng 250,extreme sports,60,358,37952.03,0,10.0
RB04276,2023-05-01,TH-SOUTH,Original Blue,in-store promo,80,438,35251.07,2,10.0
RB04254,2023-12-11,TH-CENTRAL,Original Blue,in-store promo,80,707,30919.84,2,6.0
RB06341,2023-10-29,TH-EAST,Original Blue,extreme sports,80,582,44376.52,3,6.0
RB03383,2024-08-04,TH-SOUTH,Red Edition,Social Media,75,667,58137.6,0,6.0
RB02545,2024-02-17,TH-NORTH,Red Edition,extreme sports,75,582,46456.89,1,6.0
RB04784,2023-01-06,TH-NORTH,Red Edition,Social Media,75,654,53155.81,3,9.0
RB06778,2024-05-01,TH-CENTRAL,Original Blue,TV Ad,80,717,20111.51,2,8.0
RB05325,2024-09-28,USA-WEST,Red Edition,TV Ad,75,664,49462.47,2,7.0
RB07862,2024-12-29,TH-NORTH,Krating Daeng 250,in-store promo,60,601,54082.53,1,7.0
RB04740,2023-02-21,USA-EAST,Sugarfree,TV Ad,90,665,47152.51,2,6.0
RB02584,2024-04-05,TH-EAST,Krating Daeng 250,in-store promo,60,530,40369.32,5,4.0
RB08121,2024-12-30,TH-SOUTH,Tropical Edition,f1 sponsorship,85,533,36316.72,2,8.0
RB00696,2023-01-02,USA-WEST,Original Blue,extreme sports,80,521,32658.19,3,8.0
RB03172,2024-06-06,TH-CENTRAL,Tropical Edition,in-store promo,85,607,50309.0,2,6.0
RB05636,2023-06-23,USA-EAST,Original Blue,f1 sponsorship,80,562,37342.73,2,9.0
RB06444,2024-02-12,USA-EAST,Original Blue,extreme sports,80,530,14743.06,5,6.0
RB00555,2024-11-25,TH-EAST,Tropical Edition,f1 sponsorship,85,701,32658.19,5,10.0
RB09113,2024-08-28,TH-CENTRAL,Sugarfree,TV Ad,90,675,48457.99,3,6.0
RB06248,2024-08-30,TH-CENTRAL,Sugarfree,in-store promo,90,644,19554.67,3,4.0
RB03112,2023-07-09,TH-NORTH,Tropical Edition,f1 sponsorship,85,655,47871.75,2,6.0
RB02062,2024-11-09,ASIA-PACIFIC,Original Blue,in-store promo,80,454,22102.21,4,4.0
RB08314,2023-05-08,TH-EAST,Sugarfree,Social Media,90,466,5291.31,5,6.0
RB09400,2023-08-26,EUROPE-EU,Krating Daeng 250,Social Media,60,853,29291.2,4,9.0
RB07755,2024-07-29,USA-EAST,Krating Daeng 250,Social Media,60,444,36349.22,2,8.0
RB09539,2024-05-08,EUROPE-EU,Original Blue,Social Media,80,890,29768.28,2,1.0
RB03574,2024-01-03,TH-CENTRAL,Sugarfree,Social Media,90,513,32147.98,1,3.0
RB01689,2024-02-28,TH-SOUTH,Krating Daeng 250,extreme sports,60,421,56476.61,1,4.0
RB02557,2024-10-12,TH-NORTH,Tropical Edition,extreme sports,85,597,30316.64,3,2.0
RB05029,2024-05-04,EUROPE-EU,Red Edition,Social Media,75,674,7763.7,3,2.0
RB08556,2023-01-10,USA-EAST,Original Blue,extreme sports,80,340,59174.29,1,10.0
RB03494,2024-12-31,TH-NORTH,Tropical Edition,TV Ad,85,652,45209.03,2,4.0
RB01560,2023-07-18,USA-EAST,Original Blue,extreme sports,80,465,47132.75,1,7.0
RB07765,2024-03-25,ASIA-PACIFIC,Sugarfree,extreme sports,90,538,34639.84,3,8.0
RB01622,2024-08-26,TH-CENTRAL,Tropical Edition,extreme sports,85,488,39098.9,1,5.0
RB03533,2024-03-15,TH-NORTH,Sugarfree,Social Media,90,793,6339.95,3,8.0
RB07241,2024-01-02,USA-EAST,Original Blue,f1 sponsorship,80,633,5635.14,2,5.0
RB08618,2024-07-01,TH-CENTRAL,Original Blue,TV Ad,80,773,31603.36,5,5.0
RB03480,2024-09-02,USA-WEST,Original Blue,f1 sponsorship,80,485,20412.42,2,7.0
RB09063,2023-08-31,USA-WEST,Krating Daeng 250,f1 sponsorship,60,542,29266.62,2,5.0
RB01693,2024-11-26,USA-WEST,Tropical Edition,extreme sports,85,701,19070.54,2,7.0
RB05708,2024-09-27,TH-SOUTH,Red Edition,in-store promo,75,546,26524.34,2,10.0
RB06237,2023-06-28,TH-CENTRAL,Tropical Edition,f1 sponsorship,85,580,48351.13,3,10.0
RB04048,2023-09-19,USA-WEST,Tropical Edition,TV Ad,85,613,7709.54,4,7.0
RB06532,2024-08-12,TH-NORTH,Red Edition,in-store promo,75,259,6507.67,3,8.0
RB08507,2023-01-28,TH-CENTRAL,Original Blue,Social Media,80,653,36960.02,3,4.0
RB05395,2024-03-17,TH-SOUTH,Sugarfree,in-store promo,90,468,40201.95,3,8.0
RB01369,2024-12-30,TH-NORTH,Red Edition,f1 sponsorship,75,521,17450.2,1,3.0
RB04511,2024-09-26,USA-WEST,Original Blue,in-store promo,80,438,57243.01,1,6.0
RB07617,2023-05-21,TH-NORTH,Tropical Edition,in-store promo,85,475,48897.54,1,6.0
RB09599,2024-04-12,USA-EAST,Original Blue,TV Ad,80,785,53486.92,0,7.0
RB04913,2024-08-21,USA-EAST,Tropical Edition,TV Ad,85,418,48319.32,2,7.0
RB06425,2024-09-07,EUROPE-EU,Krating Daeng 250,TV Ad,60,464,39116.69,2,2.0
RB00240,2023-02-25,USA-EAST,Tropical Edition,extreme sports,85,423,34808.78,3,1.0
RB02958,2023-09-18,TH-NORTH,Red Edition,f1 sponsorship,75,554,48615.69,2,6.0
RB07616,2023-08-28,TH-NORTH,Krating Daeng 250,TV Ad,60,262,46038.5,1,8.0
RB01152,2023-03-07,TH-CENTRAL,Red Edition,TV Ad,75,461,23215.67,4,6.0
RB03756,2023-10-23,USA-EAST,Red Edition,in-store promo,75,420,33246.53,3,4.0
RB08766,2023-08-11,USA-WEST,Tropical Edition,f1 sponsorship,85,557,28804.68,2,2.0
RB04828,2023-04-10,TH-CENTRAL,Original Blue,in-store promo,80,674,19755.05,2,10.0
RB06864,2023-03-09,USA-WEST,Red Edition,in-store promo,75,676,49486.23,1,3.0
RB01637,2023-03-10,TH-CENTRAL,Red Edition,Social Media,75,376,48351.08,1,9.0
RB04427,2023-03-02,USA-EAST,Krating Daeng 250,extreme sports,60,476,8168.45,2,3.0
RB04414,2023-04-19,TH-CENTRAL,Red Edition,Social Media,75,371,55935.36,1,4.0
RB03847,2024-03-02,USA-WEST,Krating Daeng 250,f1 sponsorship,60,578,26316.39,3,3.0
RB02659,2024-10-05,USA-EAST,Tropical Edition,in-store promo,85,628,45465.16,1,3.0
RB07993,2024-10-09,TH-EAST,Tropical Edition,extreme sports,85,311,25110.62,0,6.0
RB05740,2024-10-30,USA-WEST,Tropical Edition,f1 sponsorship,85,447,12239.2,5,3.0
RB03235,2024-03-25,TH-NORTH,Sugarfree,f1 sponsorship,90,555,10780.33,2,6.0
RB05356,2023-01-01,USA-EAST,Sugarfree,f1 sponsorship,90,464,19527.23,2,7.0
RB06009,2023-03-06,USA-EAST,Krating Daeng 250,TV Ad,60,474,54953.53,2,5.0
RB06560,2023-11-16,TH-NORTH,Tropical Edition,f1 sponsorship,85,444,38367.07,1,8.0
RB01297,2024-09-28,USA-EAST,Sugarfree,Social Media,90,443,12669.54,3,8.0
RB09518,2023-12-02,TH-SOUTH,Tropical Edition,extreme sports,85,620,40620.44,1,8.0
RB04128,2023-09-06,USA-EAST,Tropical Edition,TV Ad,85,661,10064.17,2,3.0
RB01092,2024-11-17,TH-CENTRAL,Tropical Edition,Social Media,85,482,28427.24,3,6.0
RB02592,2024-03-26,TH-CENTRAL,Sugarfree,in-store promo,90,481,39326.25,1,6.0
RB02711,2024-10-01,EUROPE-EU,Krating Daeng 250,f1 sponsorship,60,510,32749.12,2,7.0
RB05616,2024-04-13,EUROPE-EU,Original Blue,f1 sponsorship,80,666,33966.29,1,6.0
RB08374,2024-08-25,USA-EAST,Sugarfree,TV Ad,90,677,30948.09,1,6.0
RB02502,2023-05-02,USA-EAST,Original Blue,f1 sponsorship,80,335,52249.49,3,6.0
RB01824,2023-05-15,ASIA-PACIFIC,Sugarfree,f1 sponsorship,90,398,21454.61,3,2.0
RB07115,2023-05-28,TH-SOUTH,Krating Daeng 250,Social Media,60,573,56178.15,3,5.0
RB01562,2024-08-28,USA-WEST,Red Edition,f1 sponsorship,75,534,44269.22,5,3.0
RB00306,2024-09-07,EUROPE-EU,Krating Daeng 250,in-store promo,60,496,47029.56,1,10.0
RB00713,2023-11-07,TH-CENTRAL,Krating Daeng 250,extreme sports,60,767,58758.09,3,8.0
RB00944,2023-01-12,TH-CENTRAL,Original Blue,f1 sponsorship,80,661,29662.29,3,6.0
RB02797,2023-05-23,TH-CENTRAL,Red Edition,TV Ad,75,753,48616.37,2,3.0
RB04006,2024-07-02,USA-EAST,Tropical Edition,TV Ad,85,648,24931.94,2,8.0
RB05410,2023-07-01,EUROPE-EU,Krating Daeng 250,Social Media,60,534,33428.76,5,3.0
RB01924,2023-08-15,USA-EAST,Original Blue,extreme sports,80,784,32511.92,4,7.0
RB01949,2024-02-25,TH-SOUTH,Original Blue,f1 sponsorship,80,585,48177.26,3,7.0
RB08995,2024-04-23,TH-CENTRAL,Tropical Edition,in-store promo,85,777,53583.6,5,9.0
RB00334,2024-03-04,TH-NORTH,Tropical Edition,extreme sports,85,512,40932.48,2,7.0
RB04371,2024-10-24,TH-CENTRAL,Original Blue,in-store promo,80,586,27044.54,5,4.0
RB07834,2024-01-08,TH-SOUTH,Krating Daeng 250,Social Media,60,469,34758.19,5,9.0
RB05957,2023-06-09,USA-EAST,Sugarfree,f1 sponsorship,90,362,57248.99,0,5.0
RB02754,2024-05-09,EUROPE-EU,Original Blue,Social Media,80,750,22627.82,2,10.0
RB08524,2023-01-08,TH-EAST,Original Blue,f1 sponsorship,80,892,34028.04,2,3.0
RB08161,2024-10-30,TH-CENTRAL,Tropical Edition,TV Ad,85,689,58175.92,1,7.0
RB06815,2023-01-10,TH-SOUTH,Krating Daeng 250,Social Media,60,575,20124.55,4,9.0
RB08090,2023-05-06,TH-NORTH,Red Edition,Social Media,75,326,30803.59,4,7.0
RB01813,2023-09-05,TH-CENTRAL,Original Blue,Social Media,80,683,40221.95,4,6.0
RB01475,2024-02-17,TH-CENTRAL,Sugarfree,TV Ad,90,584,48018.4,2,9.0
RB05544,2024-04-20,TH-EAST,Original Blue,f1 sponsorship,80,595,25117.15,3,10.0
RB01335,2024-09-17,TH-NORTH,Sugarfree,extreme sports,90,655,30422.17,3,7.0
RB07728,2023-05-30,TH-NORTH,Red Edition,Social Media,75,500,27756.66,3,2.0
RB06929,2023-04-28,TH-NORTH,Sugarfree,f1 sponsorship,90,402,28230.95,3,6.0
RB04860,2023-06-24,TH-SOUTH,Sugarfree,Social Media,90,565,12380.4,2,10.0
RB01020,2024-09-14,TH-NORTH,Tropical Edition,Social Media,85,500,16261.09,2,1.0
RB04503,2024-05-30,USA-EAST,Original Blue,in-store promo,80,616,22031.37,2,10.0
RB07131,2024-10-12,TH-CENTRAL,Krating Daeng 250,TV Ad,60,673,53670.11,3,6.0
RB09578,2024-05-09,EUROPE-EU,Original Blue,Social Media,80,785,52970.31,2,7.0
RB08616,2023-11-03,USA-WEST,Sugarfree,TV Ad,90,642,35767.8,2,8.0
RB09443,2024-08-15,ASIA-PACIFIC,Sugarfree,TV Ad,90,410,37436.45,2,9.0
RB03564,2023-09-22,USA-WEST,Tropical Edition,extreme sports,85,623,22866.9,2,5.0
RB08482,2023-11-17,TH-CENTRAL,Krating Daeng 250,Social Media,60,575,47440.67,1,7.0
RB01188,2023-01-20,USA-EAST,Original Blue,Social Media,80,583,13860.32,3,5.0
RB05700,2023-02-04,TH-SOUTH,Krating Daeng 250,in-store promo,60,624,10190.99,1,6.0
RB06046,2023-07-03,USA-EAST,Red Edition,extreme sports,75,586,35079.22,3,5.0
RB03185,2023-02-11,USA-WEST,Sugarfree,in-store promo,90,652,13450.15,2,6.0
RB02080,2024-02-11,USA-EAST,Tropical Edition,in-store promo,85,221,52085.3,5,4.0
RB08567,2024-08-25,USA-EAST,Sugarfree,in-store promo,90,701,24386.89,0,5.0
RB03487,2023-04-07,EUROPE-EU,Sugarfree,in-store promo,90,540,59253.85,2,5.0
RB01218,2023-12-29,TH-EAST,Red Edition,Social Media,75,552,38553.36,4,6.0
RB02041,2023-07-14,TH-NORTH,Red Edition,f1 sponsorship,75,590,12995.3,2,6.0
RB06597,2023-04-29,TH-SOUTH,Krating Daeng 250,Social Media,60,495,58314.17,2,6.0
RB09560,2023-09-29,EUROPE-EU,Red Edition,extreme sports,75,321,31593.79,3,1.0
RB06880,2024-08-05,USA-EAST,Original Blue,Social Media,80,614,12641.93,0,4.0
RB05676,2023-12-06,USA-EAST,Tropical Edition,extreme sports,85,228,9096.53,0,10.0
RB01053,2024-11-27,TH-EAST,Krating Daeng 250,Social Media,60,518,32607.37,2,6.0
RB07030,2024-08-29,TH-EAST,Original Blue,f1 sponsorship,80,599,22187.06,3,4.0
RB06533,2023-05-26,TH-SOUTH,Sugarfree,TV Ad,90,659,14953.5,3,6.0
RB05725,2024-08-12,TH-SOUTH,Tropical Edition,extreme sports,85,680,41505.94,3,6.0
RB07031,2024-09-01,USA-WEST,Krating Daeng 250,in-store promo,60,498,50186.03,2,2.0
RB02606,2023-06-02,TH-SOUTH,Sugarfree,f1 sponsorship,90,581,34695.64,3,10.0
RB03377,2024-07-07,TH-CENTRAL,Tropical Edition,f1 sponsorship,85,577,49330.1,0,2.0
RB05428,2024-07-11,TH-SOUTH,Krating Daeng 250,extreme sports,60,605,53256.47,1,2.0
RB02359,2023-12-23,TH-SOUTH,Krating Daeng 250,extreme sports,60,672,49884.29,0,3.0
RB01879,2023-01-17,TH-CENTRAL,Tropical Edition,Social Media,85,458,32658.19,4,10.0
RB03297,2023-12-14,TH-EAST,Red Edition,f1 sponsorship,75,578,21824.46,2,7.0
RB03414,2024-07-12,TH-NORTH,Krating Daeng 250,TV Ad,60,288,29945.39,3,6.0
RB01778,2023-03-07,USA-WEST,Red Edition,f1 sponsorship,75,341,56032.77,2,3.0
RB08381,2024-08-12,TH-NORTH,Red Edition,extreme sports,75,493,15333.21,3,6.0
RB06435,2024-06-29,TH-CENTRAL,Sugarfree,extreme sports,90,340,13253.02,2,7.0
RB05864,2024-04-22,USA-WEST,Tropical Edition,TV Ad,85,622,43738.73,3,7.0
RB04593,2023-08-16,TH-EAST,Red Edition,Social Media,75,653,22724.56,2,6.0
RB08298,2023-04-11,USA-WEST,Original Blue,f1 sponsorship,80,244,27529.94,4,9.0
RB09107,2024-04-27,TH-EAST,Original Blue,Social Media,80,556,21682.53,3,8.0
RB00145,2023-06-04,TH-CENTRAL,Sugarfree,TV Ad,90,633,7132.68,1,6.0
RB02484,2023-06-13,USA-EAST,Original Blue,in-store promo,80,611,23509.73,0,8.0
RB06494,2023-10-25,TH-CENTRAL,Sugarfree,Social Media,90,661,46914.91,3,9.0
RB03393,2024-01-30,EUROPE-EU,Sugarfree,TV Ad,90,808,32082.46,0,7.0
RB03660,2023-11-21,USA-EAST,Krating Daeng 250,f1 sponsorship,60,611,49155.81,2,6.0
RB06272,2024-04-04,TH-NORTH,Red Edition,TV Ad,75,664,16505.2,3,2.0
RB08819,2023-06-22,TH-SOUTH,Tropical Edition,extreme sports,85,487,11447.88,1,7.0
RB03585,2024-09-10,TH-CENTRAL,Sugarfree,TV Ad,90,413,36066.44,1,1.0
RB04898,2023-11-02,USA-WEST,Tropical Edition,Social Media,85,327,14938.31,1,6.0
RB06551,2024-06-16,EUROPE-EU,Tropical Edition,in-store promo,85,539,42233.22,5,7.0
RB06683,2024-01-21,EUROPE-EU,Tropical Edition,TV Ad,85,546,42639.6,4,6.0
RB03610,2023-03-23,TH-CENTRAL,Tropical Edition,Social Media,85,585,43598.7,4,6.0
RB02905,2023-07-10,TH-NORTH,Red Edition,TV Ad,75,503,25447.14,2,4.0
RB02451,2023-07-22,TH-SOUTH,Red Edition,Social Media,75,742,6183.28,1,6.0
RB04739,2024-06-15,TH-CENTRAL,Krating Daeng 250,TV Ad,60,663,43102.94,1,6.0
RB09137,2024-09-28,ASIA-PACIFIC,Tropical Edition,TV Ad,85,481,16557.83,5,2.0
RB06537,2024-07-25,EUROPE-EU,Red Edition,Social Media,75,530,41537.2,2,7.0
RB00764,2023-04-28,TH-CENTRAL,Tropical Edition,extreme sports,85,445,59514.4,2,1.0
RB03515,2023-05-11,ASIA-PACIFIC,Tropical Edition,f1 sponsorship,85,530,24349.86,1,8.0
RB08168,2024-07-02,ASIA-PACIFIC,Red Edition,TV Ad,75,536,42376.34,3,5.0
RB07842,2023-11-09,ASIA-PACIFIC,Original Blue,in-store promo,80,626,49185.83,0,9.0
RB01072,2023-01-06,TH-NORTH,Original Blue,Social Media,80,666,30412.76,1,6.0
RB07543,2023-03-24,EUROPE-EU,Sugarfree,in-store promo,90,692,23597.97,5,8.0
RB00654,2023-05-17,TH-CENTRAL,Tropical Edition,f1 sponsorship,85,635,57705.96,2,3.0
RB04342,2024-02-07,USA-WEST,Krating Daeng 250,Social Media,60,412,9593.33,4,6.0
RB00897-DUP,2024-09-11,TH-CENTRAL,Original Blue,f1 sponsorship,80,559,35681.91,5,7.0
RB07466,2024-01-21,TH-EAST,Red Edition,TV Ad,75,572,41861.71,5,3.0
RB03488,2024-05-20,TH-CENTRAL,Krating Daeng 250,in-store promo,60,655,18920.52,2,5.0
RB08220,2023-08-01,TH-NORTH,Original Blue,TV Ad,80,594,33053.69,1,6.0
RB08985,2024-04-22,EUROPE-EU,Tropical Edition,extreme sports,85,644,32658.19,1,7.0
RB01954,2024-03-07,TH-SOUTH,Original Blue,in-store promo,80,548,58682.06,0,6.0
RB09346,2024-04-07,TH-EAST,Tropical Edition,f1 sponsorship,85,495,21128.57,1,4.0
RB04776,2024-08-19,TH-SOUTH,Sugarfree,extreme sports,90,421,37001.23,3,6.0
RB06200,2023-05-07,TH-CENTRAL,Tropical Edition,TV Ad,85,642,15144.06,1,5.0
RB08662,2023-03-06,TH-EAST,Krating Daeng 250,Social Media,60,516,16946.6,0,7.0
RB03032,2023-10-20,EUROPE-EU,Sugarfree,f1 sponsorship,90,423,8309.92,4,6.0
RB04067,2023-06-08,TH-SOUTH,Original Blue,extreme sports,80,574,58033.12,3,6.0
RB04820,2024-03-28,TH-NORTH,Krating Daeng 250,in-store promo,60,432,59599.67,1,1.0
RB06121,2023-06-21,TH-SOUTH,Sugarfree,f1 sponsorship,90,492,14628.59,3,10.0
RB05888,2024-06-07,TH-CENTRAL,Red Edition,Social Media,75,569,17360.02,2,8.0
RB03856,2024-01-09,ASIA-PACIFIC,Red Edition,in-store promo,75,607,25373.85,1,4.0
RB01761,2023-07-29,TH-EAST,Original Blue,Social Media,80,677,33300.32,0,4.0
RB00948,2023-09-14,TH-SOUTH,Sugarfree,f1 sponsorship,90,746,50578.48,1,7.0
RB08538,2023-09-10,USA-EAST,Red Edition,TV Ad,75,363,22847.64,2,5.0
RB09237,2024-03-15,USA-EAST,Original Blue,Social Media,80,575,7622.72,4,9.0
RB07463,2023-08-23,USA-EAST,Original Blue,f1 sponsorship,80,721,55665.46,0,6.0
RB06220-DUP,2024-06-30,EUROPE-EU,Original Blue,TV Ad,80,480,43547.77,2,9.0
RB08000,2024-05-24,USA-WEST,Red Edition,in-store promo,75,444,14106.45,5,10.0
RB06213,2024-02-01,TH-CENTRAL,Tropical Edition,TV Ad,85,634,20661.66,0,8.0
RB02264,2024-04-15,USA-WEST,Sugarfree,extreme sports,90,673,21273.13,4,6.0
RB05545,2023-08-21,USA-WEST,Original Blue,extreme sports,80,516,19962.15,2,6.0
RB06668-DUP,2023-07-07,TH-CENTRAL,Krating Daeng 250,Social Media,60,412,45622.82,0,9.0
RB09218,2023-06-24,TH-SOUTH,Original Blue,Social Media,80,404,47704.69,0,8.0
RB05222,2024-01-16,USA-EAST,Krating Daeng 250,in-store promo,60,837,32658.19,2,6.0
RB09051,2024-03-25,USA-EAST,Krating Daeng 250,in-store promo,60,555,12709.51,5,5.0
RB03890,2024-03-10,TH-CENTRAL,Original Blue,extreme sports,80,717,33237.01,3,5.0
RB00777,2023-07-06,USA-EAST,Red Edition,Social Media,75,725,32658.19,4,5.0
RB05835,2024-12-04,USA-EAST,Tropical Edition,extreme sports,85,712,39105.73,2,7.0
RB01784,2023-10-14,EUROPE-EU,Krating Daeng 250,TV Ad,60,697,18449.18,1,9.0
RB04253,2023-08-26,TH-EAST,Original Blue,in-store promo,80,403,20056.06,1,10.0
RB03880,2023-06-26,TH-CENTRAL,Krating Daeng 250,in-store promo,60,557,34521.25,4,7.0
RB07020,2024-02-10,TH-NORTH,Krating Daeng 250,TV Ad,60,516,38830.79,2,7.0
RB04176,2023-02-14,ASIA-PACIFIC,Tropical Edition,extreme sports,85,623,31101.27,3,9.0
RB02436-DUP,2024-08-15,USA-EAST,Sugarfree,f1 sponsorship,90,638,50479.44,4,6.0
RB07863,2024-01-03,USA-EAST,Original Blue,f1 sponsorship,80,681,15282.26,5,10.0
RB02329,2024-12-10,ASIA-PACIFIC,Sugarfree,extreme sports,90,432,32658.19,2,9.0
RB03979,2024-05-13,TH-CENTRAL,Krating Daeng 250,Social Media,60,568,55021.5,2,8.0
RB07633,2023-05-22,TH-CENTRAL,Sugarfree,TV Ad,90,439,34788.39,2,6.0
RB07287,2023-10-26,ASIA-PACIFIC,Original Blue,f1 sponsorship,80,356,9849.34,1,6.0
RB07607,2023-06-11,TH-SOUTH,Tropical Edition,extreme sports,85,283,26238.86,2,4.0
RB00850,2023-11-16,TH-CENTRAL,Red Edition,Social Media,75,746,43546.91,3,6.0
RB01572,2024-02-12,TH-CENTRAL,Tropical Edition,extreme sports,85,646,20386.46,2,3.0
RB06337,2024-12-17,TH-CENTRAL,Red Edition,extreme sports,75,473,35688.0,4,2.0
RB01402,2024-08-05,EUROPE-EU,Original Blue,f1 sponsorship,80,424,12941.53,2,4.0
RB08463,2024-10-21,ASIA-PACIFIC,Krating Daeng 250,extreme sports,60,754,19878.52,1,6.0
RB06595,2024-01-26,TH-NORTH,Krating Daeng 250,in-store promo,60,419,54920.77,2,3.0
RB03331,2023-08-05,TH-NORTH,Red Edition,extreme sports,75,542,21789.37,0,6.0
RB09158,2023-08-28,EUROPE-EU,Tropical Edition,Social Media,85,560,32658.19,2,6.0
RB06055,2023-04-10,TH-NORTH,Krating Daeng 250,extreme sports,60,583,40004.64,5,6.0
RB09159,2024-08-05,TH-CENTRAL,Tropical Edition,Social Media,85,470,14367.57,2,6.0
RB04869,2024-09-20,TH-NORTH,Krating Daeng 250,in-store promo,60,535,37535.24,1,8.0
RB09213,2023-01-22,TH-CENTRAL,Red Edition,in-store promo,75,486,27783.41,1,3.0
RB01480,2024-07-25,USA-EAST,Original Blue,f1 sponsorship,80,605,5693.86,2,5.0
RB02070,2024-03-11,EUROPE-EU,Sugarfree,TV Ad,90,491,5738.11,1,7.0
RB07902,2023-04-26,TH-CENTRAL,Tropical Edition,f1 sponsorship,85,562,32948.89,1,9.0
RB09486,2023-07-21,TH-EAST,Original Blue,extreme sports,80,741,13006.62,5,3.0
RB01286,2024-01-05,USA-WEST,Tropical Edition,in-store promo,85,570,45866.11,1,9.0
RB06911,2023-07-31,TH-NORTH,Tropical Edition,f1 sponsorship,85,332,37493.64,5,6.0
RB09193,2023-01-02,EUROPE-EU,Sugarfree,f1 sponsorship,90,689,35348.82,3,8.0
RB06198,2024-09-25,TH-CENTRAL,Original Blue,f1 sponsorship,80,510,14555.11,3,10.0
RB07243,2023-12-14,ASIA-PACIFIC,Tropical Edition,in-store promo,85,520,33913.31,1,6.0
RB02095,2023-02-05,TH-NORTH,Original Blue,Social Media,80,433,19988.81,2,9.0
RB00460,2023-05-20,USA-EAST,Krating Daeng 250,in-store promo,60,739,16775.62,4,2.0
RB05625,2024-12-03,USA-EAST,Original Blue,f1 sponsorship,80,573,25470.92,3,10.0
RB03552,2024-04-09,TH-EAST,Krating Daeng 250,in-store promo,60,551,49707.0,4,5.0
RB03319,2024-12-01,TH-NORTH,Red Edition,extreme sports,75,678,53160.42,5,8.0
RB07997,2024-05-06,TH-NORTH,Sugarfree,extreme sports,90,558,40956.24,2,4.0
RB00688,2023-07-10,USA-EAST,Krating Daeng 250,extreme sports,60,599,14555.95,3,7.0
RB05228,2023-10-16,TH-SOUTH,Krating Daeng 250,TV Ad,60,481,15515.9,1,8.0
RB02639,2024-07-24,TH-SOUTH,Red Edition,f1 sponsorship,75,747,1923777.21,5,5.0
RB05950,2023-05-13,TH-SOUTH,Tropical Edition,f1 sponsorship,85,676,17015.2,2,10.0
RB06061,2024-08-04,USA-EAST,Tropical Edition,f1 sponsorship,85,371,19588.92,4,2.0
RB05309,2023-04-06,TH-EAST,Tropical Edition,f1 sponsorship,85,344,32628.22,2,8.0
RB06085,2024-10-10,TH-CENTRAL,Original Blue,in-store promo,80,524,17151.17,3,4.0
RB00106,2024-01-28,TH-CENTRAL,Red Edition,f1 sponsorship,75,702,35296.5,4,3.0
RB07261,2024-01-03,TH-SOUTH,Red Edition,f1 sponsorship,75,503,37686.59,3,10.0
RB00432,2024-04-22,TH-CENTRAL,Original Blue,f1 sponsorship,80,586,7812.23,2,7.0
RB00367,2023-01-10,USA-WEST,Tropical Edition,f1 sponsorship,85,532,32658.19,1,8.0
RB01658,2023-10-17,TH-CENTRAL,Krating Daeng 250,Social Media,60,559,40787.45,3,4.0
RB01434,2023-03-15,USA-EAST,Sugarfree,extreme sports,90,550,53456.63,1,9.0
RB03622,2023-07-19,TH-SOUTH,Krating Daeng 250,TV Ad,60,305,59807.4,2,10.0
RB03830,2024-01-13,TH-NORTH,Sugarfree,TV Ad,90,418,48970.7,4,6.0
RB08075,2023-04-14,TH-EAST,Sugarfree,in-store promo,90,387,54297.36,5,6.0
RB02114,2024-05-18,USA-EAST,Original Blue,Social Media,80,693,40100.14,4,10.0
RB08970-DUP,2023-11-18,ASIA-PACIFIC,Sugarfree,in-store promo,90,399,57708.48,2,8.0
RB00996,2023-06-15,USA-EAST,Original Blue,extreme sports,80,580,31944.83,3,3.0
RB02181,2024-09-05,TH-SOUTH,Original Blue,extreme sports,80,747,32658.19,5,6.0
RB01268,2023-01-25,TH-CENTRAL,Red Edition,Social Media,75,498,26600.16,5,9.0
RB07716,2023-07-21,USA-WEST,Original Blue,TV Ad,80,536,46179.56,4,9.0
RB05955,2023-05-02,USA-EAST,Original Blue,Social Media,80,688,6144.09,4,3.0
RB00518,2024-10-14,USA-WEST,Red Edition,Social Media,75,569,37709.35,4,5.0
RB03389,2023-03-06,USA-EAST,Red Edition,f1 sponsorship,75,457,58698.47,0,7.0
RB03972,2023-01-27,TH-EAST,Krating Daeng 250,extreme sports,60,560,48505.4,2,6.0
RB02107,2024-08-01,TH-SOUTH,Krating Daeng 250,f1 sponsorship,60,450,523466.45,0,6.0
RB01785,2023-05-26,TH-NORTH,Sugarfree,extreme sports,90,614,8197.09,1,7.0
RB03436,2024-06-05,TH-NORTH,Sugarfree,in-store promo,90,582,52312.56,3,5.0
RB06725,2024-09-15,EUROPE-EU,Krating Daeng 250,in-store promo,60,588,27235.35,2,7.0
RB01502,2023-01-11,TH-CENTRAL,Sugarfree,in-store promo,90,279,31295.99,3,5.0
RB00630,2023-09-14,USA-EAST,Red Edition,f1 sponsorship,75,626,54510.61,2,7.0
RB04899,2024-03-28,TH-NORTH,Original Blue,extreme sports,80,487,50366.9,3,6.0
RB07746,2023-10-31,TH-SOUTH,Original Blue,f1 sponsorship,80,599,39072.67,5,5.0
RB07192,2024-10-13,TH-CENTRAL,Red Edition,in-store promo,75,795,46095.82,5,10.0
RB02164,2023-05-10,USA-EAST,Original Blue,extreme sports,80,543,57708.52,1,6.0
RB01119,2023-11-28,USA-EAST,Tropical Edition,in-store promo,85,477,20324.61,1,7.0
RB06414,2024-11-27,EUROPE-EU,Sugarfree,extreme sports,90,526,40409.62,4,4.0
RB07404,2024-07-22,EUROPE-EU,Original Blue,Social Media,80,461,29339.68,2,8.0
RB03733-DUP,2024-03-29,TH-CENTRAL,Original Blue,in-store promo,80,371,8938.05,1,6.0
RB09141,2024-07-26,EUROPE-EU,Sugarfree,TV Ad,90,643,31438.84,3,6.0
RB05840,2024-03-26,TH-CENTRAL,Krating Daeng 250,in-store promo,60,692,54980.96,1,6.0
RB02174,2023-08-20,TH-CENTRAL,Original Blue,f1 sponsorship,80,505,35276.39,1,3.0
RB01888,2023-02-05,TH-CENTRAL,Krating Daeng 250,in-store promo,60,718,17921.71,3,9.0
RB03250,2023-09-06,EUROPE-EU,Red Edition,extreme sports,75,637,37366.35,1,3.0
RB04644,2023-09-16,TH-SOUTH,Krating Daeng 250,in-store promo,60,258,56140.85,3,8.0
RB07445,2024-11-27,USA-WEST,Red Edition,f1 sponsorship,75,566,18173.42,2,6.0
RB03583,2024-04-14,ASIA-PACIFIC,Sugarfree,in-store promo,90,660,32658.19,2,5.0
RB02273,2023-06-14,USA-EAST,Sugarfree,in-store promo,90,632,16741.42,2,9.0
RB08008,2023-09-16,USA-WEST,Sugarfree,Social Media,90,571,41481.51,4,10.0
RB01959,2023-05-24,USA-EAST,Original Blue,Social Media,80,429,6403.33,4,7.0
RB06131,2023-02-14,TH-NORTH,Red Edition,f1 sponsorship,75,435,38867.17,1,10.0
RB04102,2024-12-31,TH-CENTRAL,Sugarfree,in-store promo,90,671,56996.81,3,6.0
RB01586,2024-07-13,TH-CENTRAL,Sugarfree,extreme sports,90,750,50271.54,2,7.0
RB03053,2023-03-24,EUROPE-EU,Tropical Edition,TV Ad,85,697,24261.07,4,7.0
RB00533,2024-01-16,EUROPE-EU,Sugarfree,TV Ad,90,504,28966.87,0,4.0
RB07316,2024-10-21,EUROPE-EU,Tropical Edition,f1 sponsorship,85,794,34562.3,3,7.0
RB03073,2023-04-30,TH-CENTRAL,Krating Daeng 250,Social Media,60,660,14109.94,1,9.0
RB02525,2024-03-09,TH-CENTRAL,Sugarfree,extreme sports,90,605,51859.64,1,4.0
RB02142,2024-03-18,EUROPE-EU,Original Blue,f1 sponsorship,80,458,35325.61,2,6.0
RB06553,2024-03-18,TH-NORTH,Sugarfree,f1 sponsorship,90,621,21295.99,87,2.0
RB03085,2023-02-08,USA-WEST,Sugarfree,f1 sponsorship,90,701,13626.81,5,9.0
RB06677,2024-12-12,USA-WEST,Original Blue,Social Media,80,398,9631.68,3,6.0
RB04994,2023-03-26,TH-EAST,Original Blue,f1 sponsorship,80,530,33141.25,2,6.0
RB06734,2024-11-07,TH-CENTRAL,Sugarfree,TV Ad,90,574,35717.13,1,6.0
RB09525,2023-01-21,TH-SOUTH,Krating Daeng 250,TV Ad,60,860,34617.74,1,3.0
RB09058,2023-05-08,USA-EAST,Red Edition,Social Media,75,469,22598.69,2,7.0
RB01139,2024-03-05,EUROPE-EU,Sugarfree,Social Media,90,436,14557.23,3,10.0
RB08085,2023-02-26,EUROPE-EU,Tropical Edition,extreme sports,85,626,54221.68,3,6.0
RB07198,2023-05-09,TH-NORTH,Sugarfree,in-store promo,90,618,20902.15,2,9.0
RB00167,2024-01-01,EUROPE-EU,Red Edition,in-store promo,75,422,6965.62,1,7.0
RB06523,2023-01-01,ASIA-PACIFIC,Tropical Edition,Social Media,85,596,9637.98,1,2.0
RB07375,2023-12-29,EUROPE-EU,Krating Daeng 250,Social Media,60,493,37307.31,2,1.0
RB05394,2023-03-30,TH-CENTRAL,Sugarfree,extreme sports,90,662,52899.88,5,4.0
RB07332,2024-10-06,EUROPE-EU,Red Edition,extreme sports,75,453,29466.64,2,5.0
RB03175,2024-11-13,USA-EAST,Original Blue,in-store promo,80,610,15874.74,0,5.0
RB09125,2024-05-01,EUROPE-EU,Tropical Edition,f1 sponsorship,85,579,47114.79,3,6.0
RB07865,2024-10-07,TH-SOUTH,Red Edition,TV Ad,75,462,32658.19,3,9.0
RB00979,2024-09-24,TH-NORTH,Sugarfree,TV Ad,90,658,32051.65,3,3.0
RB00615,2024-02-06,TH-SOUTH,Sugarfree,TV Ad,90,548,34174.66,3,6.0
RB04923,2023-09-23,TH-EAST,Tropical Edition,extreme sports,85,452,35422.28,1,9.0
RB07462,2023-02-06,TH-NORTH,Sugarfree,f1 sponsorship,90,332,30241.87,2,9.0
RB02824,2023-04-02,EUROPE-EU,Krating Daeng 250,Social Media,60,720,15085.92,1,10.0
RB02363,2024-01-28,TH-NORTH,Krating Daeng 250,Social Media,60,797,42888.86,0,7.0
RB04125,2023-07-23,USA-EAST,Sugarfree,f1 sponsorship,90,503,32658.19,1,8.0
RB04877-DUP,2023-08-18,ASIA-PACIFIC,Original Blue,extreme sports,80,801,23360.49,5,7.0
RB01609,2023-10-02,TH-SOUTH,Sugarfree,f1 sponsorship,90,483,29571.91,0,8.0
RB02625,2024-06-21,USA-WEST,Tropical Edition,Social Media,85,638,42210.1,0,10.0
RB08924,2023-06-17,TH-NORTH,Krating Daeng 250,Social Media,60,641,32658.19,2,7.0
RB01373,2023-02-02,TH-EAST,Tropical Edition,Social Media,85,646,32658.19,2,10.0
RB04315,2023-09-30,TH-NORTH,Krating Daeng 250,in-store promo,60,406,9812.29,0,4.0
RB03227,2024-06-17,TH-SOUTH,Krating Daeng 250,in-store promo,60,535,28934.57,1,8.0
RB01922,2023-12-16,TH-SOUTH,Original Blue,TV Ad,80,662,9837.25,4,6.0
RB01750,2024-05-01,USA-EAST,Tropical Edition,f1 sponsorship,85,623,6323.86,5,7.0
RB09135,2023-10-07,TH-CENTRAL,Original Blue,Social Media,80,430,54469.34,1,6.0
RB00079,2024-09-06,TH-CENTRAL,Tropical Edition,in-store promo,85,585,25981.75,4,7.0
RB07103,2023-12-13,TH-CENTRAL,Sugarfree,f1 sponsorship,90,543,18904.51,2,7.0
RB03749,2024-07-11,EUROPE-EU,Tropical Edition,Social Media,85,397,12335.85,2,7.0
RB03346,2024-08-22,EUROPE-EU,Krating Daeng 250,f1 sponsorship,60,410,54324.5,3,6.0
RB04381,2023-06-11,TH-CENTRAL,Original Blue,TV Ad,80,512,5754.09,1,6.0
RB08495,2023-05-05,TH-SOUTH,Sugarfree,TV Ad,90,336,31351.02,2,6.0
RB04222,2024-07-31,TH-NORTH,Original Blue,Social Media,80,475,25196.41,3,3.0
RB04426,2024-11-25,USA-WEST,Tropical Edition,TV Ad,85,606,19767.35,1,7.0
RB06920,2023-06-01,TH-CENTRAL,Tropical Edition,extreme sports,85,594,54949.01,2,9.0
RB08224,2023-11-18,TH-CENTRAL,Krating Daeng 250,f1 sponsorship,60,558,14994.77,3,6.0
RB09273,2023-12-12,TH-CENTRAL,Krating Daeng 250,Social Media,60,658,21574.15,2,5.0
RB08310,2024-12-13,TH-NORTH,Sugarfree,TV Ad,90,564,46454.54,2,10.0
RB07974,2023-09-25,TH-SOUTH,Original Blue,in-store promo,80,599,32227.48,2,4.0
RB05769,2024-11-08,TH-SOUTH,Original Blue,Social Media,80,606,33304.17,1,10.0
RB04481,2024-12-18,ASIA-PACIFIC,Tropical Edition,Social Media,85,474,29128.44,4,7.0
RB04710,2024-08-16,USA-WEST,Krating Daeng 250,TV Ad,60,480,12696.65,0,6.0
RB09382-DUP,2024-05-31,USA-EAST,Red Edition,in-store promo,75,308,37814.19,4,4.0
RB04220,2024-05-29,TH-CENTRAL,Tropical Edition,in-store promo,85,322,55480.73,3,4.0
RB07120-DUP,2024-11-27,TH-EAST,Tropical Edition,in-store promo,85,555,45896.09,3,6.0
RB02383,2023-08-26,TH-NORTH,Sugarfree,Social Media,90,588,18101.76,3,3.0
RB05351,2024-09-19,USA-EAST,Krating Daeng 250,extreme sports,60,590,5658.53,3,4.0
RB00908,2024-03-03,USA-EAST,Original Blue,TV Ad,80,553,33591.71,2,6.0
RB04044,2023-05-29,ASIA-PACIFIC,Original Blue,Social Media,80,382,54954.18,1,10.0
RB04577,2024-09-07,TH-NORTH,Original Blue,in-store promo,80,398,56685.94,5,8.0
RB06464,2024-07-16,TH-NORTH,Original Blue,f1 sponsorship,80,563,32658.19,2,2.0
RB08742,2023-06-02,TH-NORTH,Tropical Edition,TV Ad,85,556,47028.33,0,8.0
RB00385,2023-11-25,EUROPE-EU,Original Blue,extreme sports,80,585,21433.09,3,7.0
RB07740,2024-04-29,USA-EAST,Red Edition,TV Ad,75,551,29292.51,1,6.0
RB05825,2024-06-01,EUROPE-EU,Sugarfree,Social Media,90,348,23539.37,0,3.0
RB07126,2023-06-29,USA-WEST,Krating Daeng 250,TV Ad,60,663,42628.31,1,6.0
RB06908,2023-04-14,TH-CENTRAL,Tropical Edition,in-store promo,85,622,46235.1,5,6.0
RB01844-DUP,2024-08-29,TH-NORTH,Sugarfree,in-store promo,90,549,49183.87,1,7.0
RB07041,2023-05-08,TH-CENTRAL,Krating Daeng 250,Social Media,60,551,7926.67,1,6.0
RB06490,2023-10-18,TH-NORTH,Sugarfree,f1 sponsorship,90,759,29832.49,2,4.0
RB04950,2023-09-17,TH-NORTH,Tropical Edition,Social Media,85,373,17228.97,1,7.0
RB07802,2023-03-08,USA-WEST,Sugarfree,TV Ad,90,483,50118.49,1,4.0
RB06870,2023-02-17,TH-EAST,Red Edition,TV Ad,75,490,11352.2,1,7.0
RB01811,2024-05-02,USA-WEST,Sugarfree,TV Ad,90,630,47039.46,2,7.0
RB05647,2024-09-17,USA-EAST,Tropical Edition,in-store promo,85,408,31964.34,5,6.0
RB02375,2024-07-23,EUROPE-EU,Original Blue,in-store promo,80,717,48164.84,1,3.0
RB09499,2024-10-23,TH-NORTH,Tropical Edition,TV Ad,85,429,37052.21,2,5.0
RB00313,2023-08-29,ASIA-PACIFIC,Original Blue,extreme sports,80,798,56299.87,1,1.0
RB04221,2023-01-27,TH-EAST,Krating Daeng 250,extreme sports,60,674,17670.06,1,7.0
RB03212,2023-04-11,ASIA-PACIFIC,Sugarfree,f1 sponsorship,90,528,29552.47,2,6.0
RB08027,2023-01-22,TH-NORTH,Original Blue,TV Ad,80,439,26270.64,1,3.0
RB09016,2023-11-22,TH-NORTH,Tropical Edition,Social Media,85,538,7549.79,5,3.0
RB06041,2023-08-13,TH-EAST,Original Blue,f1 sponsorship,80,615,27485.49,1,6.0
RB03544,2023-06-20,TH-NORTH,Krating Daeng 250,Social Media,60,15017,51274.35,4,6.0
RB00846,2023-11-04,TH-CENTRAL,Original Blue,in-store promo,80,616,58818.88,0,6.0
RB00405,2023-11-18,TH-CENTRAL,Sugarfree,in-store promo,90,663,18107.36,3,7.0
RB07235,2023-09-06,ASIA-PACIFIC,Red Edition,Social Media,75,724,29684.92,0,9.0
RB00749,2024-01-02,ASIA-PACIFIC,Original Blue,in-store promo,80,440,33572.36,2,10.0
RB04659,2024-02-21,TH-NORTH,Tropical Edition,Social Media,85,469,38692.03,1,10.0
RB00336,2024-07-21,ASIA-PACIFIC,Tropical Edition,f1 sponsorship,85,538,55441.52,3,8.0
RB05961,2024-07-08,TH-SOUTH,Sugarfree,Social Media,90,617,52578.79,0,6.0
RB06353,2024-12-29,TH-NORTH,Red Edition,Social Media,75,568,38407.41,0,7.0
RB05407,2023-06-10,TH-EAST,Tropical Edition,f1 sponsorship,85,16174,31453.35,3,7.0
RB00353,2023-11-03,USA-WEST,Krating Daeng 250,extreme sports,60,582,7716.36,2,4.0
RB08102,2024-04-05,TH-CENTRAL,Red Edition,f1 sponsorship,75,388,37285.01,2,7.0
RB00972-DUP,2023-08-19,ASIA-PACIFIC,Original Blue,TV Ad,80,478,44348.34,5,9.0
RB03169,2024-03-19,EUROPE-EU,Red Edition,f1 sponsorship,75,523,19237.59,4,6.0
RB08048,2024-03-20,ASIA-PACIFIC,Sugarfree,TV Ad,90,718,58313.63,2,6.0
RB04285,2023-01-31,TH-SOUTH,Tropical Edition,TV Ad,85,565,27187.88,2,7.0
RB03060,2024-08-30,EUROPE-EU,Tropical Edition,TV Ad,85,381,42211.88,1,7.0
RB09106,2024-10-02,TH-EAST,Tropical Edition,extreme sports,85,622,34613.79,3,7.0
RB01234,2024-12-08,TH-CENTRAL,Krating Daeng 250,f1 sponsorship,60,433,24620.18,0,6.0
RB03484,2023-10-16,TH-CENTRAL,Sugarfree,extreme sports,90,569,18837.95,2,7.0
RB02423,2024-10-28,TH-CENTRAL,Red Edition,Social Media,75,452,12272.45,0,4.0
RB01828,2023-06-26,TH-CENTRAL,Red Edition,extreme sports,75,609,34517.18,5,4.0
RB05026,2024-05-28,USA-WEST,Original Blue,extreme sports,80,494,17473.39,3,5.0
RB01845,2024-10-16,TH-NORTH,Sugarfree,f1 sponsorship,90,587,29253.97,2,7.0
RB08004,2024-03-08,TH-CENTRAL,Tropical Edition,extreme sports,85,429,10350.21,1,6.0
RB07313,2024-11-04,TH-EAST,Krating Daeng 250,extreme sports,60,384,15568.22,3,6.0
RB05610,2024-12-13,TH-NORTH,Tropical Edition,f1 sponsorship,85,687,53081.55,1,10.0
RB06378,2024-12-30,TH-NORTH,Red Edition,in-store promo,75,732,51509.84,2,6.0
RB05176,2024-10-08,TH-CENTRAL,Sugarfree,Social Media,90,698,13626.47,2,9.0
RB00472,2024-06-28,TH-SOUTH,Sugarfree,TV Ad,90,814,32658.19,1,8.0
RB06874,2023-09-28,EUROPE-EU,Red Edition,Social Media,75,370,34055.37,2,6.0
RB00540,2023-04-04,TH-SOUTH,Red Edition,TV Ad,75,766,24270.51,2,8.0
RB06345,2023-10-21,USA-WEST,Tropical Edition,extreme sports,85,505,32658.19,3,6.0
RB06391,2024-09-02,TH-EAST,Krating Daeng 250,extreme sports,60,528,56288.88,4,2.0
RB06271,2023-10-16,USA-WEST,Krating Daeng 250,in-store promo,60,543,52684.97,4,7.0
RB06726,2023-04-19,TH-NORTH,Krating Daeng 250,extreme sports,60,501,26273.11,0,4.0
RB04747,2024-05-20,TH-NORTH,Original Blue,f1 sponsorship,80,560,47734.41,5,6.0
RB00218,2023-09-26,TH-SOUTH,Sugarfree,in-store promo,90,606,42808.52,3,6.0
RB09266,2023-12-01,TH-CENTRAL,Krating Daeng 250,TV Ad,60,399,19041.78,3,1.0
RB01736,2024-03-25,TH-EAST,Original Blue,f1 sponsorship,80,486,46188.24,1,7.0
RB08813,2024-02-09,USA-WEST,Sugarfree,in-store promo,90,678,6386.11,2,7.0
RB02930,2023-11-05,ASIA-PACIFIC,Sugarfree,Social Media,90,584,16748.63,5,4.0
RB09471,2023-07-31,USA-EAST,Original Blue,in-store promo,80,466,31916.91,2,6.0
RB00287,2023-01-02,USA-WEST,Tropical Edition,f1 sponsorship,85,604,48550.65,5,3.0
RB01566,2023-04-23,EUROPE-EU,Sugarfree,in-store promo,90,688,19441.91,1,7.0
RB01414,2024-01-17,USA-WEST,Original Blue,Social Media,80,421,15413.65,4,8.0
RB09456,2023-05-02,TH-NORTH,Sugarfree,extreme sports,90,565,36489.24,3,8.0
RB05963,2024-03-29,TH-NORTH,Original Blue,in-store promo,80,402,22089.95,3,2.0
RB09038,2023-10-31,TH-CENTRAL,Sugarfree,f1 sponsorship,90,467,23715.73,3,10.0
RB03786,2023-09-22,TH-NORTH,Tropical Edition,TV Ad,85,387,26631.02,0,3.0
RB02011,2023-03-10,USA-EAST,Tropical Edition,extreme sports,85,650,43565.03,2,2.0
RB08418,2023-04-18,TH-NORTH,Krating Daeng 250,in-store promo,60,532,54883.39,3,8.0
RB07258,2023-10-26,USA-EAST,Red Edition,Social Media,75,606,44905.98,1,7.0
RB03859,2023-02-24,USA-EAST,Original Blue,TV Ad,80,581,53447.08,3,8.0
RB04239,2024-07-28,USA-EAST,Tropical Edition,extreme sports,85,525,31531.21,3,4.0
RB08735,2024-01-13,TH-CENTRAL,Original Blue,in-store promo,80,650,44306.05,2,1.0
RB05537,2024-07-01,ASIA-PACIFIC,Tropical Edition,in-store promo,85,364,52846.28,3,6.0
RB05773,2024-07-06,TH-NORTH,Original Blue,Social Media,80,9911,13701.86,5,9.0
RB06073,2023-01-05,TH-NORTH,Tropical Edition,in-store promo,85,651,17593.23,5,7.0
RB07598,2023-11-04,TH-CENTRAL,Red Edition,TV Ad,75,458,14401.49,5,2.0
RB03616,2023-01-31,USA-WEST,Krating Daeng 250,TV Ad,60,656,32658.19,1,6.0
RB01767,2023-11-08,TH-EAST,Tropical Edition,f1 sponsorship,85,446,53201.46,0,2.0
RB01833,2024-12-27,TH-NORTH,Red Edition,TV Ad,75,495,10102.34,2,6.0
RB01743,2023-02-20,EUROPE-EU,Original Blue,Social Media,80,600,48972.99,0,9.0
RB05978,2023-08-14,TH-CENTRAL,Tropical Edition,TV Ad,85,363,54766.92,3,4.0
RB02013,2023-07-21,TH-CENTRAL,Red Edition,extreme sports,75,791,49636.48,0,8.0
RB08342,2023-01-15,TH-NORTH,Original Blue,Social Media,80,450,27632.71,1,4.0
RB02856,2023-02-12,TH-NORTH,Sugarfree,f1 sponsorship,90,488,21712.24,2,8.0
RB03090,2023-12-04,TH-CENTRAL,Krating Daeng 250,in-store promo,60,416,29225.76,3,3.0
RB05755,2023-06-06,ASIA-PACIFIC,Krating Daeng 250,extreme sports,60,516,53957.15,2,7.0
RB01260,2024-04-25,TH-CENTRAL,Krating Daeng 250,extreme sports,60,492,48771.11,4,7.0
RB07017,2023-08-27,TH-NORTH,Tropical Edition,f1 sponsorship,85,591,20165.39,4,10.0
RB08003,2024-10-22,TH-SOUTH,Krating Daeng 250,in-store promo,60,430,42106.39,3,7.0
RB03199-DUP,2024-12-28,TH-NORTH,Sugarfree,Social Media,90,660,14691.86,4,7.0
RB05403,2024-08-04,TH-NORTH,Original Blue,extreme sports,80,395,28470.01,0,7.0
RB03479,2024-02-26,TH-NORTH,Tropical Edition,TV Ad,85,480,24724.17,2,8.0
RB06942,2024-07-03,TH-CENTRAL,Sugarfree,Social Media,90,323,11010.32,1,7.0
RB00101,2024-07-06,TH-CENTRAL,Tropical Edition,TV Ad,85,666,8326.3,2,9.0
RB02933,2024-05-19,TH-NORTH,Krating Daeng 250,in-store promo,60,600,53567.56,3,5.0
RB07726-DUP,2024-07-29,TH-NORTH,Red Edition,TV Ad,75,431,34233.42,4,10.0
RB08816,2024-12-21,USA-EAST,Original Blue,TV Ad,80,483,23672.59,5,6.0
RB05534,2023-04-01,TH-CENTRAL,Sugarfree,TV Ad,90,589,47305.6,3,4.0
RB09099,2024-04-01,TH-SOUTH,Sugarfree,f1 sponsorship,90,474,38670.01,1,4.0
RB05051,2023-04-24,TH-CENTRAL,Original Blue,Social Media,80,505,27665.5,4,9.0
RB05771,2023-06-14,USA-EAST,Krating Daeng 250,in-store promo,60,567,17579.47,5,3.0
RB06534,2024-07-28,TH-CENTRAL,Krating Daeng 250,extreme sports,60,407,22844.51,5,6.0
RB00504,2024-05-11,TH-EAST,Red Edition,TV Ad,75,370,34425.95,4,6.0
RB01952,2024-09-03,ASIA-PACIFIC,Red Edition,in-store promo,75,709,54449.96,2,7.0
RB06642,2024-04-15,USA-EAST,Original Blue,Social Media,80,719,7184.8,2,5.0
RB05866,2024-06-24,USA-WEST,Original Blue,in-store promo,80,594,20594.31,3,4.0
RB05448,2023-04-18,TH-EAST,Original Blue,extreme sports,80,548,6761.6,1,5.0
RB04013,2024-05-03,TH-CENTRAL,Tropical Edition,in-store promo,85,604,8668.22,0,7.0
RB00967,2023-03-25,USA-EAST,Sugarfree,in-store promo,90,430,12030.57,4,6.0
RB06862,2024-09-24,TH-EAST,Sugarfree,Social Media,90,313,5265.06,3,4.0
RB03113,2023-09-23,USA-WEST,Red Edition,in-store promo,75,504,53882.29,1,9.0
RB01957,2023-05-21,TH-CENTRAL,Original Blue,Social Media,80,599,7021.64,0,4.0
RB03286,2023-07-22,TH-SOUTH,Krating Daeng 250,f1 sponsorship,60,501,7116.89,0,6.0
RB02182,2024-11-14,EUROPE-EU,Sugarfree,Social Media,90,515,25797.45,3,4.0
RB06158,2023-04-19,TH-SOUTH,Krating Daeng 250,TV Ad,60,437,37922.84,2,10.0
RB05025,2023-08-07,TH-NORTH,Tropical Edition,Social Media,85,495,45625.21,1,9.0
RB04394,2024-11-03,TH-SOUTH,Original Blue,extreme sports,80,350,10858.27,2,8.0
RB01684,2023-03-18,TH-SOUTH,Red Edition,f1 sponsorship,75,710,8192.62,1,7.0
RB07884,2023-04-14,ASIA-PACIFIC,Original Blue,TV Ad,80,586,45957.68,3,6.0
RB06604,2023-12-08,EUROPE-EU,Red Edition,TV Ad,75,676,21589.63,5,8.0
RB02113,2024-01-06,USA-WEST,Tropical Edition,extreme sports,85,341,32647.11,5,7.0
RB02216,2024-05-22,USA-EAST,Krating Daeng 250,in-store promo,60,522,12825.92,1,7.0
RB06729,2023-08-21,USA-EAST,Original Blue,f1 sponsorship,80,419,47122.53,1,5.0
RB02832,2023-02-11,TH-SOUTH,Sugarfree,Social Media,90,642,43537.86,3,8.0
RB07107,2023-07-25,EUROPE-EU,Krating Daeng 250,f1 sponsorship,60,568,58404.53,0,6.0
RB07327,2023-01-21,TH-NORTH,Tropical Edition,f1 sponsorship,85,403,32565.27,3,1.0
RB03225,2023-02-27,TH-SOUTH,Sugarfree,Social Media,90,502,9254.11,0,5.0
RB06094,2023-06-06,USA-WEST,Sugarfree,f1 sponsorship,90,429,48508.56,0,5.0
RB04544,2024-10-03,USA-EAST,Krating Daeng 250,f1 sponsorship,60,591,23267.26,2,9.0
RB03961,2024-02-19,ASIA-PACIFIC,Krating Daeng 250,Social Media,60,470,25343.69,2,10.0
RB03901,2023-11-03,USA-WEST,Red Edition,in-store promo,75,527,36880.61,3,9.0
RB08633,2023-07-24,USA-EAST,Original Blue,in-store promo,80,664,32658.19,2,7.0
RB00909,2024-10-15,TH-NORTH,Sugarfree,f1 sponsorship,90,647,27648.95,3,2.0
RB05432,2024-10-09,TH-EAST,Original Blue,Social Media,80,659,13158.27,4,8.0
RB08185,2024-09-20,TH-NORTH,Krating Daeng 250,TV Ad,60,605,27714.08,2,7.0
RB06382,2023-10-22,USA-EAST,Krating Daeng 250,f1 sponsorship,60,498,42478.9,0,10.0
RB06020,2024-12-13,TH-CENTRAL,Tropical Edition,Social Media,85,609,15065.7,3,4.0
RB07642,2024-03-16,TH-CENTRAL,Original Blue,f1 sponsorship,80,571,57154.82,4,6.0
RB06589,2024-09-14,USA-WEST,Sugarfree,f1 sponsorship,90,604,1681243.16,3,5.0
RB07709,2024-05-09,USA-EAST,Sugarfree,TV Ad,90,14344,35469.68,3,10.0
RB07245,2023-10-21,USA-EAST,Original Blue,f1 sponsorship,80,684,46668.21,3,4.0
RB01305,2024-07-08,TH-CENTRAL,Sugarfree,Social Media,90,671,7498.38,1,10.0
RB05572,2023-02-17,TH-SOUTH,Original Blue,Social Media,80,621,7399.37,2,8.0
RB03673,2024-08-06,USA-WEST,Red Edition,in-store promo,75,518,6701.62,2,7.0
RB02971,2023-01-13,TH-SOUTH,Krating Daeng 250,TV Ad,60,541,18719.93,5,4.0
RB02861,2023-10-31,ASIA-PACIFIC,Original Blue,Social Media,80,363,56955.46,5,7.0
RB05347,2023-02-21,USA-WEST,Original Blue,extreme sports,80,708,6756.25,5,4.0
RB03238,2023-08-08,TH-EAST,Red Edition,in-store promo,75,522,6189.52,3,6.0
RB03178,2024-08-08,USA-EAST,Red Edition,f1 sponsorship,75,454,56852.09,1,6.0
RB01512,2023-09-14,TH-CENTRAL,Red Edition,Social Media,75,510,7900.91,2,6.0
RB09093,2023-06-21,USA-EAST,Sugarfree,TV Ad,90,691,38839.44,1,7.0
RB04870,2023-02-03,TH-CENTRAL,Red Edition,Social Media,75,447,40460.76,1,6.0
RB00983,2024-02-23,TH-CENTRAL,Original Blue,f1 sponsorship,80,565,11689.48,5,6.0
RB06107,2024-04-08,TH-NORTH,Red Edition,in-store promo,75,585,19793.68,4,5.0
RB02426,2024-08-04,EUROPE-EU,Original Blue,TV Ad,80,628,50307.36,0,3.0
RB02118,2024-04-25,TH-CENTRAL,Original Blue,in-store promo,80,344,21404.15,3,7.0
RB04945,2023-10-15,TH-NORTH,Original Blue,extreme sports,80,537,30459.99,3,6.0
RB02993,2023-08-31,TH-SOUTH,Original Blue,f1 sponsorship,80,593,40322.91,1,6.0
RB09108,2024-02-24,USA-EAST,Krating Daeng 250,extreme sports,60,592,32658.19,3,8.0
RB07671,2024-05-30,USA-WEST,Original Blue,TV Ad,80,592,54617.3,1,4.0
RB07749,2023-12-24,USA-EAST,Krating Daeng 250,in-store promo,60,562,13959.1,4,6.0
RB00511,2024-10-15,TH-CENTRAL,Krating Daeng 250,Social Media,60,740,46085.34,2,3.0
RB07759,2023-09-21,TH-NORTH,Red Edition,TV Ad,75,396,41850.84,1,5.0
RB04705,2023-05-18,EUROPE-EU,Krating Daeng 250,in-store promo,60,570,28476.17,2,7.0
RB00025,2024-07-21,USA-EAST,Red Edition,TV Ad,75,307,32658.19,0,4.0
RB03036,2023-09-18,ASIA-PACIFIC,Original Blue,extreme sports,80,555,57735.3,4,3.0
RB03322,2023-03-20,USA-EAST,Red Edition,extreme sports,75,599,32658.19,1,1.0
RB08814,2024-05-03,TH-EAST,Krating Daeng 250,TV Ad,60,698,17558.98,3,6.0
RB07768,2024-07-06,TH-NORTH,Original Blue,TV Ad,80,533,40382.37,5,6.0
RB04121,2023-10-03,TH-NORTH,Original Blue,extreme sports,80,579,37345.75,2,5.0
RB05941,2023-07-17,TH-NORTH,Krating Daeng 250,TV Ad,60,426,39444.83,3,8.0
RB01747,2024-03-04,USA-WEST,Krating Daeng 250,Social Media,60,721,53402.22,2,3.0
RB01606,2024-08-30,TH-SOUTH,Original Blue,TV Ad,80,560,36485.6,5,9.0
RB07955,2023-08-10,TH-NORTH,Original Blue,TV Ad,80,513,53829.36,2,2.0
RB06065,2024-12-20,TH-CENTRAL,Tropical Edition,extreme sports,85,319,53374.43,4,6.0
RB01898,2024-04-28,USA-EAST,Krating Daeng 250,TV Ad,60,649,50385.65,4,5.0
RB04816,2023-09-23,TH-CENTRAL,Original Blue,extreme sports,80,532,33763.23,4,5.0
RB07383,2024-02-17,USA-WEST,Original Blue,f1 sponsorship,80,627,32658.19,2,8.0
RB05741,2024-01-15,TH-CENTRAL,Tropical Edition,extreme sports,85,670,23571.29,1,8.0
RB08541,2024-12-27,TH-EAST,Sugarfree,f1 sponsorship,90,516,24492.72,5,8.0
RB08017,2024-09-06,TH-NORTH,Red Edition,TV Ad,75,584,32658.19,2,7.0
RB07183,2023-12-15,TH-SOUTH,Krating Daeng 250,f1 sponsorship,60,481,13117.51,3,5.0
RB04020,2023-07-20,TH-EAST,Tropical Edition,f1 sponsorship,85,808,18085.2,4,7.0
RB02777,2023-10-10,TH-CENTRAL,Sugarfree,Social Media,90,571,15165.58,5,5.0
RB03939,2024-12-04,USA-WEST,Red Edition,in-store promo,75,404,49524.72,2,10.0
RB08588,2024-01-21,USA-EAST,Krating Daeng 250,f1 sponsorship,60,482,40617.08,2,7.0
RB00297,2023-11-08,TH-NORTH,Sugarfree,Social Media,90,315,44512.54,2,5.0
RB00484,2023-05-03,TH-CENTRAL,Krating Daeng 250,Social Media,60,607,15197.54,0,8.0
RB04269,2024-05-20,TH-NORTH,Original Blue,in-store promo,80,700,57738.9,2,9.0
RB04184,2024-11-21,TH-CENTRAL,Sugarfree,TV Ad,90,552,46055.89,1,9.0
RB03944,2023-11-04,TH-EAST,Red Edition,Social Media,75,506,10393.28,4,5.0
RB03451,2024-04-02,TH-NORTH,Original Blue,extreme sports,80,664,52750.1,2,5.0
RB00759,2024-12-21,TH-CENTRAL,Red Edition,extreme sports,75,454,28368.03,0,4.0
RB03018,2023-09-03,EUROPE-EU,Tropical Edition,extreme sports,85,579,19761.67,2,4.0
RB05631,2023-02-16,TH-EAST,Krating Daeng 250,in-store promo,60,615,47057.22,5,9.0
RB04687,2023-04-05,TH-NORTH,Red Edition,extreme sports,75,636,42866.53,5,4.0
RB07599,2024-12-25,TH-NORTH,Tropical Edition,TV Ad,85,541,35974.32,2,6.0
RB06415,2023-06-09,ASIA-PACIFIC,Tropical Edition,TV Ad,85,581,31888.0,3,7.0
RB05885,2024-08-14,TH-CENTRAL,Sugarfree,in-store promo,90,563,52584.81,1,9.0
RB00473,2024-12-31,USA-EAST,Original Blue,Social Media,80,398,7072.6,4,6.0
RB01451,2023-03-26,USA-EAST,Original Blue,in-store promo,80,392,50789.97,3,8.0
RB08379,2023-04-05,TH-NORTH,Original Blue,Social Media,80,613,59021.15,3,4.0
RB04584,2024-12-21,USA-EAST,Original Blue,Social Media,80,546,32884.93,0,6.0
RB05605,2024-08-02,TH-NORTH,Krating Daeng 250,TV Ad,60,687,16142.16,4,4.0
RB04771,2023-02-19,EUROPE-EU,Tropical Edition,in-store promo,85,490,19714.59,1,8.0
RB05294,2023-03-15,TH-CENTRAL,Sugarfree,TV Ad,90,590,16484.22,0,6.0
RB05213,2023-04-22,TH-NORTH,Red Edition,Social Media,75,757,23685.06,3,10.0
RB00462,2024-04-09,TH-CENTRAL,Original Blue,extreme sports,80,768,58192.38,1,5.0
RB03306,2023-04-03,USA-EAST,Red Edition,extreme sports,75,451,24958.98,1,9.0
RB02191,2023-04-21,TH-NORTH,Red Edition,TV Ad,75,593,41531.37,0,10.0
RB04877,2023-08-18,ASIA-PACIFIC,Original Blue,extreme sports,80,801,23360.49,5,7.0
RB04359,2024-04-06,TH-CENTRAL,Original Blue,in-store promo,80,804,49382.53,2,2.0
RB01665,2024-03-30,USA-WEST,Krating Daeng 250,extreme sports,60,394,8091.5,1,4.0
RB00800,2023-11-19,USA-WEST,Original Blue,Social Media,80,640,11713.8,2,4.0
RB03685,2023-10-13,TH-NORTH,Original Blue,f1 sponsorship,80,709,20155.89,0,1.0
RB01323,2024-01-26,TH-NORTH,Tropical Edition,in-store promo,85,553,38808.51,2,8.0
RB03049,2023-11-30,TH-NORTH,Sugarfree,extreme sports,90,664,48996.84,3,10.0
RB08602,2024-04-10,TH-CENTRAL,Tropical Edition,Social Media,85,556,21354.84,1,6.0
RB02672,2023-01-09,USA-EAST,Red Edition,Social Media,75,402,55797.02,1,6.0
RB08488,2023-07-20,TH-EAST,Red Edition,extreme sports,75,766,33711.1,2,10.0
RB02204,2023-10-20,TH-EAST,Tropical Edition,extreme sports,85,283,46808.39,3,6.0
RB05792,2024-03-06,USA-WEST,Krating Daeng 250,f1 sponsorship,60,323,32658.19,4,6.0
RB07557,2023-03-07,USA-EAST,Sugarfree,Social Media,90,614,43030.28,1,4.0
RB07589,2023-04-16,TH-NORTH,Original Blue,Social Media,80,576,19849.07,2,6.0
RB09366,2023-07-23,ASIA-PACIFIC,Sugarfree,in-store promo,90,430,43901.55,0,10.0
RB00332,2023-09-02,TH-SOUTH,Krating Daeng 250,TV Ad,60,585,53196.46,3,9.0
RB01079,2024-02-05,TH-NORTH,Original Blue,Social Media,80,661,20109.82,4,8.0
RB07695,2024-02-05,ASIA-PACIFIC,Red Edition,extreme sports,75,424,46682.43,2,10.0
RB05191-DUP,2023-10-31,USA-EAST,Krating Daeng 250,extreme sports,60,910,47743.23,1,6.0
RB03289,2023-09-02,USA-EAST,Krating Daeng 250,TV Ad,60,364,48538.81,5,5.0
RB01181,2023-03-25,TH-NORTH,Krating Daeng 250,extreme sports,60,553,40687.55,2,6.0
RB04294,2024-12-14,TH-CENTRAL,Tropical Edition,TV Ad,85,512,27874.37,3,3.0
RB05733,2023-07-22,USA-EAST,Red Edition,f1 sponsorship,75,14926,25280.44,3,8.0
RB09079,2023-03-05,USA-EAST,Krating Daeng 250,TV Ad,60,589,6856.79,1,1.0
RB06800,2024-05-12,TH-SOUTH,Original Blue,Social Media,80,723,5868.38,1,5.0
RB07162,2024-08-16,EUROPE-EU,Tropical Edition,in-store promo,85,565,41258.72,1,6.0
RB06620,2023-12-17,USA-WEST,Sugarfree,in-store promo,90,377,39542.58,1,6.0
RB07090,2024-10-27,EUROPE-EU,Red Edition,extreme sports,75,708,15629.11,2,10.0
RB00738,2024-11-27,TH-CENTRAL,Red Edition,f1 sponsorship,75,752,56453.4,3,5.0
RB05183,2023-08-22,USA-EAST,Krating Daeng 250,in-store promo,60,551,5760.44,2,10.0
RB00899,2024-05-04,EUROPE-EU,Tropical Edition,in-store promo,85,569,27429.18,0,7.0
RB08086,2024-03-23,EUROPE-EU,Red Edition,in-store promo,75,405,16607.07,4,6.0
RB05060,2024-05-07,USA-EAST,Red Edition,TV Ad,75,682,9778.18,3,1.0
RB00330,2023-10-12,TH-EAST,Sugarfree,Social Media,90,744,35185.94,2,8.0
RB06368,2024-01-26,USA-EAST,Red Edition,TV Ad,75,570,42548.69,5,6.0
RB04166,2023-03-22,TH-EAST,Red Edition,TV Ad,75,488,57315.91,1,6.0
RB06493,2024-12-07,TH-NORTH,Krating Daeng 250,Social Media,60,696,7089.8,2,2.0
RB01779,2023-12-07,TH-CENTRAL,Tropical Edition,extreme sports,85,586,10940.51,1,9.0
RB01789,2023-06-05,USA-EAST,Tropical Edition,TV Ad,85,718,30266.55,1,8.0
RB06988,2024-03-22,EUROPE-EU,Tropical Edition,in-store promo,85,608,14666.29,5,3.0
RB09169,2024-07-18,TH-NORTH,Krating Daeng 250,TV Ad,60,553,15192.39,2,10.0
RB08594,2024-11-25,EUROPE-EU,Red Edition,Social Media,75,400,9484.36,3,7.0
RB06451,2024-11-25,USA-WEST,Red Edition,TV Ad,75,559,53518.05,3,7.0
RB08545,2024-12-20,TH-CENTRAL,Original Blue,f1 sponsorship,80,668,6828.94,1,8.0
RB08945,2024-09-09,TH-CENTRAL,Sugarfree,f1 sponsorship,90,437,20612.22,5,7.0
RB06657,2024-04-25,TH-SOUTH,Red Edition,extreme sports,75,589,10314.84,5,5.0
RB07451,2024-03-18,TH-CENTRAL,Sugarfree,TV Ad,90,585,53812.56,0,5.0
RB01582,2023-12-05,TH-CENTRAL,Krating Daeng 250,f1 sponsorship,60,448,32070.21,3,3.0
RB03642,2023-10-14,USA-WEST,Red Edition,TV Ad,75,450,57182.52,2,8.0
RB06502,2023-09-21,TH-NORTH,Red Edition,TV Ad,75,634,9751.53,4,6.0
RB06536,2023-01-09,TH-CENTRAL,Sugarfree,extreme sports,90,570,17925.09,0,9.0
RB06796,2023-04-27,TH-CENTRAL,Original Blue,Social Media,80,530,5504.31,3,7.0
RB08207,2023-02-05,TH-EAST,Tropical Edition,TV Ad,85,384,35301.04,1,4.0
RB01901,2024-04-30,TH-NORTH,Red Edition,in-store promo,75,533,16642.05,2,3.0
RB03020,2024-10-10,EUROPE-EU,Tropical Edition,Social Media,85,600,20579.52,0,8.0
RB01979,2024-01-10,USA-EAST,Original Blue,Social Media,80,758,58508.45,1,4.0
RB00620,2024-10-29,TH-EAST,Sugarfree,f1 sponsorship,90,318,55523.38,1,1.0
RB02667,2024-05-18,TH-CENTRAL,Krating Daeng 250,TV Ad,60,609,40622.8,1,4.0
RB09286,2024-03-13,TH-EAST,Sugarfree,f1 sponsorship,90,554,24859.82,1,7.0
RB07007,2024-07-04,USA-WEST,Original Blue,Social Media,80,402,32810.21,2,9.0
RB00253,2024-11-05,USA-WEST,Original Blue,extreme sports,80,597,53400.06,3,3.0
RB08326,2023-03-14,TH-EAST,Sugarfree,Social Media,90,514,35267.11,0,6.0
RB08661,2023-03-14,TH-CENTRAL,Original Blue,extreme sports,80,642,23597.24,0,6.0
RB04436,2023-02-13,TH-NORTH,Tropical Edition,TV Ad,85,549,32658.19,1,10.0
RB05115,2024-09-25,TH-SOUTH,Tropical Edition,in-store promo,85,597,12647.52,2,6.0
RB02349,2024-09-18,TH-SOUTH,Sugarfree,in-store promo,90,522,32658.19,3,8.0
RB09197,2023-02-08,TH-CENTRAL,Sugarfree,extreme sports,90,532,10045.44,3,9.0
RB02695,2023-06-06,USA-EAST,Sugarfree,in-store promo,90,579,51786.99,5,10.0
RB06863,2023-10-01,ASIA-PACIFIC,Tropical Edition,TV Ad,85,658,28928.13,0,4.0
RB00958,2023-06-30,USA-WEST,Sugarfree,TV Ad,90,650,35316.6,5,6.0
RB00485,2023-05-06,ASIA-PACIFIC,Red Edition,in-store promo,75,500,30428.36,2,8.0
RB07513,2024-03-08,TH-CENTRAL,Red Edition,in-store promo,75,723,35076.43,1,6.0
RB07561,2024-10-09,USA-WEST,Red Edition,extreme sports,75,509,15426.89,3,9.0
RB02537,2024-12-05,TH-SOUTH,Sugarfree,TV Ad,90,313,18311.55,0,8.0
RB02681,2024-10-06,TH-CENTRAL,Red Edition,TV Ad,75,320,47442.59,1,4.0
RB01039,2024-05-13,TH-EAST,Original Blue,extreme sports,80,510,7510.94,3,6.0
RB02907,2024-05-14,EUROPE-EU,Sugarfree,extreme sports,90,488,7344.99,2,3.0
RB02802,2024-09-10,TH-CENTRAL,Red Edition,Social Media,75,535,56386.71,2,8.0
RB03126,2024-04-28,ASIA-PACIFIC,Original Blue,TV Ad,80,651,54200.91,2,5.0
RB00766,2023-11-22,EUROPE-EU,Tropical Edition,f1 sponsorship,85,526,32658.19,0,9.0
RB06385,2023-11-23,TH-EAST,Sugarfree,in-store promo,90,682,22204.3,3,4.0
RB07194,2023-05-23,TH-CENTRAL,Original Blue,TV Ad,80,485,16777.66,3,10.0
RB05238,2024-10-24,USA-WEST,Red Edition,Social Media,75,771,40275.76,2,5.0
RB02986,2023-08-13,TH-CENTRAL,Sugarfree,in-store promo,90,489,30753.94,1,6.0
RB04134,2023-02-09,TH-NORTH,Original Blue,Social Media,80,503,31983.64,3,8.0
RB02860,2023-12-11,TH-CENTRAL,Krating Daeng 250,f1 sponsorship,60,516,37632.51,1,6.0
RB01270,2024-04-06,TH-EAST,Original Blue,extreme sports,80,573,54757.03,0,5.0
RB00774,2023-08-04,EUROPE-EU,Krating Daeng 250,TV Ad,60,483,10913.85,5,6.0
RB01826,2023-10-29,ASIA-PACIFIC,Sugarfree,in-store promo,90,484,57269.06,3,2.0
RB07101,2024-11-03,EUROPE-EU,Red Edition,extreme sports,75,490,46666.14,1,3.0
RB05314,2023-08-01,USA-WEST,Original Blue,in-store promo,80,570,43094.19,3,6.0
RB06492,2023-07-23,TH-CENTRAL,Red Edition,Social Media,75,566,23509.55,2,8.0
RB08454,2023-01-10,TH-NORTH,Red Edition,TV Ad,75,490,47430.04,3,6.0
RB00464,2023-03-14,TH-NORTH,Original Blue,in-store promo,80,594,8954.18,4,7.0
RB08139-DUP,2023-09-04,TH-CENTRAL,Krating Daeng 250,TV Ad,60,539,27168.66,1,8.0
RB06572,2024-05-05,TH-NORTH,Original Blue,Social Media,80,578,18271.24,0,9.0
RB00370,2023-06-07,EUROPE-EU,Tropical Edition,TV Ad,85,596,46534.98,2,6.0
RB00249,2024-12-14,TH-NORTH,Sugarfree,Social Media,90,8714,45654.71,2,2.0
RB00315,2023-01-29,TH-SOUTH,Original Blue,in-store promo,80,451,35275.55,0,8.0
RB05313,2024-04-29,TH-SOUTH,Original Blue,TV Ad,80,547,32658.19,4,5.0
RB01756,2023-05-30,TH-NORTH,Tropical Edition,extreme sports,85,660,43785.1,1,4.0
RB03706,2023-11-30,TH-NORTH,Sugarfree,in-store promo,90,415,42158.44,4,3.0
RB03862,2024-06-07,USA-WEST,Tropical Edition,extreme sports,85,613,6305.42,1,4.0
RB02981,2023-09-25,TH-CENTRAL,Krating Daeng 250,f1 sponsorship,60,493,48989.98,2,8.0
RB06224,2023-12-30,EUROPE-EU,Red Edition,in-store promo,75,667,19889.53,1,8.0
RB02371,2024-06-01,USA-EAST,Krating Daeng 250,in-store promo,60,576,26915.71,3,6.0
RB09380,2023-08-08,TH-NORTH,Original Blue,f1 sponsorship,80,601,37792.42,2,6.0
RB08016-DUP,2024-01-29,USA-EAST,Sugarfree,f1 sponsorship,90,692,29474.47,1,7.0
RB08693,2023-03-03,TH-CENTRAL,Original Blue,extreme sports,80,536,37727.69,1,4.0
RB07904,2023-10-03,USA-WEST,Sugarfree,f1 sponsorship,90,523,31271.97,3,4.0
RB06319,2024-01-19,USA-WEST,Sugarfree,in-store promo,90,358,25601.06,1,4.0
RB03630,2024-09-30,TH-CENTRAL,Sugarfree,TV Ad,90,562,55101.87,0,10.0
RB03424,2023-04-09,TH-CENTRAL,Original Blue,TV Ad,80,686,35377.87,2,9.0
RB06480,2023-09-04,TH-NORTH,Original Blue,Social Media,80,539,54368.75,3,6.0
RB05056,2024-02-24,TH-CENTRAL,Tropical Edition,f1 sponsorship,85,525,22278.75,0,7.0
RB07189,2024-02-09,EUROPE-EU,Original Blue,extreme sports,80,711,39447.09,4,1.0
RB00077,2024-07-11,USA-EAST,Sugarfree,Social Media,90,494,30622.92,3,6.0
RB09072,2024-07-30,TH-EAST,Krating Daeng 250,Social Media,60,774,35434.0,1,10.0
RB02357,2023-08-06,TH-SOUTH,Original Blue,f1 sponsorship,80,491,15499.49,3,5.0
RB09204,2024-01-18,TH-EAST,Red Edition,TV Ad,75,620,36899.25,4,3.0
RB05445,2024-11-03,TH-NORTH,Krating Daeng 250,in-store promo,60,613,46438.08,0,6.0
RB03800,2024-03-15,EUROPE-EU,Tropical Edition,TV Ad,85,466,50175.41,0,8.0
RB04386,2023-10-08,TH-NORTH,Original Blue,Social Media,80,470,10334.87,2,6.0
RB07596,2023-04-05,TH-CENTRAL,Krating Daeng 250,f1 sponsorship,60,623,51979.01,2,7.0
RB02102,2024-02-07,TH-CENTRAL,Red Edition,Social Media,75,744,18924.02,2,8.0
RB07848,2024-06-05,TH-NORTH,Sugarfree,TV Ad,90,384,30306.53,0,6.0
RB02468,2024-01-07,EUROPE-EU,Krating Daeng 250,f1 sponsorship,60,399,36411.17,2,7.0
RB05303,2023-09-20,USA-WEST,Tropical Edition,extreme sports,85,473,59592.41,4,4.0
RB07147,2023-08-26,ASIA-PACIFIC,Sugarfree,f1 sponsorship,90,361,13735.18,3,7.0
RB03117,2023-03-15,TH-NORTH,Original Blue,TV Ad,80,635,28853.51,5,6.0
RB04059,2023-10-24,TH-CENTRAL,Sugarfree,Social Media,90,522,28741.43,2,2.0
RB02023,2024-06-05,TH-CENTRAL,Red Edition,extreme sports,75,453,46090.64,3,6.0
RB03140,2023-03-16,USA-EAST,Original Blue,TV Ad,80,532,14306.15,0,1.0
RB01661,2023-09-07,TH-EAST,Tropical Edition,extreme sports,85,563,22858.49,1,7.0
RB03031,2023-04-13,TH-EAST,Tropical Edition,in-store promo,85,483,48649.47,1,4.0
RB06799,2023-09-02,TH-NORTH,Red Edition,Social Media,75,369,56432.6,2,1.0
RB01468,2024-01-05,TH-CENTRAL,Krating Daeng 250,TV Ad,60,385,9747.31,4,6.0
RB08215,2024-11-03,EUROPE-EU,Sugarfree,TV Ad,90,530,46988.24,4,4.0
RB08910,2024-03-01,USA-WEST,Krating Daeng 250,in-store promo,60,493,32658.19,0,5.0
RB07721,2024-06-11,TH-NORTH,Krating Daeng 250,TV Ad,60,605,46313.62,3,5.0
RB06323,2023-03-06,USA-WEST,Krating Daeng 250,in-store promo,60,623,12777.62,2,4.0
RB07519,2024-12-24,TH-CENTRAL,Krating Daeng 250,Social Media,60,747,51237.7,0,4.0
RB01967,2024-05-17,TH-EAST,Tropical Edition,f1 sponsorship,85,597,34699.16,4,7.0
RB07429,2023-12-20,TH-CENTRAL,Tropical Edition,in-store promo,85,503,54201.84,0,1.0
RB02420,2023-01-21,TH-NORTH,Original Blue,TV Ad,80,780,21298.39,3,6.0
RB07677,2023-08-26,USA-EAST,Red Edition,TV Ad,75,634,38520.46,2,9.0
RB09394,2023-09-06,TH-EAST,Red Edition,f1 sponsorship,75,508,49962.21,3,7.0
RB01250,2024-11-10,ASIA-PACIFIC,Red Edition,in-store promo,75,443,6715.96,2,6.0
RB00213,2024-09-01,USA-WEST,Krating Daeng 250,Social Media,60,447,17467.34,3,5.0
RB03714,2023-03-28,TH-NORTH,Original Blue,extreme sports,80,476,5187.34,3,10.0
RB01076,2023-07-10,USA-EAST,Sugarfree,f1 sponsorship,90,574,46916.38,3,8.0
RB04874,2023-06-30,EUROPE-EU,Tropical Edition,extreme sports,85,636,35077.04,2,6.0
RB04946,2023-11-09,USA-EAST,Red Edition,Social Media,75,326,32658.19,3,10.0
RB00069,2024-11-01,TH-NORTH,Krating Daeng 250,f1 sponsorship,60,649,50424.61,1,6.0
RB02928,2024-04-04,TH-NORTH,Original Blue,TV Ad,80,513,14867.75,1,8.0
RB08089,2024-08-20,TH-NORTH,Krating Daeng 250,in-store promo,60,245,37049.19,5,3.0
RB09353,2024-08-06,USA-WEST,Original Blue,TV Ad,80,609,43338.51,3,6.0
RB07387,2023-12-22,USA-EAST,Red Edition,TV Ad,75,784,27368.85,3,6.0
RB05133,2024-08-24,TH-NORTH,Tropical Edition,TV Ad,85,448,57830.48,1,5.0
RB01198,2023-10-09,ASIA-PACIFIC,Red Edition,in-store promo,75,708,56254.52,3,5.0
RB09424,2023-07-27,USA-EAST,Original Blue,in-store promo,80,513,18137.69,3,6.0
RB06867,2024-04-09,TH-SOUTH,Tropical Edition,TV Ad,85,477,48427.19,0,5.0
RB03935,2023-09-10,EUROPE-EU,Sugarfree,in-store promo,90,629,6778.49,4,5.0
RB09212,2023-08-30,TH-NORTH,Red Edition,f1 sponsorship,75,288,29010.25,2,6.0
RB01287,2024-02-19,EUROPE-EU,Krating Daeng 250,Social Media,60,402,10777.79,3,8.0
RB00140,2024-11-29,TH-NORTH,Original Blue,in-store promo,80,564,43785.82,2,5.0
RB08663,2023-02-21,USA-WEST,Tropical Edition,f1 sponsorship,85,564,21977.43,3,8.0
RB06925,2023-12-14,EUROPE-EU,Original Blue,in-store promo,80,527,52603.03,0,7.0
RB08623,2024-12-15,USA-EAST,Tropical Edition,Social Media,85,354,32057.86,3,6.0
RB00200,2024-10-03,EUROPE-EU,Tropical Edition,Social Media,85,607,35965.35,3,6.0
RB05095,2024-04-09,USA-WEST,Krating Daeng 250,in-store promo,60,614,21933.8,3,5.0
RB09229,2023-01-13,USA-EAST,Tropical Edition,TV Ad,85,756,29269.85,1,6.0
RB03114,2024-05-07,TH-CENTRAL,Tropical Edition,f1 sponsorship,85,517,29262.46,1,6.0
RB02997,2024-12-24,TH-NORTH,Original Blue,TV Ad,80,512,12588.44,1,7.0
RB00120,2023-07-29,TH-NORTH,Krating Daeng 250,TV Ad,60,589,52041.56,2,6.0
RB09474,2023-12-07,TH-NORTH,Sugarfree,f1 sponsorship,90,651,20710.24,4,9.0
RB06678,2024-10-23,TH-EAST,Tropical Edition,in-store promo,85,571,44130.38,5,5.0
RB06757,2023-04-03,TH-CENTRAL,Krating Daeng 250,f1 sponsorship,60,516,46231.44,3,7.0
RB00267,2024-01-14,TH-NORTH,Original Blue,in-store promo,80,537,18587.81,3,4.0
RB01857,2024-08-29,TH-SOUTH,Tropical Edition,extreme sports,85,692,43648.05,5,5.0
RB06987,2024-12-23,USA-WEST,Original Blue,in-store promo,80,494,51648.66,2,8.0
RB04958,2023-04-03,TH-CENTRAL,Red Edition,extreme sports,75,696,32658.19,5,6.0
RB07580,2023-09-01,TH-NORTH,Krating Daeng 250,Social Media,60,408,43677.54,3,7.0
RB05704,2024-04-24,TH-SOUTH,Krating Daeng 250,Social Media,60,507,32658.19,4,6.0
RB01516,2024-12-23,TH-EAST,Sugarfree,f1 sponsorship,90,542,38860.97,2,3.0
RB03689,2024-02-18,TH-EAST,Original Blue,f1 sponsorship,80,576,40520.54,3,5.0
RB04261,2023-11-28,TH-SOUTH,Krating Daeng 250,extreme sports,60,599,11005.28,2,3.0
RB08671,2024-04-17,TH-NORTH,Red Edition,Social Media,75,665,30085.65,3,6.0
RB03221,2024-12-21,TH-NORTH,Red Edition,f1 sponsorship,75,666,30220.17,0,8.0
RB03604,2023-11-08,USA-EAST,Red Edition,in-store promo,75,285,46985.0,2,3.0
RB05215,2023-09-10,USA-WEST,Krating Daeng 250,Social Media,60,776,26099.53,1,7.0
RB06491,2024-06-17,TH-CENTRAL,Sugarfree,Social Media,90,404,12634.99,2,8.0
RB04035,2023-12-17,TH-NORTH,Red Edition,extreme sports,75,567,26120.75,2,9.0
RB03147,2024-08-11,TH-NORTH,Tropical Edition,in-store promo,85,485,35072.47,2,4.0
RB05612,2023-06-19,TH-CENTRAL,Red Edition,Social Media,75,529,24733.89,2,8.0
RB01352,2023-08-26,TH-EAST,Red Edition,Social Media,75,568,32658.19,2,2.0
RB01827,2023-03-24,TH-CENTRAL,Sugarfree,TV Ad,90,545,29944.25,0,6.0
RB01140,2024-10-23,TH-CENTRAL,Krating Daeng 250,extreme sports,60,517,55345.09,2,6.0
RB00685,2023-02-11,TH-EAST,Krating Daeng 250,Social Media,60,435,50607.95,4,6.0
RB03250-DUP,2023-09-06,EUROPE-EU,Red Edition,extreme sports,75,637,37366.35,1,3.0
RB00998-DUP,2023-01-01,TH-NORTH,Tropical Edition,f1 sponsorship,85,608,15873.11,1,7.0
RB06090,2024-11-13,ASIA-PACIFIC,Krating Daeng 250,in-store promo,60,493,51853.0,1,7.0
RB05265,2024-07-30,TH-SOUTH,Krating Daeng 250,TV Ad,60,569,51468.53,4,6.0
RB00587,2024-03-11,TH-NORTH,Original Blue,extreme sports,80,503,22975.44,3,4.0
RB04323,2024-12-30,USA-EAST,Krating Daeng 250,Social Media,60,579,39769.76,2,3.0
RB07924,2024-02-02,USA-EAST,Sugarfree,Social Media,90,499,28887.07,2,8.0
RB01960,2024-10-28,TH-SOUTH,Krating Daeng 250,Social Media,60,474,32658.19,1,4.0
RB01301,2024-11-20,ASIA-PACIFIC,Tropical Edition,Social Media,85,603,43267.99,1,4.0
RB04906,2024-08-28,USA-WEST,Sugarfree,in-store promo,90,696,11252.73,5,6.0
RB07021,2024-02-05,TH-CENTRAL,Tropical Edition,Social Media,85,462,59331.47,1,7.0
RB02055,2023-04-25,EUROPE-EU,Tropical Edition,Social Media,85,725,18844.97,1,6.0
RB06033,2024-05-20,TH-SOUTH,Tropical Edition,Social Media,85,683,34742.46,2,3.0
RB02903,2023-11-18,EUROPE-EU,Original Blue,Social Media,80,464,31634.45,3,2.0
RB08370,2023-12-15,TH-SOUTH,Sugarfree,in-store promo,90,492,20399.89,4,6.0
RB02304,2024-02-24,USA-WEST,Krating Daeng 250,f1 sponsorship,60,512,51782.69,4,9.0
RB05690,2023-07-15,TH-CENTRAL,Original Blue,Social Media,80,453,7621.65,0,6.0
RB06895,2024-01-29,TH-EAST,Original Blue,f1 sponsorship,80,502,15865.42,2,6.0
RB06528,2024-11-16,TH-NORTH,Krating Daeng 250,TV Ad,60,604,51939.74,3,7.0
RB00061,2024-04-02,USA-EAST,Red Edition,TV Ad,75,699,8165.67,2,6.0
RB02104,2024-06-19,TH-SOUTH,Original Blue,f1 sponsorship,80,549,57010.35,1,4.0
RB07186,2023-03-13,TH-EAST,Original Blue,Social Media,80,462,36038.47,0,4.0
RB09501,2023-05-16,TH-NORTH,Tropical Edition,TV Ad,85,443,6271.2,2,6.0
RB05927,2023-07-04,TH-CENTRAL,Tropical Edition,f1 sponsorship,85,201,36974.55,1,5.0
RB00366-DUP,2024-12-08,TH-NORTH,Red Edition,extreme sports,75,475,26384.59,4,6.0
RB04137,2024-01-08,USA-EAST,Tropical Edition,TV Ad,85,447,35123.7,4,3.0
RB05513,2023-03-18,USA-EAST,Krating Daeng 250,extreme sports,60,502,42391.55,3,6.0
RB03035,2023-07-20,USA-WEST,Red Edition,f1 sponsorship,75,670,47832.34,5,9.0
RB05451,2024-06-13,TH-SOUTH,Sugarfree,Social Media,90,496,51754.29,2,6.0
RB07370,2024-01-31,TH-NORTH,Original Blue,TV Ad,80,637,13229.95,2,2.0
RB00174,2023-06-02,USA-WEST,Krating Daeng 250,extreme sports,60,680,55439.76,2,5.0
RB07385,2024-04-15,TH-NORTH,Tropical Edition,Social Media,85,667,38053.02,3,4.0
RB02150,2023-04-09,ASIA-PACIFIC,Red Edition,TV Ad,75,691,20679.56,3,9.0
RB06098,2024-05-23,EUROPE-EU,Red Edition,extreme sports,75,529,14764.76,2,3.0
RB07485,2023-02-10,TH-NORTH,Tropical Edition,f1 sponsorship,85,486,20320.86,2,4.0
RB00529,2023-05-09,ASIA-PACIFIC,Sugarfree,f1 sponsorship,90,502,21662.92,2,8.0
RB00683,2024-07-03,TH-SOUTH,Krating Daeng 250,f1 sponsorship,60,530,43698.45,2,7.0
RB00439-DUP,2023-05-12,TH-NORTH,Tropical Edition,Social Media,85,451,52209.63,3,6.0
RB01703,2024-01-08,TH-NORTH,Sugarfree,f1 sponsorship,90,242,39981.64,1,10.0
RB01239,2024-02-19,EUROPE-EU,Original Blue,extreme sports,80,413,59825.67,1,7.0
RB08440,2024-04-30,USA-EAST,Tropical Edition,in-store promo,85,542,13639.46,2,6.0
RB08308,2024-07-16,TH-NORTH,Sugarfree,in-store promo,90,767,37669.2,2,2.0
RB03223,2023-05-05,TH-NORTH,Krating Daeng 250,extreme sports,60,651,5354.92,3,3.0
RB08088,2024-05-11,USA-WEST,Red Edition,in-store promo,75,841,59742.09,4,8.0
RB03381,2024-07-12,TH-CENTRAL,Red Edition,Social Media,75,600,30617.39,5,4.0
RB02877,2023-07-21,TH-CENTRAL,Tropical Edition,extreme sports,85,617,32658.19,2,6.0
RB07903,2023-08-08,USA-EAST,Sugarfree,TV Ad,90,626,45864.28,0,4.0
RB09256,2023-07-22,TH-EAST,Red Edition,extreme sports,75,514,8082.68,2,1.0
RB09084,2024-12-04,USA-WEST,Red Edition,in-store promo,75,391,13062.11,2,10.0
RB04251,2023-03-04,TH-CENTRAL,Krating Daeng 250,extreme sports,60,448,30496.3,2,8.0
RB06241,2024-09-25,TH-EAST,Sugarfree,Social Media,90,600,41973.9,2,7.0
RB01903,2024-01-26,EUROPE-EU,Red Edition,Social Media,75,712,37867.24,0,6.0
RB05908,2023-03-14,USA-WEST,Red Edition,TV Ad,75,690,27234.62,2,10.0
RB04408,2023-05-27,USA-EAST,Tropical Edition,f1 sponsorship,85,390,27110.75,1,9.0
RB05479,2024-07-14,TH-SOUTH,Red Edition,TV Ad,75,745,7008.48,2,6.0
RB01611,2023-08-29,TH-NORTH,Red Edition,Social Media,75,537,38723.04,3,9.0
RB00576,2023-04-23,USA-EAST,Tropical Edition,f1 sponsorship,85,552,54622.08,2,6.0
RB06383,2023-10-13,USA-EAST,Original Blue,Social Media,80,529,44094.78,2,7.0
RB02088,2024-02-02,TH-NORTH,Sugarfree,f1 sponsorship,90,429,37995.22,0,9.0
RB01111,2024-01-26,USA-WEST,Sugarfree,in-store promo,90,598,52607.28,1,6.0
RB01147,2024-12-26,USA-WEST,Krating Daeng 250,TV Ad,60,708,45524.64,3,5.0
RB00229,2023-10-18,TH-CENTRAL,Krating Daeng 250,TV Ad,60,566,47422.96,2,6.0
RB06769,2024-08-09,USA-EAST,Original Blue,extreme sports,80,602,11267.57,3,7.0
RB05637,2024-12-02,USA-EAST,Tropical Edition,in-store promo,85,588,59452.16,2,8.0
RB04821,2023-07-10,TH-CENTRAL,Red Edition,Social Media,75,538,32658.19,5,3.0
RB07057,2023-05-13,TH-NORTH,Red Edition,f1 sponsorship,75,611,48876.41,2,6.0
RB03773,2023-12-07,TH-NORTH,Red Edition,extreme sports,75,695,17897.0,3,6.0
RB01597,2024-03-07,TH-SOUTH,Sugarfree,TV Ad,90,589,31556.39,4,10.0
RB06945,2024-03-19,TH-NORTH,Original Blue,f1 sponsorship,80,593,11036.72,4,7.0
RB04075,2023-06-02,TH-SOUTH,Red Edition,Social Media,75,847,44858.09,5,4.0
RB05670,2024-09-05,USA-EAST,Krating Daeng 250,in-store promo,60,507,29199.05,3,9.0
RB03784,2023-11-16,TH-NORTH,Sugarfree,extreme sports,90,575,54791.48,3,7.0
RB00564,2023-11-04,USA-EAST,Krating Daeng 250,extreme sports,60,590,32658.19,2,6.0
RB03513,2024-01-02,EUROPE-EU,Tropical Edition,extreme sports,85,580,56823.47,1,7.0
RB00830,2023-06-21,TH-SOUTH,Red Edition,TV Ad,75,595,57414.95,1,6.0
RB01627,2024-03-02,TH-SOUTH,Sugarfree,extreme sports,90,787,48355.44,2,8.0
RB02259,2024-05-04,TH-NORTH,Red Edition,in-store promo,75,524,17035.33,5,6.0
RB01799,2023-09-11,TH-SOUTH,Sugarfree,Social Media,90,740,40639.94,1,3.0
RB02768,2023-04-24,TH-CENTRAL,Krating Daeng 250,Social Media,60,479,14418.15,2,6.0
RB04948,2024-11-08,USA-EAST,Red Edition,f1 sponsorship,75,461,38742.59,3,5.0
RB08029,2023-10-09,TH-NORTH,Sugarfree,in-store promo,90,642,29752.33,3,4.0
RB03946,2024-02-20,USA-EAST,Sugarfree,TV Ad,90,659,25747.5,5,7.0
RB08726,2024-07-27,USA-WEST,Sugarfree,in-store promo,90,703,49342.51,4,6.0
RB04612,2023-05-14,TH-EAST,Tropical Edition,f1 sponsorship,85,747,17172.42,4,7.0
RB00950,2023-06-15,TH-CENTRAL,Krating Daeng 250,Social Media,60,588,15899.43,1,10.0
RB00568,2023-11-10,USA-EAST,Sugarfree,TV Ad,90,550,37785.76,1,7.0
RB00694,2024-01-27,TH-EAST,Red Edition,Social Media,75,403,54063.15,0,5.0
RB04843,2023-10-27,USA-WEST,Sugarfree,in-store promo,90,545,23455.62,2,6.0
RB07388,2023-04-26,TH-EAST,Krating Daeng 250,f1 sponsorship,60,505,58436.15,2,6.0
RB09282,2024-11-12,TH-NORTH,Tropical Edition,f1 sponsorship,85,674,31452.84,1,6.0
RB05450,2023-06-24,TH-EAST,Red Edition,in-store promo,75,343,48907.19,2,6.0
RB08421,2024-01-19,USA-EAST,Original Blue,TV Ad,80,521,26125.65,1,3.0
RB02630,2023-10-24,TH-SOUTH,Red Edition,in-store promo,75,463,10691.04,2,8.0
RB03038,2024-04-05,TH-CENTRAL,Sugarfree,TV Ad,90,467,57597.74,2,7.0
RB01579,2024-12-30,ASIA-PACIFIC,Krating Daeng 250,Social Media,60,476,29195.42,1,5.0
RB03329,2023-02-22,USA-WEST,Red Edition,in-store promo,75,606,58616.61,5,7.0
RB02163,2023-05-08,TH-CENTRAL,Red Edition,extreme sports,75,500,17718.45,1,10.0
RB05411,2024-04-25,TH-SOUTH,Red Edition,extreme sports,75,588,59975.04,4,1.0
RB00840,2024-09-24,USA-EAST,Sugarfree,extreme sports,90,534,15237.26,2,8.0
RB05897,2024-11-16,USA-EAST,Original Blue,f1 sponsorship,80,580,50401.76,4,6.0
RB05059,2023-09-14,TH-CENTRAL,Tropical Edition,extreme sports,85,487,19963.63,2,7.0
RB02985,2023-11-17,TH-CENTRAL,Original Blue,f1 sponsorship,80,462,9827.5,2,6.0
RB00771,2023-06-22,TH-EAST,Tropical Edition,in-store promo,85,381,35073.28,1,8.0
RB00264,2024-03-13,EUROPE-EU,Sugarfree,extreme sports,90,701,5876.95,2,8.0
RB03992,2024-01-28,TH-NORTH,Tropical Edition,Social Media,85,502,40355.59,4,5.0
RB01424,2024-12-13,TH-NORTH,Tropical Edition,extreme sports,85,472,19251.37,4,6.0
RB02868,2024-05-11,USA-WEST,Original Blue,TV Ad,80,513,50011.19,5,9.0
RB02005,2024-03-18,TH-CENTRAL,Tropical Edition,extreme sports,85,746,31114.85,5,7.0
RB05142,2023-07-05,USA-WEST,Krating Daeng 250,extreme sports,60,370,42784.45,1,3.0
RB05334,2023-05-22,TH-NORTH,Red Edition,TV Ad,75,611,38019.04,3,2.0
RB08506,2024-05-03,EUROPE-EU,Original Blue,Social Media,80,723,57553.17,2,6.0
RB01556,2024-10-03,TH-CENTRAL,Krating Daeng 250,in-store promo,60,485,12701.29,0,9.0
RB01639,2024-03-23,TH-SOUTH,Krating Daeng 250,TV Ad,60,499,44761.98,1,7.0
RB06514,2023-06-29,TH-EAST,Tropical Edition,Social Media,85,551,53354.74,2,6.0
RB08478,2024-10-05,USA-EAST,Red Edition,Social Media,75,712,21773.44,2,7.0
RB09049,2024-07-28,EUROPE-EU,Sugarfree,in-store promo,90,556,31752.99,5,6.0
RB07357,2023-07-11,TH-SOUTH,Red Edition,in-store promo,75,622,50066.13,2,8.0
RB01522,2024-03-18,USA-EAST,Original Blue,in-store promo,80,669,34189.82,2,6.0
RB00925,2023-09-17,USA-EAST,Original Blue,extreme sports,80,322,20419.86,4,5.0
RB03349,2023-06-21,USA-WEST,Sugarfree,f1 sponsorship,90,456,45793.45,3,6.0
RB07937,2024-05-20,TH-SOUTH,Tropical Edition,f1 sponsorship,85,542,36200.34,2,5.0
RB06571,2024-07-18,TH-CENTRAL,Tropical Edition,f1 sponsorship,85,590,35031.75,3,6.0
RB02968,2024-01-29,USA-WEST,Original Blue,f1 sponsorship,80,460,33820.38,1,9.0
RB00494,2023-04-14,TH-SOUTH,Red Edition,in-store promo,75,831,35330.65,1,7.0
RB03163,2023-07-09,EUROPE-EU,Krating Daeng 250,Social Media,60,626,31708.81,0,4.0
RB03446,2023-01-13,EUROPE-EU,Red Edition,TV Ad,75,580,54518.01,0,6.0
RB06562,2024-02-23,USA-EAST,Sugarfree,TV Ad,90,743,38661.33,3,6.0
RB08464,2023-03-06,ASIA-PACIFIC,Original Blue,f1 sponsorship,80,623,20083.81,5,5.0
RB05098,2024-06-23,USA-WEST,Krating Daeng 250,TV Ad,60,426,48252.54,5,4.0
RB00728,2024-08-30,TH-NORTH,Red Edition,f1 sponsorship,75,658,16337.95,3,8.0
RB02202,2024-02-17,TH-NORTH,Sugarfree,in-store promo,90,513,54855.23,2,4.0
RB05797,2024-02-28,TH-SOUTH,Krating Daeng 250,extreme sports,60,494,38114.6,4,8.0
RB02391,2024-05-05,ASIA-PACIFIC,Tropical Edition,f1 sponsorship,85,644,10671.83,1,6.0
RB06239,2024-03-02,TH-CENTRAL,Tropical Edition,TV Ad,85,510,29612.37,3,8.0
RB04115,2024-09-10,EUROPE-EU,Original Blue,in-store promo,80,753,54462.95,2,10.0
RB08098,2024-07-22,TH-NORTH,Tropical Edition,TV Ad,85,499,49771.6,1,6.0
RB02729,2023-11-25,TH-EAST,Sugarfree,f1 sponsorship,90,493,14574.59,2,4.0
RB00985,2023-05-28,TH-NORTH,Tropical Edition,in-store promo,85,557,8611.77,2,7.0
RB09416,2024-05-09,USA-EAST,Krating Daeng 250,TV Ad,60,550,53276.09,1,7.0
RB03545,2024-03-17,TH-SOUTH,Original Blue,f1 sponsorship,80,529,30121.61,3,9.0
RB09262,2023-11-21,TH-EAST,Sugarfree,extreme sports,90,569,16564.08,2,6.0
RB05732,2024-05-04,TH-SOUTH,Sugarfree,TV Ad,90,461,5298.32,3,6.0
RB02950,2024-03-16,TH-EAST,Red Edition,TV Ad,75,529,9926.26,5,8.0
RB05054,2024-09-22,USA-WEST,Sugarfree,TV Ad,90,495,17554.6,3,9.0
RB00727,2023-12-18,USA-EAST,Sugarfree,in-store promo,90,486,20736.84,3,7.0
RB05892,2024-04-29,TH-NORTH,Original Blue,extreme sports,80,554,16108.49,2,5.0
RB00824,2024-12-08,TH-SOUTH,Tropical Edition,in-store promo,85,557,48535.09,4,6.0
RB03717,2024-10-21,TH-CENTRAL,Red Edition,f1 sponsorship,75,502,32033.27,2,10.0
RB07353,2024-08-20,TH-NORTH,Sugarfree,TV Ad,90,548,20377.47,2,9.0
RB04130,2023-09-07,USA-EAST,Original Blue,extreme sports,80,637,14240.8,5,5.0
RB03255,2023-01-26,TH-NORTH,Tropical Edition,Social Media,85,694,22332.1,1,10.0
RB07917,2024-08-19,TH-NORTH,Tropical Edition,TV Ad,85,519,15840.86,1,6.0
RB00573,2023-11-27,TH-NORTH,Tropical Edition,TV Ad,85,643,7115.53,4,8.0
RB00049,2023-05-20,TH-NORTH,Sugarfree,Social Media,90,598,28711.04,3,6.0
RB00076,2023-08-21,TH-NORTH,Sugarfree,f1 sponsorship,90,419,45168.9,0,8.0
RB09254,2024-05-19,TH-CENTRAL,Red Edition,extreme sports,75,517,59767.41,0,6.0
RB01886,2023-10-10,TH-EAST,Original Blue,Social Media,80,337,11274.28,1,9.0
RB06938,2024-10-16,TH-CENTRAL,Sugarfree,extreme sports,90,614,24809.41,1,8.0
RB00702,2023-03-04,EUROPE-EU,Red Edition,f1 sponsorship,75,396,47809.98,0,10.0
RB00276,2024-07-11,TH-CENTRAL,Red Edition,f1 sponsorship,75,463,19487.02,4,8.0
RB01814,2024-11-02,EUROPE-EU,Tropical Edition,TV Ad,85,338,8269.01,0,9.0
RB02687,2024-05-29,EUROPE-EU,Original Blue,f1 sponsorship,80,648,9787.25,1,6.0
RB08823,2023-11-10,TH-CENTRAL,Sugarfree,f1 sponsorship,90,247,26575.88,2,3.0
RB04849,2023-02-09,TH-CENTRAL,Tropical Edition,Social Media,85,409,58013.1,1,9.0
RB07748,2024-07-07,EUROPE-EU,Red Edition,Social Media,75,919,33797.02,1,8.0
RB07104,2023-08-14,TH-NORTH,Sugarfree,Social Media,90,200,5111.15,2,6.0
RB05380,2023-05-02,TH-EAST,Original Blue,Social Media,80,674,50361.41,5,9.0
RB04769,2023-01-04,USA-EAST,Sugarfree,Social Media,90,362,6840.48,0,5.0
RB09076,2024-11-17,USA-EAST,Krating Daeng 250,TV Ad,60,590,25557.55,4,9.0
RB05657,2024-12-02,TH-SOUTH,Sugarfree,Social Media,90,630,52924.9,2,6.0
RB07288,2023-07-16,TH-NORTH,Red Edition,extreme sports,75,455,8658.15,2,5.0
RB01578,2023-07-10,TH-NORTH,Krating Daeng 250,in-store promo,60,673,7268.8,4,6.0
RB07808,2024-07-26,USA-WEST,Tropical Edition,in-store promo,85,672,43804.82,5,4.0
RB03771,2024-02-24,TH-SOUTH,Original Blue,TV Ad,80,703,42689.2,5,3.0
RB08608,2023-09-26,EUROPE-EU,Red Edition,Social Media,75,657,51449.56,2,5.0
RB05780,2024-03-16,EUROPE-EU,Tropical Edition,in-store promo,85,507,19561.93,3,6.0
RB00588,2024-11-23,TH-CENTRAL,Original Blue,f1 sponsorship,80,523,40560.69,3,6.0
RB06765,2023-11-12,TH-CENTRAL,Tropical Edition,Social Media,85,546,59514.14,2,9.0
RB08391,2023-05-01,USA-WEST,Tropical Edition,TV Ad,85,602,56042.02,0,6.0
RB05836,2023-03-31,USA-WEST,Tropical Edition,extreme sports,85,595,42206.06,2,9.0
RB08347,2024-10-30,TH-CENTRAL,Original Blue,TV Ad,80,482,34387.65,5,3.0
RB03116-DUP,2023-06-01,TH-CENTRAL,Tropical Edition,in-store promo,85,674,27000.9,2,5.0
RB04339,2024-09-26,TH-SOUTH,Original Blue,Social Media,80,693,7570.59,0,9.0
RB05549,2023-07-22,ASIA-PACIFIC,Original Blue,TV Ad,80,375,39893.37,4,4.0
RB05440,2023-10-21,EUROPE-EU,Tropical Edition,f1 sponsorship,85,457,16910.29,3,1.0
RB04801,2024-09-05,TH-CENTRAL,Krating Daeng 250,Social Media,60,519,52431.45,3,6.0
RB01010,2024-08-03,USA-WEST,Original Blue,extreme sports,80,628,39151.62,2,6.0
RB06335,2024-11-22,TH-CENTRAL,Red Edition,TV Ad,75,615,49795.98,0,6.0
RB03735,2023-07-01,TH-EAST,Original Blue,extreme sports,80,360,7659.4,1,7.0
RB00581,2023-06-11,ASIA-PACIFIC,Original Blue,Social Media,80,342,12526.94,5,4.0
RB00418,2024-10-13,TH-EAST,Original Blue,Social Media,80,569,38152.36,2,9.0
RB05286,2024-04-26,USA-EAST,Tropical Edition,extreme sports,85,532,57722.1,0,3.0
RB00989,2024-09-09,USA-EAST,Red Edition,extreme sports,75,483,18799.32,3,6.0
RB07281,2023-09-27,USA-EAST,Tropical Edition,extreme sports,85,516,49011.96,3,10.0
RB00215,2023-11-01,TH-CENTRAL,Tropical Edition,Social Media,85,480,28558.68,2,9.0
RB05007,2024-05-11,ASIA-PACIFIC,Tropical Edition,in-store promo,85,466,52592.71,3,3.0
RB02865,2024-04-04,TH-CENTRAL,Original Blue,extreme sports,80,434,53401.79,5,5.0
RB09542,2024-01-01,USA-EAST,Red Edition,extreme sports,75,559,52037.9,0,10.0
RB09025,2023-06-23,TH-CENTRAL,Krating Daeng 250,in-store promo,60,584,36366.62,3,8.0
RB07544,2023-03-09,TH-NORTH,Red Edition,in-store promo,75,651,37717.2,2,5.0
RB08771,2023-06-10,TH-SOUTH,Sugarfree,in-store promo,90,300,54653.14,5,6.0
RB01012,2023-02-10,TH-NORTH,Krating Daeng 250,Social Media,60,578,28314.62,1,10.0
RB04421,2023-07-05,TH-EAST,Krating Daeng 250,TV Ad,60,438,34129.77,2,10.0
RB07821,2024-09-01,USA-EAST,Red Edition,Social Media,75,577,35899.88,1,8.0
RB08309,2024-09-09,TH-EAST,Sugarfree,Social Media,90,620,27502.85,1,1.0
RB03344,2023-04-02,TH-NORTH,Red Edition,f1 sponsorship,75,442,47942.88,3,7.0
RB08253,2023-10-13,ASIA-PACIFIC,Red Edition,f1 sponsorship,75,554,30894.45,5,5.0
RB09047,2023-06-04,TH-NORTH,Original Blue,in-store promo,80,442,40409.82,4,6.0
RB06207,2023-08-04,ASIA-PACIFIC,Red Edition,Social Media,75,753,44683.11,2,4.0
RB04896,2023-09-24,TH-EAST,Original Blue,in-store promo,80,586,44590.22,5,6.0
RB04206,2023-11-23,TH-EAST,Krating Daeng 250,f1 sponsorship,60,481,35152.23,2,7.0
RB09242,2023-02-18,USA-EAST,Tropical Edition,extreme sports,85,474,11571.77,4,6.0
RB00038,2023-02-01,USA-WEST,Krating Daeng 250,Social Media,60,534,19017.35,3,2.0
RB02127,2023-03-30,TH-NORTH,Red Edition,f1 sponsorship,75,508,9790.29,1,6.0
RB01773,2024-04-23,TH-SOUTH,Tropical Edition,extreme sports,85,581,6054.52,5,9.0
RB07645,2023-03-31,TH-NORTH,Red Edition,f1 sponsorship,75,626,17769.76,1,4.0
RB06792,2023-03-25,TH-SOUTH,Tropical Edition,f1 sponsorship,85,587,23296.22,1,6.0
RB04575,2024-01-28,TH-EAST,Red Edition,in-store promo,75,477,42669.15,2,6.0
RB03688,2024-10-10,USA-EAST,Tropical Edition,f1 sponsorship,85,615,23233.24,1,4.0
RB04587,2024-06-21,USA-EAST,Tropical Edition,f1 sponsorship,85,485,17148.32,0,6.0
RB08947,2024-10-22,TH-NORTH,Sugarfree,extreme sports,90,548,8089.15,2,4.0
RB03709,2023-02-19,TH-EAST,Sugarfree,extreme sports,90,629,49829.17,4,6.0
RB02408,2023-09-11,TH-CENTRAL,Krating Daeng 250,extreme sports,60,707,14616.23,1,4.0
RB03211,2023-03-25,EUROPE-EU,Red Edition,Social Media,75,511,7388.6,2,9.0
RB01193,2023-09-20,TH-NORTH,Sugarfree,f1 sponsorship,90,673,11859.05,2,6.0
RB08301,2023-12-17,EUROPE-EU,Original Blue,TV Ad,80,340,37960.0,1,5.0
RB05259,2023-01-16,TH-EAST,Red Edition,extreme sports,75,526,54417.67,4,6.0
RB00889,2024-11-07,TH-NORTH,Original Blue,TV Ad,80,571,51981.33,3,1.0
RB00873,2023-02-06,TH-CENTRAL,Krating Daeng 250,Social Media,60,13818,38703.91,2,2.0
RB04312,2023-12-17,TH-NORTH,Tropical Edition,Social Media,85,547,50724.29,5,6.0
RB05542,2024-03-23,USA-EAST,Krating Daeng 250,TV Ad,60,622,18595.41,3,6.0
RB02730,2023-09-17,EUROPE-EU,Krating Daeng 250,extreme sports,60,538,17241.72,4,7.0
RB05628,2023-12-22,TH-NORTH,Tropical Edition,f1 sponsorship,85,454,38899.8,2,7.0
RB09173,2024-09-12,TH-SOUTH,Krating Daeng 250,f1 sponsorship,60,628,50087.15,2,8.0
RB08333,2024-03-05,USA-WEST,Red Edition,f1 sponsorship,75,866,43737.71,4,6.0
RB05011,2023-04-17,TH-EAST,Original Blue,extreme sports,80,478,46250.98,5,2.0
RB05157,2024-10-26,TH-EAST,Red Edition,Social Media,75,446,38892.76,5,8.0
RB06242,2023-04-10,TH-EAST,Red Edition,TV Ad,75,441,51806.04,5,10.0
RB05255,2024-12-29,ASIA-PACIFIC,Tropical Edition,f1 sponsorship,85,710,6505.86,1,3.0
RB06465,2024-08-27,TH-EAST,Sugarfree,in-store promo,90,540,10390.86,2,4.0
RB06578,2023-08-19,TH-SOUTH,Krating Daeng 250,f1 sponsorship,60,494,52921.83,0,7.0
RB08433,2024-09-03,TH-EAST,Krating Daeng 250,in-store promo,60,360,54218.92,1,5.0
RB08668,2024-10-01,TH-CENTRAL,Sugarfree,in-store promo,90,525,31436.14,5,6.0
RB00832,2024-02-14,TH-EAST,Krating Daeng 250,TV Ad,60,585,37532.71,0,8.0
RB02620,2023-08-27,USA-EAST,Red Edition,extreme sports,75,461,50938.75,2,6.0
RB05390,2024-05-01,TH-NORTH,Tropical Edition,in-store promo,85,469,51671.06,3,4.0
RB06660,2023-10-04,USA-EAST,Krating Daeng 250,f1 sponsorship,60,512,43713.8,2,9.0
RB08929,2023-10-06,TH-NORTH,Krating Daeng 250,TV Ad,60,419,38548.45,1,6.0
RB02087,2024-12-14,TH-SOUTH,Krating Daeng 250,f1 sponsorship,60,601,30844.36,2,7.0
RB00166,2024-06-12,USA-EAST,Krating Daeng 250,extreme sports,60,707,32497.63,2,8.0
RB02464,2024-05-02,ASIA-PACIFIC,Krating Daeng 250,Social Media,60,515,38289.08,1,6.0
RB00646,2024-04-30,EUROPE-EU,Original Blue,f1 sponsorship,80,499,33243.14,4,9.0
RB08572,2023-03-24,TH-CENTRAL,Red Edition,extreme sports,75,644,23995.27,1,4.0
RB06808,2023-08-09,TH-NORTH,Red Edition,extreme sports,75,659,18777.37,2,4.0
RB05786,2023-02-06,USA-WEST,Sugarfree,in-store promo,90,527,17061.48,5,5.0
RB01159,2024-05-18,EUROPE-EU,Red Edition,extreme sports,75,544,18747.19,1,6.0
RB02987,2023-01-03,USA-EAST,Red Edition,f1 sponsorship,75,357,28444.28,5,9.0
RB06096,2023-10-14,TH-SOUTH,Original Blue,extreme sports,80,587,17444.65,0,6.0
RB00360,2023-10-22,EUROPE-EU,Tropical Edition,in-store promo,85,615,16692.7,1,7.0
RB00619,2024-01-21,USA-EAST,Tropical Edition,TV Ad,85,503,26630.33,1,8.0
RB03632,2024-11-16,EUROPE-EU,Original Blue,TV Ad,80,595,47494.42,2,6.0
RB08069,2023-06-06,TH-CENTRAL,Krating Daeng 250,extreme sports,60,547,9732.24,2,6.0
RB04402,2023-03-26,EUROPE-EU,Original Blue,extreme sports,80,705,10411.37,5,4.0
RB06849,2024-06-04,TH-SOUTH,Tropical Edition,extreme sports,85,502,58401.45,2,10.0
RB07780,2024-08-02,USA-EAST,Sugarfree,in-store promo,90,530,24140.77,2,10.0
RB01207,2024-07-13,TH-EAST,Sugarfree,TV Ad,90,682,43703.83,3,7.0
RB09096,2023-11-11,ASIA-PACIFIC,Tropical Edition,extreme sports,85,608,57560.92,3,4.0
RB06951,2023-05-12,TH-EAST,Original Blue,TV Ad,80,638,11470.21,4,7.0
RB02457,2023-02-24,USA-EAST,Krating Daeng 250,f1 sponsorship,60,651,36957.84,2,6.0
RB07604,2024-06-17,TH-CENTRAL,Original Blue,TV Ad,80,485,56985.39,4,3.0
RB01317,2024-09-13,USA-WEST,Sugarfree,in-store promo,90,598,37747.3,2,2.0
RB01762,2024-11-01,EUROPE-EU,Tropical Edition,f1 sponsorship,85,573,10629.68,0,7.0
RB00175,2023-11-11,EUROPE-EU,Sugarfree,in-store promo,90,452,55830.43,3,6.0
RB06639,2023-09-04,TH-EAST,Red Edition,f1 sponsorship,75,693,38118.79,0,4.0
RB00737,2024-11-30,TH-EAST,Red Edition,Social Media,75,640,22681.01,1,7.0
RB07216,2023-05-08,USA-EAST,Krating Daeng 250,Social Media,60,388,32658.19,2,6.0
RB01109,2023-10-13,ASIA-PACIFIC,Sugarfree,extreme sports,90,596,56475.59,2,4.0
RB03720,2024-05-22,ASIA-PACIFIC,Original Blue,f1 sponsorship,80,389,17745.81,5,6.0
RB00835,2024-08-27,TH-NORTH,Sugarfree,extreme sports,90,461,33763.29,1,5.0
RB09081,2023-12-06,TH-CENTRAL,Red Edition,in-store promo,75,461,21568.1,1,5.0
RB08940,2023-06-06,EUROPE-EU,Krating Daeng 250,Social Media,60,16737,11559.76,3,4.0
RB05330,2023-05-22,TH-EAST,Sugarfree,TV Ad,90,525,38396.02,2,4.0
RB07823,2023-07-21,USA-EAST,Original Blue,TV Ad,80,552,15502.49,5,9.0
RB00829,2024-03-15,USA-EAST,Tropical Edition,TV Ad,85,548,27084.9,3,6.0
RB05515,2023-03-30,TH-NORTH,Tropical Edition,in-store promo,85,415,14177.82,3,2.0
RB01312,2024-09-12,TH-EAST,Red Edition,extreme sports,75,450,29594.64,1,4.0
RB01238,2023-12-14,USA-WEST,Red Edition,TV Ad,75,522,6577.38,0,3.0
RB08607,2023-07-08,TH-EAST,Krating Daeng 250,Social Media,60,547,21140.9,3,8.0
RB06389,2023-01-14,USA-EAST,Tropical Edition,extreme sports,85,573,46661.55,0,5.0
RB00904,2023-09-17,TH-CENTRAL,Sugarfree,extreme sports,90,548,36534.41,1,7.0
RB07657,2024-07-10,TH-NORTH,Sugarfree,TV Ad,90,719,39614.96,1,5.0
RB08346,2023-07-08,TH-NORTH,Original Blue,f1 sponsorship,80,534,42384.33,2,10.0
RB03828,2023-02-23,EUROPE-EU,Sugarfree,Social Media,90,451,8386.16,4,6.0
RB05776,2023-07-26,TH-NORTH,Red Edition,f1 sponsorship,75,458,40397.96,4,6.0
RB04083,2023-08-25,TH-SOUTH,Krating Daeng 250,extreme sports,60,878,48642.8,2,7.0
RB09223,2023-09-28,TH-SOUTH,Krating Daeng 250,extreme sports,60,18675,27982.1,2,6.0
RB06558,2023-01-02,USA-WEST,Tropical Edition,TV Ad,85,332,42241.47,2,7.0
RB05282,2023-08-08,TH-CENTRAL,Sugarfree,in-store promo,90,584,41667.71,4,5.0
RB00119,2023-07-31,TH-NORTH,Red Edition,in-store promo,75,457,21489.04,4,2.0
RB07591,2024-08-26,TH-NORTH,Tropical Edition,f1 sponsorship,85,321,32658.19,1,8.0
RB03980,2024-10-12,TH-CENTRAL,Red Edition,extreme sports,75,555,22894.24,3,6.0
RB06715,2023-11-04,TH-CENTRAL,Red Edition,extreme sports,75,638,8987.52,3,9.0
RB09053,2023-04-25,TH-EAST,Krating Daeng 250,TV Ad,60,553,9196.1,2,10.0
RB04149,2024-02-29,USA-WEST,Sugarfree,f1 sponsorship,90,588,49239.48,2,3.0
RB07906,2024-04-26,EUROPE-EU,Sugarfree,f1 sponsorship,90,405,23107.63,2,7.0
RB03850,2023-09-03,USA-EAST,Krating Daeng 250,extreme sports,60,611,10883.41,5,4.0
RB09563,2023-09-08,TH-NORTH,Sugarfree,in-store promo,90,805,43548.03,1,4.0
RB01399,2023-07-09,USA-EAST,Red Edition,f1 sponsorship,75,477,26093.82,1,4.0
RB03068,2023-05-16,TH-NORTH,Tropical Edition,extreme sports,85,745,22793.13,1,6.0
RB01093,2024-08-13,EUROPE-EU,Original Blue,f1 sponsorship,80,549,22511.98,79,6.0
RB08352,2024-09-15,TH-CENTRAL,Red Edition,f1 sponsorship,75,814,32658.19,5,9.0
RB01846,2024-05-21,TH-EAST,Red Edition,in-store promo,75,456,28623.83,2,8.0
RB00614,2023-02-18,USA-EAST,Red Edition,f1 sponsorship,75,427,22366.13,4,6.0
RB01519,2024-10-08,EUROPE-EU,Sugarfree,extreme sports,90,687,32658.19,3,5.0
RB01263,2023-11-11,TH-NORTH,Tropical Edition,TV Ad,85,580,41825.75,2,10.0
RB07476,2023-12-30,TH-EAST,Tropical Edition,TV Ad,85,498,30751.29,1,8.0
RB09039,2023-06-27,USA-EAST,Tropical Edition,in-store promo,85,355,44188.04,2,2.0
RB06152,2024-02-26,TH-SOUTH,Krating Daeng 250,TV Ad,60,631,44686.73,2,4.0
RB05058,2023-06-19,TH-EAST,Original Blue,extreme sports,80,577,32658.19,0,9.0
RB01328,2024-05-11,TH-NORTH,Sugarfree,TV Ad,90,578,11211.02,3,7.0
RB06739,2023-02-02,TH-NORTH,Krating Daeng 250,in-store promo,60,603,50183.74,52,5.0
RB05735,2024-08-18,USA-EAST,Original Blue,TV Ad,80,371,7039.17,2,7.0
RB04943,2024-12-10,TH-SOUTH,Original Blue,TV Ad,80,639,51521.79,1,6.0
RB05964,2024-09-06,TH-SOUTH,Original Blue,TV Ad,80,671,41654.94,2,3.0
RB03802,2023-04-24,TH-NORTH,Sugarfree,TV Ad,90,469,40386.58,4,3.0
RB06698,2023-10-18,TH-NORTH,Tropical Edition,Social Media,85,829,39488.44,2,6.0
RB00940,2023-10-24,TH-CENTRAL,Original Blue,in-store promo,80,596,39415.13,2,6.0
RB07643,2024-10-15,TH-NORTH,Sugarfree,extreme sports,90,730,43186.31,5,6.0
RB08891,2024-09-18,USA-EAST,Sugarfree,extreme sports,90,403,21011.19,1,6.0
RB01095,2023-05-18,TH-SOUTH,Red Edition,TV Ad,75,459,54811.9,1,3.0
RB08187,2023-04-10,TH-CENTRAL,Krating Daeng 250,in-store promo,60,515,45201.89,2,6.0
RB05706,2023-08-13,TH-NORTH,Red Edition,in-store promo,75,609,58036.3,0,4.0
RB06967,2024-10-26,USA-EAST,Krating Daeng 250,extreme sports,60,448,14891.4,3,8.0
RB06421,2024-05-07,TH-CENTRAL,Original Blue,f1 sponsorship,80,459,58984.62,3,6.0
RB02719,2024-06-22,USA-EAST,Sugarfree,TV Ad,90,489,47442.12,2,6.0
RB07801,2023-06-28,TH-NORTH,Red Edition,TV Ad,75,677,29358.82,2,9.0
RB04246,2024-11-06,TH-SOUTH,Krating Daeng 250,Social Media,60,443,17475.44,5,1.0
RB05344,2023-05-20,TH-CENTRAL,Original Blue,in-store promo,80,488,41974.52,2,6.0
RB01895,2023-09-03,ASIA-PACIFIC,Original Blue,f1 sponsorship,80,388,39757.03,2,8.0
RB07805,2023-06-13,USA-EAST,Red Edition,TV Ad,75,491,59215.3,4,5.0
RB04539,2023-11-24,USA-EAST,Tropical Edition,TV Ad,85,357,40856.41,1,7.0
RB05571,2023-08-24,USA-WEST,Original Blue,TV Ad,80,630,8523.77,3,5.0
RB04900,2023-12-04,TH-SOUTH,Red Edition,Social Media,75,515,53378.31,2,7.0
RB06650,2023-05-04,TH-CENTRAL,Tropical Edition,in-store promo,85,575,10431.14,0,6.0
RB05004,2023-01-26,TH-CENTRAL,Krating Daeng 250,in-store promo,60,630,13636.04,3,7.0
RB08427,2024-04-06,TH-SOUTH,Krating Daeng 250,f1 sponsorship,60,589,8130.28,1,5.0
RB00165,2023-12-28,TH-NORTH,Tropical Edition,f1 sponsorship,85,625,45755.29,2,9.0
RB08969,2023-10-10,TH-CENTRAL,Red Edition,TV Ad,75,717,5786.32,0,5.0
RB03669,2023-07-30,TH-CENTRAL,Original Blue,TV Ad,80,613,5864.71,3,9.0
RB03809,2023-08-28,TH-SOUTH,Sugarfree,in-store promo,90,661,59082.99,2,6.0
RB08691,2023-04-26,TH-NORTH,Sugarfree,extreme sports,90,663,9386.21,1,6.0
RB00668,2024-03-05,ASIA-PACIFIC,Red Edition,extreme sports,75,530,32658.19,0,6.0
RB04955,2024-11-06,TH-NORTH,Sugarfree,Social Media,90,667,29673.7,2,9.0
RB01987,2023-01-25,TH-EAST,Tropical Edition,in-store promo,85,663,27153.93,4,2.0
RB04235,2023-10-13,USA-WEST,Tropical Edition,Social Media,85,553,32658.19,2,6.0
RB06169,2024-02-22,TH-NORTH,Original Blue,Social Media,80,421,35437.9,5,9.0
RB01030,2024-03-10,TH-CENTRAL,Red Edition,f1 sponsorship,75,557,55989.19,1,8.0
RB09312,2023-11-04,TH-SOUTH,Red Edition,TV Ad,75,444,30825.51,3,5.0
RB02294,2023-06-07,USA-EAST,Red Edition,extreme sports,75,681,27663.77,2,8.0
RB01551,2024-01-02,TH-NORTH,Red Edition,Social Media,75,538,14846.86,2,9.0
RB08404,2024-08-09,USA-EAST,Krating Daeng 250,Social Media,60,8590,58193.69,4,7.0
RB05312,2024-04-20,TH-CENTRAL,Tropical Edition,in-store promo,85,491,43810.67,2,3.0
RB06184,2024-11-17,TH-CENTRAL,Tropical Edition,f1 sponsorship,85,502,19670.93,2,6.0
RB09136,2024-07-21,EUROPE-EU,Sugarfree,in-store promo,90,509,8797.37,2,6.0
RB04415,2024-11-30,TH-CENTRAL,Tropical Edition,extreme sports,85,646,26126.38,3,2.0
RB07318,2023-05-26,TH-NORTH,Tropical Edition,extreme sports,85,535,32658.19,1,10.0
RB06294,2024-10-15,TH-SOUTH,Krating Daeng 250,f1 sponsorship,60,461,7197.83,2,5.0
RB07163,2023-11-20,USA-EAST,Sugarfree,Social Media,90,703,30675.0,1,10.0
RB06557,2023-05-13,TH-EAST,Tropical Edition,f1 sponsorship,85,646,43865.48,3,7.0
RB03832,2024-10-22,TH-CENTRAL,Sugarfree,f1 sponsorship,90,541,12890.26,5,6.0
RB07682,2023-01-22,EUROPE-EU,Sugarfree,Social Media,90,639,8195.99,2,7.0
RB04143,2023-03-18,TH-NORTH,Krating Daeng 250,extreme sports,60,465,13382.78,2,6.0
RB03373,2024-01-07,TH-SOUTH,Krating Daeng 250,f1 sponsorship,60,302,57056.03,2,1.0
RB01244,2023-01-06,TH-SOUTH,Original Blue,f1 sponsorship,80,596,37575.41,5,10.0
RB04938,2023-03-27,USA-WEST,Tropical Edition,Social Media,85,603,23685.26,1,6.0
RB02811,2023-01-10,TH-CENTRAL,Original Blue,in-store promo,80,386,39655.71,5,4.0
RB05275,2024-12-10,TH-NORTH,Sugarfree,TV Ad,90,580,31875.99,0,3.0
RB03957,2024-04-14,USA-EAST,Original Blue,f1 sponsorship,80,465,26631.42,2,8.0
RB07350,2024-04-01,TH-NORTH,Red Edition,extreme sports,75,431,26560.47,3,6.0
RB01995,2024-01-30,USA-WEST,Tropical Edition,f1 sponsorship,85,605,6518.72,3,9.0
RB00274,2023-01-29,EUROPE-EU,Sugarfree,f1 sponsorship,90,400,9689.83,0,6.0
RB06931,2023-02-02,USA-EAST,Red Edition,in-store promo,75,605,14064.85,2,9.0
RB02940,2023-07-26,ASIA-PACIFIC,Sugarfree,extreme sports,90,485,50478.54,2,5.0
RB02577,2023-10-01,TH-NORTH,Red Edition,TV Ad,75,678,46282.44,0,9.0
RB09139,2023-03-14,TH-SOUTH,Sugarfree,Social Media,90,412,17978.1,0,6.0
RB00242,2023-01-24,TH-EAST,Tropical Edition,extreme sports,85,425,26900.97,2,1.0
RB02364,2024-07-23,TH-NORTH,Red Edition,f1 sponsorship,75,397,23271.57,2,7.0
RB00489,2024-08-24,TH-CENTRAL,Krating Daeng 250,in-store promo,60,631,29574.3,3,6.0
RB07747,2023-09-10,TH-SOUTH,Sugarfree,Social Media,90,355,11757.41,1,3.0
RB05614,2024-11-25,TH-EAST,Original Blue,f1 sponsorship,80,548,39283.01,3,7.0
RB00011,2023-08-26,TH-CENTRAL,Original Blue,f1 sponsorship,80,548,27167.47,4,7.0
RB04579,2024-11-06,TH-CENTRAL,Original Blue,in-store promo,80,385,33190.74,2,6.0
RB01225,2024-12-24,TH-NORTH,Krating Daeng 250,extreme sports,60,559,32658.19,2,7.0
RB02440,2024-07-03,TH-CENTRAL,Krating Daeng 250,Social Media,60,549,42804.08,3,3.0
RB08026,2023-05-04,USA-EAST,Sugarfree,Social Media,90,10260,8195.21,3,6.0
RB08937,2024-03-01,USA-EAST,Tropical Edition,in-store promo,85,576,52602.13,2,7.0
RB07730,2024-06-12,USA-WEST,Red Edition,TV Ad,75,223,52746.86,2,2.0
RB07929,2024-11-18,EUROPE-EU,Krating Daeng 250,TV Ad,60,611,46076.59,2,10.0
RB06126,2023-12-13,TH-NORTH,Red Edition,extreme sports,75,432,36106.8,3,3.0
RB01763,2024-03-24,TH-SOUTH,Sugarfree,Social Media,90,633,51561.87,2,10.0
RB00691,2024-04-07,USA-EAST,Red Edition,f1 sponsorship,75,609,14698.75,3,8.0
RB05135,2023-06-22,USA-EAST,Krating Daeng 250,extreme sports,60,240,39646.25,1,7.0
RB06135,2024-03-15,ASIA-PACIFIC,Original Blue,extreme sports,80,664,19590.74,0,10.0
RB07461,2023-08-22,EUROPE-EU,Tropical Edition,extreme sports,85,604,37203.71,3,8.0
RB02534,2024-10-12,TH-NORTH,Sugarfree,extreme sports,90,432,6007.19,5,7.0
RB03400,2023-08-03,USA-EAST,Krating Daeng 250,extreme sports,60,825,7560.38,1,6.0
RB04086,2024-10-27,TH-CENTRAL,Tropical Edition,TV Ad,85,528,58541.45,2,8.0
RB05858,2024-09-14,TH-EAST,Sugarfree,extreme sports,90,533,54206.23,3,6.0
RB00117,2023-02-03,USA-EAST,Krating Daeng 250,in-store promo,60,374,48575.76,5,6.0
RB07190,2024-03-17,USA-EAST,Krating Daeng 250,in-store promo,60,521,51397.26,3,6.0
RB03039,2024-04-03,EUROPE-EU,Krating Daeng 250,f1 sponsorship,60,712,15908.78,2,5.0
RB09206,2024-03-02,TH-NORTH,Sugarfree,extreme sports,90,484,13356.79,3,9.0
RB05680,2024-04-06,TH-CENTRAL,Sugarfree,TV Ad,90,654,32658.19,4,4.0
RB02327,2023-07-11,TH-CENTRAL,Red Edition,Social Media,75,413,54189.65,1,3.0
RB05939,2024-01-10,TH-NORTH,Original Blue,extreme sports,80,861,59892.09,2,9.0
RB05895,2024-07-27,TH-EAST,Krating Daeng 250,in-store promo,60,607,7604.19,4,8.0
RB04712,2023-08-12,USA-EAST,Tropical Edition,Social Media,85,600,5734.32,5,6.0
RB06103,2023-05-29,USA-EAST,Red Edition,TV Ad,75,343,41250.9,0,8.0
RB05607,2023-01-24,ASIA-PACIFIC,Sugarfree,TV Ad,90,520,54265.17,3,6.0
RB00609,2023-04-10,EUROPE-EU,Original Blue,in-store promo,80,586,19934.55,5,8.0
RB00051,2024-01-12,TH-NORTH,Tropical Edition,in-store promo,85,593,56824.48,3,6.0
RB06068,2023-05-21,USA-EAST,Krating Daeng 250,Social Media,60,609,27274.06,5,7.0
RB04452,2023-04-11,USA-EAST,Tropical Edition,f1 sponsorship,85,734,23425.43,2,6.0
RB01355,2024-12-20,TH-NORTH,Krating Daeng 250,TV Ad,60,404,41439.39,3,5.0
RB00970,2023-06-18,ASIA-PACIFIC,Tropical Edition,f1 sponsorship,85,478,32658.19,0,8.0
RB07830,2023-01-14,TH-SOUTH,Red Edition,extreme sports,75,639,37069.37,3,9.0
RB09190,2023-02-13,TH-NORTH,Tropical Edition,extreme sports,85,539,32658.19,2,7.0
RB07475,2023-03-31,ASIA-PACIFIC,Krating Daeng 250,extreme sports,60,600,55539.64,2,9.0
RB06943,2023-01-24,TH-SOUTH,Sugarfree,extreme sports,90,334,28764.25,5,6.0
RB07518,2023-06-11,TH-NORTH,Krating Daeng 250,TV Ad,60,567,14236.37,2,7.0
RB01823,2023-12-26,TH-CENTRAL,Original Blue,f1 sponsorship,80,662,28579.47,3,1.0
RB04522,2023-11-29,ASIA-PACIFIC,Krating Daeng 250,f1 sponsorship,60,579,6030.19,2,6.0
RB08154,2023-05-20,TH-SOUTH,Krating Daeng 250,extreme sports,60,681,53897.86,4,8.0
RB01212,2024-07-08,USA-EAST,Tropical Edition,TV Ad,85,562,13204.14,0,6.0
RB05889,2023-09-10,TH-NORTH,Tropical Edition,extreme sports,85,543,41831.97,3,6.0
RB00128,2024-06-06,TH-CENTRAL,Red Edition,in-store promo,75,731,16440.67,3,5.0
RB01509,2024-03-29,EUROPE-EU,Sugarfree,extreme sports,90,497,31010.86,4,4.0
RB07305,2024-12-12,USA-EAST,Krating Daeng 250,Social Media,60,469,11859.65,1,4.0
RB03183,2024-11-18,TH-EAST,Original Blue,in-store promo,80,577,57553.81,2,6.0
RB01180,2024-01-01,TH-NORTH,Sugarfree,in-store promo,90,518,46788.62,3,8.0
RB00469,2023-12-13,TH-CENTRAL,Tropical Edition,extreme sports,85,754,12163.41,2,3.0
RB06381,2024-09-21,USA-EAST,Krating Daeng 250,f1 sponsorship,60,462,50712.4,1,3.0
RB05687,2024-01-31,TH-CENTRAL,Original Blue,TV Ad,80,634,33994.91,2,7.0
RB08275,2023-11-12,USA-EAST,Red Edition,in-store promo,75,726,13238.68,1,5.0
RB09224,2024-01-24,TH-CENTRAL,Tropical Edition,Social Media,85,611,21240.59,3,10.0
RB04144,2023-06-14,USA-EAST,Tropical Edition,in-store promo,85,618,36597.2,5,10.0
RB00781,2024-05-08,TH-CENTRAL,Krating Daeng 250,in-store promo,60,461,33837.0,5,9.0
RB04311,2024-08-06,EUROPE-EU,Red Edition,in-store promo,75,257,38808.72,1,6.0
RB04391,2023-03-07,USA-EAST,Red Edition,TV Ad,75,502,23693.66,2,6.0
RB01129,2024-05-28,TH-EAST,Original Blue,extreme sports,80,392,38083.42,3,6.0
RB05300-DUP,2023-08-30,TH-CENTRAL,Tropical Edition,in-store promo,85,731,59229.52,0,5.0
RB07155,2023-02-21,TH-SOUTH,Tropical Edition,TV Ad,85,497,23224.2,0,7.0
RB02268,2023-08-31,USA-EAST,Sugarfree,TV Ad,90,539,43349.47,5,8.0
RB05379,2024-05-04,TH-NORTH,Tropical Edition,TV Ad,85,668,54494.13,4,7.0
RB07034,2023-10-23,TH-NORTH,Tropical Edition,in-store promo,85,480,54354.97,1,6.0
RB04838,2024-05-01,EUROPE-EU,Red Edition,f1 sponsorship,75,746,12034.88,3,8.0
RB08963,2024-03-05,TH-SOUTH,Red Edition,Social Media,75,766,54179.05,1,8.0
RB06714,2024-10-10,TH-NORTH,Red Edition,Social Media,75,672,9956.13,1,6.0
RB03671,2024-10-20,USA-EAST,Sugarfree,TV Ad,90,426,53127.95,4,1.0
RB08450,2024-10-18,TH-NORTH,Sugarfree,in-store promo,90,700,58014.76,2,5.0
RB08037,2023-02-12,EUROPE-EU,Sugarfree,in-store promo,90,444,45357.02,1,5.0
RB02500,2024-03-13,TH-CENTRAL,Red Edition,TV Ad,75,461,32394.98,2,7.0
RB08372,2023-06-29,TH-NORTH,Sugarfree,TV Ad,90,681,13519.33,2,10.0
RB08178,2023-05-24,USA-EAST,Red Edition,in-store promo,75,673,16053.05,2,5.0
RB06130,2023-10-12,TH-NORTH,Sugarfree,TV Ad,90,651,19218.07,4,7.0
RB02830,2024-02-18,TH-CENTRAL,Krating Daeng 250,Social Media,60,388,12823.27,5,3.0
RB09248,2023-07-31,EUROPE-EU,Original Blue,TV Ad,80,583,31982.2,2,7.0
RB07531,2024-08-08,TH-EAST,Sugarfree,Social Media,90,612,33455.47,0,9.0
RB02483,2024-09-24,ASIA-PACIFIC,Original Blue,in-store promo,80,687,56715.75,2,3.0
RB04439,2024-08-03,TH-SOUTH,Red Edition,in-store promo,75,502,27428.91,2,6.0
RB06391-DUP,2024-09-02,TH-EAST,Krating Daeng 250,extreme sports,60,528,56288.88,4,2.0
RB06892,2024-10-01,USA-EAST,Krating Daeng 250,f1 sponsorship,60,673,54334.61,1,8.0
RB06293,2024-11-09,TH-EAST,Krating Daeng 250,f1 sponsorship,60,392,18251.5,3,9.0
RB01236,2023-06-10,TH-NORTH,Krating Daeng 250,TV Ad,60,550,38306.37,2,7.0
RB05812,2024-05-14,EUROPE-EU,Original Blue,extreme sports,80,523,46874.87,2,10.0
RB00541,2023-12-31,TH-SOUTH,Tropical Edition,extreme sports,85,564,24121.5,3,9.0
RB09161,2023-09-29,ASIA-PACIFIC,Sugarfree,in-store promo,90,734,33372.66,2,7.0
RB09314,2024-09-11,TH-CENTRAL,Original Blue,extreme sports,80,666,48138.46,4,5.0
RB07874,2024-07-03,TH-CENTRAL,Original Blue,Social Media,80,414,50693.08,3,8.0
RB01527,2024-02-03,TH-NORTH,Krating Daeng 250,TV Ad,60,467,32778.15,5,7.0
RB03845,2024-06-20,TH-CENTRAL,Krating Daeng 250,in-store promo,60,666,32658.19,5,1.0
RB02028,2024-05-01,TH-EAST,Red Edition,extreme sports,75,517,40983.11,3,6.0
RB03807,2023-09-04,TH-CENTRAL,Original Blue,Social Media,80,537,54162.29,5,6.0
RB09145,2024-11-26,USA-WEST,Krating Daeng 250,TV Ad,60,513,57573.34,5,6.0
RB02634,2023-04-01,USA-EAST,Sugarfree,extreme sports,90,711,10623.85,2,8.0
RB02051,2023-12-02,TH-NORTH,Sugarfree,extreme sports,90,489,20757.93,5,4.0
RB08123,2024-02-28,TH-NORTH,Original Blue,f1 sponsorship,80,652,34411.43,5,5.0
RB08271,2023-12-07,TH-NORTH,Sugarfree,Social Media,90,487,53360.36,3,5.0
RB08554,2023-03-12,USA-WEST,Original Blue,f1 sponsorship,80,436,12700.38,5,3.0
RB04692,2024-07-15,TH-NORTH,Red Edition,f1 sponsorship,75,471,58833.04,1,6.0
RB06312,2024-02-07,TH-NORTH,Original Blue,Social Media,80,345,32658.19,2,8.0
RB02656,2023-04-27,USA-EAST,Red Edition,f1 sponsorship,75,600,51436.93,2,4.0
RB03264,2023-01-12,USA-WEST,Original Blue,f1 sponsorship,80,662,44166.07,2,5.0
RB09275,2024-01-24,TH-CENTRAL,Tropical Edition,f1 sponsorship,85,700,7717.84,5,5.0
RB05406,2024-04-03,TH-SOUTH,Sugarfree,TV Ad,90,573,51998.7,5,6.0
RB08351,2023-01-21,TH-SOUTH,Sugarfree,Social Media,90,508,34217.08,2,8.0
RB09597,2023-05-17,TH-NORTH,Tropical Edition,extreme sports,85,695,34244.74,2,1.0
RB04248,2024-01-03,TH-SOUTH,Original Blue,f1 sponsorship,80,586,39226.45,2,5.0
RB04763,2024-11-09,TH-SOUTH,Original Blue,extreme sports,80,668,47777.12,3,5.0
RB03408,2023-12-06,EUROPE-EU,Original Blue,TV Ad,80,650,15070.34,2,5.0
RB07501,2023-05-14,TH-NORTH,Red Edition,TV Ad,75,754,25912.65,3,1.0
RB07558,2023-10-28,TH-CENTRAL,Sugarfree,Social Media,90,557,43126.58,2,4.0
RB08522,2024-09-15,EUROPE-EU,Tropical Edition,TV Ad,85,571,21897.96,2,7.0
RB03457,2023-01-17,TH-NORTH,Tropical Edition,Social Media,85,502,5748.69,1,8.0
RB01307,2024-03-30,EUROPE-EU,Original Blue,in-store promo,80,823,10805.37,2,8.0
RB01910,2023-08-27,TH-EAST,Original Blue,TV Ad,80,311,14924.91,1,7.0
RB03780,2024-07-06,EUROPE-EU,Krating Daeng 250,f1 sponsorship,60,539,23515.44,5,5.0
RB06949,2023-09-02,TH-CENTRAL,Original Blue,TV Ad,80,565,34775.23,5,1.0
RB02825,2023-12-28,EUROPE-EU,Krating Daeng 250,TV Ad,60,623,12112.24,1,5.0
RB02912,2023-01-06,TH-EAST,Red Edition,extreme sports,75,447,43412.45,1,4.0
RB05397,2023-03-27,USA-WEST,Original Blue,Social Media,80,698,12961.84,3,10.0
RB02287,2023-03-20,USA-WEST,Tropical Edition,f1 sponsorship,85,301,56672.46,4,3.0
RB05541,2024-08-17,USA-EAST,Tropical Edition,f1 sponsorship,85,586,9214.29,4,9.0
RB03136,2024-06-04,EUROPE-EU,Red Edition,TV Ad,75,677,56055.19,3,6.0
RB00921,2023-06-30,ASIA-PACIFIC,Krating Daeng 250,Social Media,60,519,44406.61,2,8.0
RB02047,2024-09-08,TH-SOUTH,Krating Daeng 250,TV Ad,60,669,20887.85,4,9.0
RB01602,2024-11-16,TH-EAST,Red Edition,f1 sponsorship,75,604,22767.19,2,4.0
RB01407,2023-09-11,TH-NORTH,Tropical Edition,extreme sports,85,494,12340.36,2,8.0
RB07901,2024-02-18,TH-CENTRAL,Sugarfree,f1 sponsorship,90,458,18796.43,2,6.0
RB09526,2023-09-01,EUROPE-EU,Red Edition,TV Ad,75,373,39586.32,3,10.0
RB03571,2024-06-05,TH-CENTRAL,Krating Daeng 250,TV Ad,60,412,33485.18,2,7.0
RB07133,2024-08-26,ASIA-PACIFIC,Original Blue,Social Media,80,590,37509.69,5,9.0
RB08015,2024-03-30,TH-NORTH,Tropical Edition,extreme sports,85,582,12123.63,3,6.0
RB09198,2024-06-17,TH-NORTH,Red Edition,f1 sponsorship,75,723,20279.36,3,3.0
RB04755,2023-09-09,TH-SOUTH,Tropical Edition,TV Ad,85,502,32658.19,0,6.0
RB04632,2024-12-08,TH-EAST,Original Blue,extreme sports,80,761,31930.75,2,8.0
RB01245,2024-05-18,TH-NORTH,Tropical Edition,f1 sponsorship,85,672,15278.13,0,4.0
RB02747,2023-01-31,TH-CENTRAL,Krating Daeng 250,Social Media,60,591,33873.07,4,9.0
RB08339,2023-01-15,USA-WEST,Tropical Edition,extreme sports,85,545,40798.69,3,10.0
RB02838,2024-03-27,TH-CENTRAL,Red Edition,in-store promo,75,539,27576.56,5,6.0
RB00842,2023-05-28,TH-CENTRAL,Krating Daeng 250,in-store promo,60,629,37912.5,1,5.0
RB00495,2023-05-28,TH-CENTRAL,Sugarfree,Social Media,90,669,13889.93,3,8.0
RB04135,2024-05-15,TH-NORTH,Red Edition,in-store promo,75,577,38174.03,4,6.0
RB03469,2024-01-30,TH-CENTRAL,Krating Daeng 250,TV Ad,60,505,14844.95,1,2.0
RB04468,2023-02-10,TH-SOUTH,Red Edition,extreme sports,75,447,45467.14,5,3.0
RB07880,2024-09-25,EUROPE-EU,Red Edition,extreme sports,75,521,44665.93,1,9.0
RB08537,2024-12-30,TH-NORTH,Krating Daeng 250,f1 sponsorship,60,622,9913.6,1,9.0
RB08460,2023-06-26,TH-CENTRAL,Tropical Edition,TV Ad,85,438,27295.12,2,7.0
RB02014,2023-09-03,TH-CENTRAL,Tropical Edition,in-store promo,85,420,43045.79,1,4.0
RB02424,2023-02-23,EUROPE-EU,Red Edition,in-store promo,75,844,40432.64,4,6.0
RB06349,2024-09-17,USA-WEST,Red Edition,Social Media,75,658,28256.37,5,6.0
RB04999-DUP,2023-09-12,TH-NORTH,Red Edition,f1 sponsorship,75,777,28201.72,1,3.0
RB01191,2024-11-29,EUROPE-EU,Sugarfree,in-store promo,90,556,33742.05,2,7.0
RB00123,2024-10-09,TH-NORTH,Sugarfree,extreme sports,90,562,15992.46,1,10.0
RB06684,2024-03-11,USA-WEST,Original Blue,f1 sponsorship,80,552,29882.73,0,3.0
RB07954,2023-01-17,TH-NORTH,Tropical Edition,f1 sponsorship,85,453,52606.98,3,7.0
RB01319,2023-03-16,TH-SOUTH,Krating Daeng 250,in-store promo,60,569,34118.89,3,10.0
RB08206,2024-12-16,TH-NORTH,Sugarfree,TV Ad,90,655,27923.56,2,5.0
RB06968,2023-03-20,TH-NORTH,Original Blue,in-store promo,80,457,20877.96,4,4.0
RB04983,2024-11-25,ASIA-PACIFIC,Krating Daeng 250,f1 sponsorship,60,524,19361.25,2,2.0
RB06350,2024-12-31,TH-CENTRAL,Original Blue,extreme sports,80,514,10396.8,2,2.0
RB08294,2023-02-14,TH-NORTH,Tropical Edition,Social Media,85,827,49938.32,3,6.0
RB04104,2023-03-02,TH-SOUTH,Sugarfree,f1 sponsorship,90,463,59233.48,1,4.0
RB08455,2023-10-14,TH-EAST,Original Blue,in-store promo,80,699,43391.11,3,6.0
RB08287,2024-06-21,TH-EAST,Sugarfree,in-store promo,90,639,22565.23,2,5.0
RB09235,2023-10-05,TH-EAST,Sugarfree,TV Ad,90,325,35685.76,5,8.0
RB00926,2024-06-23,TH-CENTRAL,Tropical Edition,Social Media,85,526,35446.96,1,3.0
RB08028,2023-04-12,EUROPE-EU,Krating Daeng 250,f1 sponsorship,60,565,28534.95,5,5.0
RB07592,2024-08-29,USA-WEST,Original Blue,Social Media,80,536,18573.92,1,8.0
RB06822,2023-04-11,TH-EAST,Krating Daeng 250,f1 sponsorship,60,352,21106.17,2,9.0
RB03718,2024-06-24,TH-SOUTH,Original Blue,f1 sponsorship,80,444,24662.51,3,7.0
RB03657,2023-10-19,TH-EAST,Krating Daeng 250,f1 sponsorship,60,365,32658.19,2,9.0
RB05587,2023-06-26,TH-CENTRAL,Original Blue,f1 sponsorship,80,449,28339.07,1,5.0
RB06457,2024-08-30,USA-WEST,Sugarfree,in-store promo,90,527,50008.15,2,6.0
RB02931,2024-05-05,TH-SOUTH,Krating Daeng 250,extreme sports,60,558,33980.48,2,4.0
RB01764,2024-03-08,TH-NORTH,Red Edition,in-store promo,75,670,21646.88,2,10.0
RB00938,2024-11-10,USA-EAST,Original Blue,Social Media,80,564,51667.13,1,8.0
RB01884,2024-06-17,TH-EAST,Krating Daeng 250,TV Ad,60,512,23460.73,1,8.0
RB00034,2024-02-12,TH-SOUTH,Tropical Edition,extreme sports,85,513,10769.13,3,9.0
RB01533,2024-03-09,EUROPE-EU,Krating Daeng 250,extreme sports,60,443,34530.3,4,3.0
RB09557,2024-05-06,USA-EAST,Original Blue,TV Ad,80,206,58296.46,1,8.0
RB03148,2023-02-04,TH-CENTRAL,Krating Daeng 250,TV Ad,60,487,59988.49,2,2.0
RB09208,2024-05-07,EUROPE-EU,Original Blue,f1 sponsorship,80,448,29384.85,2,8.0
RB01061,2023-05-13,USA-EAST,Sugarfree,in-store promo,90,507,47764.46,5,7.0
RB04460,2024-02-15,ASIA-PACIFIC,Sugarfree,f1 sponsorship,90,460,12246.8,4,6.0
RB03621,2023-09-10,TH-EAST,Krating Daeng 250,Social Media,60,723,58161.63,1,4.0
RB07080,2023-03-18,USA-WEST,Tropical Edition,Social Media,85,534,15435.4,2,9.0
RB01409,2024-08-27,TH-CENTRAL,Tropical Edition,f1 sponsorship,85,593,48703.59,2,4.0
RB08773,2024-10-22,TH-NORTH,Tropical Edition,f1 sponsorship,85,656,34789.56,4,4.0
RB03342,2024-02-16,TH-SOUTH,Krating Daeng 250,extreme sports,60,458,9421.98,3,4.0
RB07022,2023-11-25,TH-EAST,Krating Daeng 250,extreme sports,60,575,47279.02,2,3.0
RB02417,2023-08-30,TH-SOUTH,Red Edition,in-store promo,75,531,39695.11,1,9.0
RB07218,2024-12-25,TH-NORTH,Sugarfree,TV Ad,90,509,11201.77,3,6.0
RB07142,2023-06-14,TH-SOUTH,Red Edition,in-store promo,75,669,23599.59,3,7.0
RB06511,2023-04-02,TH-EAST,Sugarfree,extreme sports,90,551,32948.44,5,4.0
RB05165,2023-08-19,USA-EAST,Krating Daeng 250,in-store promo,60,539,42754.51,2,4.0
RB04167,2023-08-07,USA-WEST,Sugarfree,f1 sponsorship,90,481,58737.28,2,3.0
RB00091,2024-07-12,TH-NORTH,Red Edition,extreme sports,75,533,37825.81,2,5.0
RB03781,2024-07-29,TH-NORTH,Sugarfree,in-store promo,90,390,28541.41,0,5.0
RB04682,2023-07-08,TH-SOUTH,Original Blue,TV Ad,80,532,54200.17,5,4.0
RB06088,2023-08-31,USA-WEST,Sugarfree,f1 sponsorship,90,503,44279.21,2,6.0
RB00561,2023-02-10,USA-EAST,Original Blue,in-store promo,80,558,5921.43,1,3.0
RB06844,2024-02-03,EUROPE-EU,Red Edition,TV Ad,75,613,32072.1,5,3.0
RB07800,2023-02-27,USA-EAST,Sugarfree,extreme sports,90,651,43425.31,5,8.0
RB08697,2024-10-11,TH-SOUTH,Original Blue,f1 sponsorship,80,590,27457.34,2,4.0
RB04882,2023-03-01,TH-NORTH,Sugarfree,f1 sponsorship,90,481,49291.88,2,6.0
RB01989,2023-05-27,TH-EAST,Red Edition,extreme sports,75,477,39321.09,0,2.0
RB05937,2023-01-26,EUROPE-EU,Krating Daeng 250,in-store promo,60,444,28009.96,5,3.0
RB05170,2023-04-01,USA-EAST,Original Blue,TV Ad,80,380,16165.6,5,5.0
RB00509,2023-07-16,USA-EAST,Krating Daeng 250,in-store promo,60,638,58598.23,3,6.0
RB03636,2024-11-01,EUROPE-EU,Original Blue,f1 sponsorship,80,504,32658.19,2,4.0
RB09045,2024-10-08,USA-EAST,Original Blue,extreme sports,80,431,58619.83,0,7.0
RB04545,2024-08-31,TH-CENTRAL,Original Blue,Social Media,80,582,28387.34,5,3.0
RB07609,2023-04-19,USA-WEST,Tropical Edition,in-store promo,85,673,13384.07,1,5.0
RB00755,2024-09-13,TH-CENTRAL,Red Edition,in-store promo,75,617,50652.04,3,10.0
RB04495,2023-01-03,TH-EAST,Tropical Edition,extreme sports,85,672,32658.19,2,6.0
RB09535,2023-09-02,USA-EAST,Krating Daeng 250,f1 sponsorship,60,508,55207.35,2,9.0
RB04825,2023-06-20,TH-CENTRAL,Sugarfree,extreme sports,90,550,38978.16,1,9.0
RB01277,2024-01-21,ASIA-PACIFIC,Krating Daeng 250,in-store promo,60,559,6081.83,4,2.0
RB05302,2024-07-01,TH-NORTH,Tropical Edition,Social Media,85,600,51487.75,1,8.0
RB03526,2023-05-28,TH-NORTH,Red Edition,Social Media,75,333,44480.68,1,10.0
RB04540,2024-09-07,TH-EAST,Sugarfree,Social Media,90,597,26059.04,0,4.0
RB06565,2024-11-09,ASIA-PACIFIC,Red Edition,in-store promo,75,442,9254.43,1,4.0
RB02863,2023-06-12,TH-CENTRAL,Sugarfree,in-store promo,90,532,52409.32,2,5.0
RB07856,2023-09-02,TH-CENTRAL,Original Blue,f1 sponsorship,80,513,24709.58,2,8.0
RB03755,2023-04-22,TH-SOUTH,Krating Daeng 250,TV Ad,60,688,29084.84,5,5.0
RB03815,2023-05-13,TH-SOUTH,Tropical Edition,Social Media,85,346,21055.2,0,8.0
RB02203,2023-11-27,TH-SOUTH,Krating Daeng 250,f1 sponsorship,60,528,32658.19,3,7.0
RB05994-DUP,2023-11-14,TH-SOUTH,Red Edition,TV Ad,75,544,50451.81,1,10.0
RB02419,2023-01-12,ASIA-PACIFIC,Red Edition,Social Media,75,518,8284.18,3,8.0
RB00838,2024-07-19,TH-NORTH,Red Edition,in-store promo,75,290,49888.61,2,10.0
RB03817,2024-02-17,TH-EAST,Original Blue,TV Ad,80,611,54562.0,2,6.0
RB09395,2024-10-20,TH-SOUTH,Krating Daeng 250,Social Media,60,644,58381.06,3,4.0
RB04355,2023-10-20,TH-NORTH,Original Blue,TV Ad,80,431,41480.8,3,6.0
RB08139,2023-09-04,TH-CENTRAL,Krating Daeng 250,TV Ad,60,539,27168.66,1,8.0
RB02782,2023-12-25,ASIA-PACIFIC,Sugarfree,extreme sports,90,383,30375.21,5,10.0
RB08466,2023-04-24,USA-EAST,Original Blue,Social Media,80,460,6020.14,3,6.0
RB06646,2024-07-03,TH-CENTRAL,Sugarfree,extreme sports,90,1000,20860.15,2,5.0
RB02662,2023-09-11,TH-CENTRAL,Red Edition,in-store promo,75,499,26074.2,2,8.0
RB01877,2024-01-18,ASIA-PACIFIC,Red Edition,in-store promo,75,571,55952.94,0,9.0
RB01861,2023-06-14,TH-NORTH,Tropical Edition,extreme sports,85,476,32434.82,2,6.0
RB03915,2024-12-14,TH-SOUTH,Red Edition,in-store promo,75,257,37153.65,3,5.0
RB00772,2023-04-22,TH-EAST,Red Edition,TV Ad,75,607,45026.65,0,9.0
RB02084,2023-02-18,TH-NORTH,Red Edition,TV Ad,75,591,8936.7,5,6.0
RB00389,2023-05-09,TH-SOUTH,Red Edition,f1 sponsorship,75,508,13362.86,1,2.0
RB04500,2024-08-04,USA-WEST,Sugarfree,Social Media,90,512,52362.5,3,8.0
RB01321,2024-10-19,TH-CENTRAL,Tropical Edition,extreme sports,85,572,14488.0,1,6.0
RB02099,2023-07-14,TH-NORTH,Krating Daeng 250,in-store promo,60,431,25309.1,1,4.0
RB05049,2023-08-09,EUROPE-EU,Sugarfree,Social Media,90,422,32658.19,0,1.0
RB06981,2024-03-08,USA-EAST,Tropical Edition,Social Media,85,683,30494.14,3,4.0
RB02121,2024-07-18,USA-WEST,Krating Daeng 250,f1 sponsorship,60,586,27087.94,0,3.0
RB01025,2023-05-10,TH-EAST,Sugarfree,extreme sports,90,485,20427.76,2,6.0
RB06823,2023-10-27,TH-NORTH,Sugarfree,f1 sponsorship,90,559,36127.02,3,4.0
RB05974,2024-10-06,TH-CENTRAL,Tropical Edition,f1 sponsorship,85,760,34986.05,0,5.0
RB01630,2023-05-14,EUROPE-EU,Red Edition,in-store promo,75,403,35496.82,2,6.0
RB01470,2024-10-07,TH-SOUTH,Red Edition,in-store promo,75,455,6548.06,3,6.0
RB02626,2023-05-18,USA-EAST,Tropical Edition,in-store promo,85,355,27823.89,2,6.0
RB09226,2023-03-31,TH-NORTH,Tropical Edition,Social Media,85,574,54730.35,3,5.0
RB06348,2023-09-16,USA-WEST,Tropical Edition,Social Media,85,631,57223.09,4,9.0
RB07938,2024-04-08,USA-WEST,Krating Daeng 250,f1 sponsorship,60,651,32658.19,2,9.0
RB05327,2023-02-24,USA-WEST,Krating Daeng 250,in-store promo,60,514,59795.7,1,9.0
RB09183,2024-05-05,USA-EAST,Tropical Edition,extreme sports,85,285,8247.52,3,3.0
RB07494,2024-08-25,EUROPE-EU,Sugarfree,in-store promo,90,519,7695.88,4,1.0
RB06731,2024-05-11,TH-CENTRAL,Original Blue,extreme sports,80,350,26378.1,2,4.0
RB04788,2023-12-04,TH-CENTRAL,Sugarfree,extreme sports,90,586,13802.37,4,4.0
RB00430,2024-06-02,TH-SOUTH,Krating Daeng 250,in-store promo,60,377,6222.34,3,9.0
RB09504,2023-05-27,EUROPE-EU,Tropical Edition,f1 sponsorship,85,408,21891.5,2,6.0
RB00221,2023-07-17,USA-WEST,Original Blue,f1 sponsorship,80,504,42929.56,1,9.0
RB06343,2023-03-16,USA-EAST,Sugarfree,f1 sponsorship,90,420,51497.36,1,8.0
RB01698,2024-06-19,TH-SOUTH,Krating Daeng 250,Social Media,60,585,9760.62,5,6.0
RB07256,2024-08-28,EUROPE-EU,Red Edition,f1 sponsorship,75,461,9250.35,2,5.0
RB01705,2024-10-23,TH-EAST,Red Edition,extreme sports,75,607,13963.78,5,2.0
RB08599,2024-07-26,TH-SOUTH,Red Edition,f1 sponsorship,75,548,11275.78,1,6.0
RB04956-DUP,2023-10-26,TH-CENTRAL,Sugarfree,f1 sponsorship,90,401,45469.31,3,8.0
RB04985,2024-07-03,TH-CENTRAL,Original Blue,in-store promo,80,512,38219.58,2,4.0
RB09511,2024-12-31,TH-NORTH,Original Blue,TV Ad,80,494,12399.0,1,7.0
RB05485,2023-03-10,USA-EAST,Original Blue,in-store promo,80,470,32658.19,2,7.0
RB00686,2024-02-18,TH-EAST,Tropical Edition,Social Media,85,420,28993.0,1,8.0
RB03121,2024-07-08,ASIA-PACIFIC,Original Blue,extreme sports,80,463,25242.94,1,6.0
RB06721,2023-04-15,USA-EAST,Krating Daeng 250,TV Ad,60,439,28088.33,3,7.0
RB09528,2023-12-26,TH-NORTH,Tropical Edition,extreme sports,85,919,18621.51,0,4.0
RB08519,2024-03-07,TH-NORTH,Sugarfree,in-store promo,90,463,6795.14,0,7.0
RB03315,2024-04-22,TH-SOUTH,Sugarfree,TV Ad,90,524,49757.59,2,3.0
RB05736,2023-04-25,TH-NORTH,Tropical Edition,f1 sponsorship,85,419,37624.6,1,8.0
RB04727,2024-05-14,USA-EAST,Sugarfree,extreme sports,90,420,42759.07,1,8.0
RB06518,2023-12-19,TH-NORTH,Krating Daeng 250,in-store promo,60,530,46430.37,2,6.0
RB04563,2024-01-06,EUROPE-EU,Original Blue,extreme sports,80,527,54417.97,3,4.0
RB07713,2024-06-14,USA-EAST,Sugarfree,Social Media,90,438,35335.99,1,6.0
RB07187,2023-01-30,USA-EAST,Original Blue,in-store promo,80,287,38367.23,2,7.0
RB02786,2024-03-31,USA-WEST,Red Edition,extreme sports,75,461,15399.96,4,1.0
RB01105,2024-12-01,USA-EAST,Krating Daeng 250,in-store promo,60,420,33524.14,2,4.0
RB04872,2023-12-29,USA-WEST,Tropical Edition,TV Ad,85,239,50630.03,5,7.0
RB03364,2023-08-26,TH-NORTH,Red Edition,in-store promo,75,518,27715.87,2,5.0
RB03395,2024-05-08,TH-CENTRAL,Sugarfree,in-store promo,90,621,44285.17,2,6.0
RB07573,2024-06-07,TH-NORTH,Krating Daeng 250,TV Ad,60,651,57270.15,2,6.0
RB00176,2024-06-03,USA-EAST,Krating Daeng 250,extreme sports,60,756,57596.46,1,6.0
RB05469,2023-02-07,USA-EAST,Red Edition,extreme sports,75,762,48445.96,4,4.0
RB06829,2023-03-24,TH-CENTRAL,Sugarfree,TV Ad,90,538,16620.5,2,6.0
RB05468,2023-06-16,TH-NORTH,Tropical Edition,f1 sponsorship,85,620,6097.15,3,4.0
RB09252,2023-08-17,TH-CENTRAL,Red Edition,extreme sports,75,591,39206.4,3,4.0
RB06902,2024-12-20,ASIA-PACIFIC,Krating Daeng 250,in-store promo,60,429,50189.71,2,3.0
RB07479,2023-01-16,USA-EAST,Krating Daeng 250,in-store promo,60,605,45908.1,0,6.0
RB05505,2023-11-12,USA-WEST,Original Blue,in-store promo,80,578,13062.22,2,10.0
RB04182,2023-11-18,TH-NORTH,Tropical Edition,in-store promo,85,652,15509.66,2,6.0
RB04669,2023-07-23,EUROPE-EU,Red Edition,extreme sports,75,376,33709.45,3,7.0
RB00361,2024-10-08,USA-EAST,Krating Daeng 250,TV Ad,60,660,46017.65,3,5.0
RB00210,2023-05-05,USA-EAST,Tropical Edition,TV Ad,85,486,36119.61,3,8.0
RB04087,2023-09-23,TH-NORTH,Red Edition,extreme sports,75,323,15183.56,2,5.0
RB09160,2023-09-05,TH-NORTH,Original Blue,f1 sponsorship,80,441,56608.51,1,5.0
RB07741,2024-03-30,TH-CENTRAL,Sugarfree,in-store promo,90,523,31026.12,2,6.0
RB00666,2024-08-16,TH-CENTRAL,Original Blue,Social Media,80,484,52500.49,1,6.0
RB08142,2024-09-03,USA-WEST,Tropical Edition,in-store promo,85,599,49664.64,1,4.0
RB05626,2023-02-02,USA-EAST,Red Edition,extreme sports,75,667,26064.16,1,9.0
RB05543,2024-09-02,USA-EAST,Tropical Edition,f1 sponsorship,85,471,32882.28,4,7.0
RB06676,2023-04-29,USA-WEST,Sugarfree,Social Media,90,647,58156.25,2,3.0
RB01391,2024-04-06,TH-NORTH,Red Edition,Social Media,75,620,5208.64,2,4.0
RB06805,2024-05-15,USA-WEST,Red Edition,Social Media,75,616,22278.56,2,9.0
RB06281,2023-11-25,EUROPE-EU,Original Blue,Social Media,80,563,28860.75,79,5.0
RB00337,2023-05-17,TH-NORTH,Red Edition,TV Ad,75,287,17495.4,3,5.0
RB05632,2023-09-21,EUROPE-EU,Sugarfree,in-store promo,90,556,17354.75,5,8.0
RB02148,2024-10-11,TH-NORTH,Tropical Edition,extreme sports,85,406,13489.1,3,8.0
RB03948,2023-05-25,ASIA-PACIFIC,Krating Daeng 250,f1 sponsorship,60,675,57847.21,3,5.0
RB05495,2023-08-31,TH-EAST,Krating Daeng 250,Social Media,60,594,32658.19,2,3.0
RB09392,2024-07-30,TH-EAST,Red Edition,extreme sports,75,672,43867.17,2,6.0
RB05021,2024-10-08,TH-CENTRAL,Krating Daeng 250,TV Ad,60,467,33647.58,1,10.0
RB02810,2023-04-22,TH-NORTH,Sugarfree,TV Ad,90,682,33708.76,5,10.0
RB06387,2024-11-18,ASIA-PACIFIC,Krating Daeng 250,Social Media,60,644,49338.79,2,5.0
RB00665,2024-01-18,USA-WEST,Sugarfree,in-store promo,90,602,56090.78,2,6.0
RB00003,2024-10-23,TH-SOUTH,Original Blue,extreme sports,80,660,46262.41,3,9.0
RB02941,2023-07-30,TH-CENTRAL,Tropical Edition,Social Media,85,514,45362.2,2,10.0
RB01554,2023-06-02,USA-EAST,Red Edition,Social Media,75,437,34336.66,2,6.0
RB09074,2023-11-07,USA-EAST,Sugarfree,in-store promo,90,766,32658.19,4,7.0
RB05663,2024-01-05,TH-CENTRAL,Sugarfree,TV Ad,90,816,27021.31,4,10.0
RB04866,2024-10-25,USA-WEST,Red Edition,Social Media,75,401,48849.23,1,6.0
RB01574,2023-04-13,EUROPE-EU,Original Blue,in-store promo,80,352,27077.16,5,8.0
RB07957,2023-10-13,TH-CENTRAL,Tropical Edition,f1 sponsorship,85,642,39400.38,1,5.0
RB03959,2023-09-10,TH-CENTRAL,Krating Daeng 250,in-store promo,60,769,23004.71,5,5.0
RB01640,2024-07-10,TH-EAST,Sugarfree,in-store promo,90,622,52346.43,0,6.0
RB02957,2024-05-26,TH-EAST,Original Blue,TV Ad,80,600,9945.19,3,4.0
RB00245,2024-08-20,TH-NORTH,Sugarfree,extreme sports,90,343,15117.68,2,2.0
RB02585,2023-03-02,USA-WEST,Sugarfree,TV Ad,90,337,41266.24,4,5.0
RB01018,2023-07-12,TH-EAST,Red Edition,f1 sponsorship,75,535,40714.09,3,2.0
RB07458,2024-12-04,TH-NORTH,Tropical Edition,in-store promo,85,600,44140.29,5,6.0
RB05277,2024-01-26,TH-NORTH,Sugarfree,extreme sports,90,439,29681.24,1,3.0
RB08638,2024-07-29,TH-CENTRAL,Red Edition,extreme sports,75,487,32718.48,2,6.0
RB02967,2023-12-27,TH-NORTH,Red Edition,Social Media,75,568,1086302.36,3,7.0
RB01038,2023-09-24,TH-NORTH,Krating Daeng 250,TV Ad,60,487,42003.88,5,6.0
RB06404,2023-03-31,ASIA-PACIFIC,Red Edition,f1 sponsorship,75,670,11170.1,4,5.0
RB05032,2024-03-11,USA-WEST,Krating Daeng 250,Social Media,60,592,56658.12,5,2.0
RB05554,2024-08-13,TH-CENTRAL,Original Blue,extreme sports,80,604,22391.05,4,6.0
RB06122,2023-10-07,TH-SOUTH,Tropical Edition,extreme sports,85,775,36089.43,4,10.0
RB04962,2024-11-06,EUROPE-EU,Krating Daeng 250,f1 sponsorship,60,695,42367.1,3,8.0
RB08022,2023-08-20,ASIA-PACIFIC,Sugarfree,extreme sports,90,577,21573.6,3,6.0
RB06950,2023-02-06,TH-CENTRAL,Red Edition,in-store promo,75,626,38552.9,3,4.0
RB09430,2023-10-08,USA-WEST,Krating Daeng 250,in-store promo,60,692,51296.23,3,3.0
RB09185,2023-01-15,USA-EAST,Tropical Edition,in-store promo,85,641,43318.24,3,6.0
RB05358,2024-06-05,USA-EAST,Red Edition,f1 sponsorship,75,635,16976.08,3,3.0
RB03687,2023-12-23,TH-NORTH,Original Blue,extreme sports,80,649,14033.83,2,4.0
RB01986,2023-07-01,EUROPE-EU,Original Blue,in-store promo,80,692,42438.84,2,7.0
RB08147,2023-10-12,TH-SOUTH,Original Blue,in-store promo,80,500,37861.85,1,4.0
RB00208,2023-01-08,TH-CENTRAL,Original Blue,TV Ad,80,850,21539.36,2,6.0
RB05067,2023-01-18,TH-NORTH,Krating Daeng 250,in-store promo,60,643,18148.63,2,9.0
RB04485,2024-07-08,TH-NORTH,Tropical Edition,in-store promo,85,572,51350.72,2,6.0
RB07574,2024-10-23,EUROPE-EU,Original Blue,in-store promo,80,538,26241.3,3,8.0
RB02702,2023-04-11,TH-NORTH,Original Blue,in-store promo,80,678,14099.28,5,6.0
RB00285,2024-11-21,ASIA-PACIFIC,Original Blue,extreme sports,80,473,35927.69,0,3.0
RB06944,2023-09-12,TH-EAST,Original Blue,extreme sports,80,589,8446.97,2,9.0
RB05258,2024-03-04,EUROPE-EU,Krating Daeng 250,Social Media,60,432,32758.15,1,6.0
RB02555,2023-02-17,EUROPE-EU,Original Blue,Social Media,80,491,17438.11,2,5.0
RB04024,2024-04-12,TH-NORTH,Sugarfree,f1 sponsorship,90,589,53865.09,1,6.0
RB09239,2023-04-17,TH-NORTH,Original Blue,f1 sponsorship,80,461,29351.0,5,10.0
RB08236,2023-11-07,TH-CENTRAL,Original Blue,Social Media,80,544,27285.73,2,3.0
RB06719,2023-11-02,TH-CENTRAL,Sugarfree,TV Ad,90,491,37301.95,0,4.0
RB07300,2023-03-20,TH-CENTRAL,Original Blue,Social Media,80,309,7618.22,2,9.0
RB03646,2023-04-09,TH-NORTH,Original Blue,Social Media,80,387,49271.83,2,6.0
RB08806,2024-07-10,TH-CENTRAL,Red Edition,f1 sponsorship,75,673,59956.53,5,8.0
RB00392,2024-02-29,TH-NORTH,Krating Daeng 250,in-store promo,60,693,35026.61,1,5.0
RB06879,2023-03-27,USA-EAST,Original Blue,in-store promo,80,515,57283.49,1,9.0
RB08857,2024-07-08,USA-EAST,Red Edition,f1 sponsorship,75,506,59383.45,2,8.0
RB03380,2024-10-09,TH-CENTRAL,Red Edition,Social Media,75,439,59691.3,4,4.0
RB01956,2024-03-28,TH-CENTRAL,Sugarfree,TV Ad,90,454,57265.02,1,7.0
RB08084,2024-10-18,TH-EAST,Tropical Edition,in-store promo,85,676,11972.28,2,6.0
RB04609,2024-04-12,TH-SOUTH,Original Blue,in-store promo,80,221,33725.07,0,9.0
RB05624,2023-04-16,USA-EAST,Sugarfree,TV Ad,90,447,32658.19,2,9.0
RB08832,2024-06-23,USA-EAST,Krating Daeng 250,TV Ad,60,628,38613.5,3,3.0
RB00246,2024-04-22,TH-CENTRAL,Tropical Edition,Social Media,85,413,26358.84,4,6.0
RB04988,2024-05-11,ASIA-PACIFIC,Original Blue,f1 sponsorship,80,600,22169.44,4,6.0
RB02141,2024-04-11,USA-WEST,Sugarfree,in-store promo,90,679,54859.64,2,4.0
RB05870,2024-07-02,TH-CENTRAL,Tropical Edition,in-store promo,85,516,57726.46,2,6.0
RB07321,2024-09-29,TH-NORTH,Sugarfree,in-store promo,90,699,33510.88,0,5.0
RB05064,2023-05-27,TH-EAST,Krating Daeng 250,f1 sponsorship,60,634,8359.6,3,8.0
RB07087,2024-06-01,TH-CENTRAL,Krating Daeng 250,f1 sponsorship,60,465,16203.1,3,2.0
RB01594,2024-09-10,USA-WEST,Red Edition,in-store promo,75,530,34353.14,0,7.0
RB02851,2024-03-01,TH-NORTH,Sugarfree,extreme sports,90,683,42201.66,0,6.0
RB03066,2023-12-19,USA-WEST,Tropical Edition,Social Media,85,591,7623.71,0,7.0
RB03984,2024-07-24,USA-WEST,Tropical Edition,TV Ad,85,498,44109.85,4,10.0
RB03628,2023-04-06,TH-NORTH,Krating Daeng 250,Social Media,60,585,57759.44,4,8.0
RB05308,2024-08-06,USA-EAST,Red Edition,extreme sports,75,673,28027.45,5,2.0
RB03476,2024-04-08,TH-SOUTH,Tropical Edition,in-store promo,85,700,37781.0,2,6.0
RB05343,2024-06-14,EUROPE-EU,Krating Daeng 250,extreme sports,60,553,32658.19,5,6.0
RB05695,2024-03-14,TH-EAST,Red Edition,TV Ad,75,460,12978.03,0,5.0
RB03987,2023-12-31,TH-EAST,Original Blue,f1 sponsorship,80,665,18075.06,4,8.0
RB08286,2024-06-19,TH-NORTH,Original Blue,extreme sports,80,459,52693.86,2,2.0
RB07296,2024-05-24,USA-EAST,Tropical Edition,TV Ad,85,583,23581.4,0,6.0
RB07239,2024-11-30,TH-CENTRAL,Krating Daeng 250,Social Media,60,840,14478.11,4,7.0
RB06485,2023-01-08,TH-EAST,Red Edition,extreme sports,75,545,6043.83,2,6.0
RB09364,2023-04-24,TH-CENTRAL,Tropical Edition,f1 sponsorship,85,572,49532.66,2,6.0
RB00542,2023-11-11,EUROPE-EU,Krating Daeng 250,TV Ad,60,517,43255.25,5,6.0
RB08023,2024-01-01,TH-CENTRAL,Krating Daeng 250,TV Ad,60,340,41710.82,3,3.0
RB05758,2024-06-19,TH-CENTRAL,Tropical Edition,TV Ad,85,332,41236.61,0,3.0
RB00349,2023-10-26,USA-WEST,Tropical Edition,Social Media,85,619,44522.15,1,6.0
RB03187,2024-01-23,TH-NORTH,Red Edition,Social Media,75,351,57140.01,5,7.0
RB09189,2023-09-19,USA-WEST,Tropical Edition,Social Media,85,464,30525.58,1,8.0
RB07362,2023-10-31,EUROPE-EU,Tropical Edition,extreme sports,85,639,34541.1,0,10.0
RB08079,2024-08-04,TH-NORTH,Tropical Edition,f1 sponsorship,85,355,43949.37,3,6.0
RB03194,2024-05-27,USA-EAST,Red Edition,f1 sponsorship,75,599,57813.21,5,10.0
RB00379,2024-11-05,TH-EAST,Krating Daeng 250,TV Ad,60,539,47710.24,1,8.0
RB03485,2024-10-29,TH-NORTH,Original Blue,in-store promo,80,569,22502.84,1,1.0
RB04831,2023-09-18,ASIA-PACIFIC,Krating Daeng 250,extreme sports,60,430,46607.6,2,6.0
RB01538,2023-05-22,USA-WEST,Krating Daeng 250,TV Ad,60,771,44324.62,4,5.0
RB07791,2024-06-19,TH-NORTH,Red Edition,Social Media,75,647,27908.21,3,9.0
RB01604,2023-01-11,TH-NORTH,Sugarfree,f1 sponsorship,90,301,57973.16,5,7.0
RB06466,2024-06-18,TH-CENTRAL,Tropical Edition,extreme sports,85,444,20208.19,3,9.0
RB03081,2024-06-03,USA-EAST,Krating Daeng 250,TV Ad,60,433,59507.37,1,4.0
RB03527,2023-03-28,EUROPE-EU,Red Edition,in-store promo,75,541,41110.62,1,2.0
RB05979,2023-06-02,USA-WEST,Krating Daeng 250,extreme sports,60,399,33664.14,3,6.0
RB02582,2023-01-24,TH-CENTRAL,Sugarfree,extreme sports,90,565,26366.34,2,10.0
RB00232,2024-11-13,TH-SOUTH,Red Edition,TV Ad,75,558,32658.19,1,8.0
RB03321,2023-06-08,TH-SOUTH,Krating Daeng 250,f1 sponsorship,60,530,52477.87,1,3.0
RB07453,2023-01-18,EUROPE-EU,Original Blue,in-store promo,80,595,46582.88,0,6.0
RB00987,2023-11-24,TH-CENTRAL,Krating Daeng 250,f1 sponsorship,60,767,53958.49,3,5.0
RB09148,2023-08-24,ASIA-PACIFIC,Krating Daeng 250,extreme sports,60,317,38849.03,3,5.0
RB03314,2024-04-15,USA-WEST,Sugarfree,TV Ad,90,543,44352.94,2,7.0
RB04926,2023-04-16,TH-NORTH,Tropical Edition,f1 sponsorship,85,652,19966.37,3,8.0
RB05965,2023-12-17,TH-SOUTH,Red Edition,in-store promo,75,578,16961.82,2,10.0
RB01014,2024-10-14,TH-CENTRAL,Sugarfree,extreme sports,90,529,51395.87,2,6.0
RB07890,2023-10-24,USA-WEST,Red Edition,in-store promo,75,640,52211.55,0,1.0
RB04308,2024-05-16,EUROPE-EU,Tropical Edition,in-store promo,85,396,26692.75,5,8.0
RB07042,2024-03-11,TH-SOUTH,Krating Daeng 250,extreme sports,60,759,41707.23,1,6.0
RB08334,2024-12-30,TH-NORTH,Red Edition,TV Ad,75,538,8642.68,4,3.0
RB08916,2024-02-03,EUROPE-EU,Original Blue,Social Media,80,324,57993.23,2,7.0
RB03502,2023-08-27,TH-CENTRAL,Krating Daeng 250,in-store promo,60,440,38383.35,1,5.0
RB07654,2023-12-23,TH-CENTRAL,Red Edition,extreme sports,75,609,27297.58,4,5.0
RB04082,2023-07-01,TH-CENTRAL,Sugarfree,in-store promo,90,630,30476.34,2,7.0
RB02655,2024-02-13,USA-EAST,Original Blue,extreme sports,80,419,39324.12,4,3.0
RB00318,2024-05-02,TH-NORTH,Sugarfree,Social Media,90,616,49432.52,0,6.0
RB02899,2023-05-29,TH-CENTRAL,Tropical Edition,in-store promo,85,810,40985.32,3,6.0
RB06893,2023-08-15,TH-NORTH,Krating Daeng 250,f1 sponsorship,60,578,42745.34,2,6.0
RB02002,2024-07-19,TH-CENTRAL,Tropical Edition,extreme sports,85,479,32658.19,1,4.0
RB04891,2024-09-18,TH-CENTRAL,Tropical Edition,in-store promo,85,532,39608.24,3,6.0
RB08193,2024-02-09,USA-EAST,Red Edition,TV Ad,75,626,15351.67,3,3.0
RB06259,2023-01-01,TH-CENTRAL,Krating Daeng 250,extreme sports,60,643,11058.38,4,7.0
RB07832,2023-05-02,TH-NORTH,Red Edition,f1 sponsorship,75,701,6455.58,1,10.0
RB07240,2023-06-11,TH-CENTRAL,Original Blue,TV Ad,80,616,17737.91,4,7.0
RB00687,2024-12-03,USA-WEST,Original Blue,in-store promo,80,726,15413.68,0,10.0
RB07889,2024-10-19,TH-NORTH,Krating Daeng 250,TV Ad,60,612,10565.53,4,6.0
RB02906,2023-03-01,TH-EAST,Sugarfree,f1 sponsorship,90,418,49547.79,5,5.0
RB06222,2024-02-18,USA-EAST,Sugarfree,Social Media,90,624,16231.53,1,10.0
RB07014,2024-02-20,TH-SOUTH,Krating Daeng 250,Social Media,60,559,23207.22,2,6.0
RB09316,2024-05-07,USA-EAST,Tropical Edition,f1 sponsorship,85,554,32658.19,0,10.0
RB08864,2023-08-20,TH-NORTH,Original Blue,TV Ad,80,522,45571.88,2,5.0
RB02393,2024-10-18,USA-WEST,Tropical Edition,f1 sponsorship,85,545,39026.65,3,4.0
RB09388,2024-07-05,TH-EAST,Red Edition,extreme sports,75,256,26571.21,4,6.0
RB05557,2023-09-21,TH-CENTRAL,Krating Daeng 250,TV Ad,60,631,43293.4,1,2.0
RB03719,2023-07-23,ASIA-PACIFIC,Sugarfree,Social Media,90,373,56150.77,4,8.0
RB09336,2024-01-25,TH-NORTH,Original Blue,in-store promo,80,463,57109.24,1,6.0
RB09227,2023-11-03,ASIA-PACIFIC,Krating Daeng 250,f1 sponsorship,60,563,12993.4,2,6.0
RB02061,2023-10-18,USA-EAST,Original Blue,extreme sports,80,599,22501.9,2,6.0
RB03816,2023-05-29,TH-CENTRAL,Krating Daeng 250,extreme sports,60,374,56807.85,3,6.0
RB09515,2024-10-01,USA-EAST,Krating Daeng 250,f1 sponsorship,60,775,50333.18,2,3.0
RB01535,2024-05-15,TH-SOUTH,Krating Daeng 250,f1 sponsorship,60,579,59706.39,1,6.0
RB06331,2023-05-13,EUROPE-EU,Sugarfree,extreme sports,90,548,28387.28,2,10.0
RB01284,2023-04-26,TH-CENTRAL,Original Blue,in-store promo,80,491,22040.65,4,10.0
RB00651,2023-05-19,EUROPE-EU,Red Edition,Social Media,75,415,13722.16,2,10.0
RB02275,2024-11-03,USA-EAST,Sugarfree,extreme sports,90,628,8240.22,4,7.0
RB08350,2024-12-20,USA-WEST,Original Blue,in-store promo,80,510,37343.68,3,1.0
RB05931,2024-08-28,TH-SOUTH,Sugarfree,extreme sports,90,488,16252.78,0,9.0
RB08199,2023-04-09,TH-CENTRAL,Krating Daeng 250,Social Media,60,461,12161.09,4,6.0
RB07255,2023-11-05,USA-EAST,Sugarfree,Social Media,90,445,22634.95,2,5.0
RB03370,2024-12-24,TH-SOUTH,Red Edition,in-store promo,75,677,38411.38,1,5.0
RB09165,2023-08-15,ASIA-PACIFIC,Original Blue,extreme sports,80,556,34199.68,3,9.0
RB07434,2024-01-30,TH-SOUTH,Krating Daeng 250,f1 sponsorship,60,701,24297.17,1,3.0
RB04844,2024-11-05,EUROPE-EU,Tropical Edition,extreme sports,85,617,38236.58,5,6.0
RB03462,2023-10-17,TH-SOUTH,Tropical Edition,in-store promo,85,554,6750.73,1,10.0
RB07762,2023-10-26,USA-WEST,Krating Daeng 250,extreme sports,60,642,54904.94,1,9.0
RB07464,2023-10-17,EUROPE-EU,Red Edition,Social Media,75,697,49738.01,3,7.0
RB01028,2024-06-26,EUROPE-EU,Tropical Edition,Social Media,85,531,25428.97,3,5.0
RB08367,2024-04-15,TH-CENTRAL,Red Edition,Social Media,75,446,21243.21,5,6.0
RB01685,2023-03-18,EUROPE-EU,Krating Daeng 250,f1 sponsorship,60,437,56843.94,0,9.0
RB03267,2024-12-11,EUROPE-EU,Original Blue,TV Ad,80,464,52566.4,1,10.0
RB01000,2024-09-11,TH-EAST,Original Blue,f1 sponsorship,80,355,59345.94,5,5.0
RB01817,2023-10-14,TH-NORTH,Krating Daeng 250,extreme sports,60,596,21738.22,2,1.0
RB06039,2024-09-21,USA-EAST,Krating Daeng 250,Social Media,60,525,45125.39,3,8.0
RB02801,2024-06-08,ASIA-PACIFIC,Tropical Edition,Social Media,85,480,46677.76,0,7.0
RB06143,2024-10-18,EUROPE-EU,Original Blue,in-store promo,80,479,32904.98,0,2.0
RB06681,2024-09-28,TH-NORTH,Original Blue,in-store promo,80,579,49261.21,2,5.0
RB00716,2023-10-20,TH-NORTH,Tropical Edition,extreme sports,85,19914,53082.38,2,5.0
RB00351,2023-01-07,TH-NORTH,Tropical Edition,in-store promo,85,391,31102.8,1,7.0
RB09073,2023-01-23,USA-EAST,Tropical Edition,TV Ad,85,500,27133.39,2,7.0
RB06426,2024-03-01,TH-NORTH,Sugarfree,extreme sports,90,612,20361.67,1,6.0
RB08377,2023-10-27,USA-EAST,Krating Daeng 250,extreme sports,60,573,45943.39,3,6.0
RB02454,2023-11-07,TH-CENTRAL,Krating Daeng 250,in-store promo,60,425,30736.33,1,5.0
RB06071,2023-10-16,TH-NORTH,Krating Daeng 250,Social Media,60,687,28698.3,2,6.0
RB07870,2024-09-23,EUROPE-EU,Sugarfree,f1 sponsorship,90,369,15240.04,3,6.0
RB03071,2024-01-15,TH-CENTRAL,Sugarfree,extreme sports,90,458,43992.27,1,6.0
RB01807,2023-08-05,USA-WEST,Tropical Edition,TV Ad,85,243,47908.84,2,6.0
RB05186,2024-04-26,TH-CENTRAL,Original Blue,in-store promo,80,664,16682.01,2,5.0
RB00417,2023-05-02,TH-NORTH,Sugarfree,Social Media,90,11816,55346.26,1,6.0
RB02057,2023-11-02,TH-SOUTH,Original Blue,TV Ad,80,468,38373.87,0,10.0
RB05070,2024-03-07,TH-EAST,Krating Daeng 250,extreme sports,60,572,24293.39,1,10.0
RB08378,2024-01-17,TH-NORTH,Tropical Edition,Social Media,85,509,40678.11,3,7.0
RB04787,2024-12-14,TH-NORTH,Sugarfree,extreme sports,90,635,18554.46,2,6.0
RB07121,2023-01-18,TH-SOUTH,Tropical Edition,in-store promo,85,555,49341.74,4,4.0
RB03941,2023-07-17,TH-NORTH,Red Edition,f1 sponsorship,75,532,39836.35,2,10.0
RB00780,2023-02-20,TH-CENTRAL,Original Blue,extreme sports,80,505,18187.18,3,3.0
RB07898,2024-08-08,TH-EAST,Original Blue,in-store promo,80,337,32559.82,1,9.0
RB08938,2023-10-28,TH-NORTH,Original Blue,f1 sponsorship,80,499,47545.37,0,1.0
RB02480,2024-04-07,TH-CENTRAL,Sugarfree,TV Ad,90,670,36537.46,3,6.0
RB02310,2023-05-17,TH-CENTRAL,Sugarfree,extreme sports,90,648,48713.97,2,3.0
RB04684,2023-07-08,TH-CENTRAL,Red Edition,TV Ad,75,401,44462.93,3,4.0
RB04457,2023-06-16,USA-WEST,Red Edition,extreme sports,75,648,42852.86,1,8.0
RB04991,2023-06-15,EUROPE-EU,Sugarfree,f1 sponsorship,90,703,55445.67,4,7.0
RB09270,2024-10-31,TH-CENTRAL,Sugarfree,in-store promo,90,347,8604.14,1,3.0
RB04179,2024-01-28,TH-SOUTH,Tropical Edition,extreme sports,85,489,27694.85,3,8.0
RB01932,2024-07-13,USA-EAST,Original Blue,extreme sports,80,414,52274.95,4,7.0
RB03587,2023-05-19,TH-SOUTH,Tropical Edition,extreme sports,85,726,9134.91,1,6.0
RB09164,2024-05-27,TH-NORTH,Original Blue,f1 sponsorship,80,615,37148.98,2,7.0
RB00160,2024-11-01,ASIA-PACIFIC,Original Blue,f1 sponsorship,80,695,10832.66,3,10.0
RB05207,2024-09-13,TH-SOUTH,Sugarfree,TV Ad,90,454,14134.07,1,6.0
RB01858,2023-09-01,EUROPE-EU,Red Edition,Social Media,75,666,29775.79,2,2.0
RB04480,2024-10-07,USA-EAST,Krating Daeng 250,f1 sponsorship,60,518,12806.35,2,5.0
RB01729,2023-11-16,TH-EAST,Krating Daeng 250,extreme sports,60,653,13925.12,1,9.0
RB03668,2023-03-08,EUROPE-EU,Original Blue,f1 sponsorship,80,465,26062.23,5,6.0
RB04852,2024-12-19,TH-EAST,Original Blue,Social Media,80,326,38436.76,3,7.0
RB09513,2023-03-26,EUROPE-EU,Original Blue,TV Ad,80,661,26022.58,0,1.0
RB03848,2023-10-05,TH-SOUTH,Sugarfree,Social Media,90,283,52161.14,4,6.0
RB02387,2023-03-31,TH-EAST,Sugarfree,TV Ad,90,464,30991.0,2,8.0
RB05853,2024-05-30,ASIA-PACIFIC,Krating Daeng 250,Social Media,60,508,17882.35,3,3.0
RB07084,2024-06-08,TH-EAST,Original Blue,in-store promo,80,601,18009.39,1,7.0
RB03748,2023-12-04,USA-WEST,Krating Daeng 250,in-store promo,60,509,24033.13,5,6.0
RB01462,2024-11-03,TH-CENTRAL,Original Blue,f1 sponsorship,80,545,10275.46,2,6.0
RB05617,2024-11-18,TH-SOUTH,Tropical Edition,extreme sports,85,756,32658.19,3,7.0
RB05242,2023-04-12,TH-SOUTH,Tropical Edition,f1 sponsorship,85,525,10595.28,2,6.0
RB07317,2023-10-16,USA-EAST,Red Edition,extreme sports,75,620,33238.38,3,5.0
RB06116,2023-01-30,USA-EAST,Tropical Edition,TV Ad,85,499,24067.79,1,9.0
RB03231,2024-08-27,USA-EAST,Tropical Edition,Social Media,85,701,28673.91,1,3.0
RB06411,2024-12-17,TH-NORTH,Krating Daeng 250,Social Media,60,522,49342.23,2,7.0
RB07555,2023-10-23,EUROPE-EU,Tropical Edition,Social Media,85,381,53543.46,5,8.0
RB08471,2024-05-30,USA-WEST,Original Blue,TV Ad,80,430,38003.61,4,3.0
RB03697,2024-03-10,TH-NORTH,Krating Daeng 250,TV Ad,60,703,48969.14,3,6.0
RB00168,2024-01-14,TH-SOUTH,Krating Daeng 250,TV Ad,60,733,38227.74,3,3.0
RB02106,2023-08-19,USA-EAST,Sugarfree,TV Ad,90,470,53956.89,0,6.0
RB09343,2024-07-21,TH-NORTH,Red Edition,in-store promo,75,318,51764.82,2,10.0
RB08436,2024-07-11,TH-NORTH,Original Blue,in-store promo,80,604,21821.58,1,5.0
RB04847,2023-08-04,USA-EAST,Original Blue,TV Ad,80,482,8517.67,3,3.0
RB04551,2024-06-17,EUROPE-EU,Sugarfree,TV Ad,90,462,38373.71,1,8.0
RB06217,2023-08-12,EUROPE-EU,Tropical Edition,extreme sports,85,514,44237.59,0,9.0
RB09129,2023-06-24,USA-EAST,Krating Daeng 250,TV Ad,60,514,21097.29,0,3.0
RB05288,2023-10-30,TH-CENTRAL,Sugarfree,extreme sports,90,581,48458.6,1,7.0
RB06001,2024-02-08,TH-SOUTH,Sugarfree,Social Media,90,689,32658.19,4,8.0
RB02904,2023-05-04,TH-EAST,Sugarfree,in-store promo,90,447,51473.28,1,7.0
RB03461,2023-06-05,TH-NORTH,Original Blue,Social Media,80,605,34342.66,4,7.0
RB08200,2023-04-04,TH-NORTH,Original Blue,Social Media,80,499,37088.04,1,4.0
RB01506,2024-02-10,TH-CENTRAL,Krating Daeng 250,in-store promo,60,495,32658.19,5,6.0
RB07930,2023-09-15,USA-WEST,Sugarfree,f1 sponsorship,90,299,8424.06,2,3.0
RB00604,2023-12-24,USA-EAST,Krating Daeng 250,TV Ad,60,662,47585.57,1,7.0
RB00130,2023-04-07,USA-WEST,Krating Daeng 250,extreme sports,60,656,31325.32,1,6.0
RB05767,2024-02-01,TH-SOUTH,Sugarfree,in-store promo,90,510,36106.08,4,8.0
RB04241,2023-09-11,USA-EAST,Original Blue,TV Ad,80,616,8648.01,2,8.0
RB06607,2023-08-16,USA-EAST,Original Blue,f1 sponsorship,80,538,8851.73,4,8.0
RB05128,2024-12-31,USA-WEST,Sugarfree,in-store promo,90,533,53411.58,2,3.0
RB03596,2024-03-03,EUROPE-EU,Tropical Edition,extreme sports,85,577,7709.22,1,6.0
RB06665,2023-06-30,USA-WEST,Red Edition,extreme sports,75,321,38873.8,1,7.0
RB06928,2023-06-22,TH-NORTH,Red Edition,in-store promo,75,671,7559.92,2,9.0
RB02418,2024-04-06,TH-CENTRAL,Krating Daeng 250,f1 sponsorship,60,538,41222.2,3,8.0
RB00583,2024-01-10,USA-EAST,Original Blue,f1 sponsorship,80,631,51452.09,2,5.0
RB08976-DUP,2024-05-17,USA-EAST,Original Blue,extreme sports,80,531,40240.41,5,6.0
RB00669,2023-09-29,USA-EAST,Krating Daeng 250,TV Ad,60,401,35410.62,2,8.0
RB07883,2024-05-02,TH-SOUTH,Sugarfree,in-store promo,90,549,28471.73,2,6.0
RB01976,2024-01-17,USA-EAST,Sugarfree,TV Ad,90,737,30338.31,3,9.0
RB01760,2024-01-22,EUROPE-EU,Tropical Edition,f1 sponsorship,85,526,55663.92,2,3.0
RB06979,2024-06-26,USA-WEST,Sugarfree,Social Media,90,699,54417.23,2,5.0
RB07442,2024-06-08,TH-CENTRAL,Red Edition,Social Media,75,770,59450.96,3,6.0
RB00335,2024-06-27,EUROPE-EU,Original Blue,TV Ad,80,463,26008.33,2,6.0
RB08676,2023-03-30,TH-NORTH,Krating Daeng 250,TV Ad,60,743,57949.17,3,4.0
RB03210,2024-04-11,TH-SOUTH,Tropical Edition,extreme sports,85,444,16587.86,4,6.0
RB01889,2024-06-27,USA-EAST,Tropical Edition,Social Media,85,355,54406.69,2,9.0
RB07153,2023-04-10,TH-SOUTH,Tropical Edition,f1 sponsorship,85,665,59464.44,2,7.0
RB02246-DUP,2023-11-28,EUROPE-EU,Red Edition,f1 sponsorship,75,459,13444.01,3,8.0
RB04061,2024-05-22,USA-EAST,Tropical Edition,TV Ad,85,521,55497.02,0,8.0
RB09342,2023-08-09,TH-SOUTH,Original Blue,TV Ad,80,777,38492.68,2,10.0
RB05140,2024-05-09,TH-SOUTH,Original Blue,Social Media,80,590,17817.58,4,10.0
RB09522,2024-08-12,TH-NORTH,Krating Daeng 250,extreme sports,60,266,21295.99,1,8.0
RB00256,2023-12-25,TH-NORTH,Sugarfree,Social Media,90,567,5809.48,1,6.0
RB03926,2023-04-16,USA-EAST,Krating Daeng 250,extreme sports,60,395,29880.53,2,6.0
RB02307,2024-07-01,USA-EAST,Tropical Edition,in-store promo,85,638,53760.29,0,5.0
RB08439,2023-07-01,TH-NORTH,Krating Daeng 250,Social Media,60,373,25553.94,3,6.0
RB08270,2023-11-30,TH-NORTH,Tropical Edition,extreme sports,85,728,40541.67,4,6.0
RB03490,2024-01-20,TH-CENTRAL,Sugarfree,Social Media,90,345,42954.22,2,4.0
RB03168,2024-01-18,USA-EAST,Tropical Edition,f1 sponsorship,85,572,22998.19,5,6.0
RB08889,2023-04-18,TH-EAST,Krating Daeng 250,Social Media,60,729,46963.16,2,2.0
RB02082,2023-08-09,TH-NORTH,Red Edition,Social Media,75,591,33075.24,5,6.0
RB03529,2023-02-11,USA-WEST,Red Edition,TV Ad,75,455,25095.65,2,6.0
RB03734,2024-04-17,USA-WEST,Original Blue,extreme sports,80,758,31008.1,2,5.0
RB03886,2024-11-07,TH-NORTH,Red Edition,Social Media,75,520,37234.87,5,8.0
RB07271,2023-08-07,TH-CENTRAL,Tropical Edition,TV Ad,85,476,8032.95,3,6.0
RB01440,2023-06-13,TH-SOUTH,Tropical Edition,extreme sports,85,730,33893.62,3,3.0
RB00902,2023-09-10,TH-CENTRAL,Krating Daeng 250,in-store promo,60,489,18467.31,0,7.0
RB07324,2024-11-13,TH-CENTRAL,Red Edition,Social Media,75,545,36181.34,2,7.0
RB01931,2023-01-04,USA-WEST,Krating Daeng 250,in-store promo,60,459,46419.54,2,6.0
RB08264,2023-07-12,TH-SOUTH,Krating Daeng 250,extreme sports,60,349,38308.65,5,8.0
RB07601,2024-08-03,EUROPE-EU,Sugarfree,TV Ad,90,561,48764.28,1,6.0
RB01088,2024-09-30,USA-EAST,Red Edition,f1 sponsorship,75,664,59520.38,1,8.0
RB01497,2023-09-10,TH-CENTRAL,Red Edition,TV Ad,75,575,13901.88,1,5.0
RB08134,2024-02-01,TH-NORTH,Sugarfree,f1 sponsorship,90,706,10868.5,2,7.0
RB08329,2023-04-17,TH-SOUTH,Krating Daeng 250,extreme sports,60,554,28501.07,1,4.0
RB03254,2023-09-04,TH-SOUTH,Sugarfree,Social Media,90,398,45902.74,2,8.0
RB06813,2023-04-10,TH-NORTH,Sugarfree,f1 sponsorship,90,656,27102.43,1,4.0
RB07991,2023-07-06,USA-WEST,Original Blue,Social Media,80,505,27671.83,4,3.0
RB07603,2023-04-02,ASIA-PACIFIC,Original Blue,in-store promo,80,793,38126.06,1,6.0
RB07482,2024-03-25,USA-WEST,Sugarfree,Social Media,90,341,34115.82,3,7.0
RB04382,2024-03-21,USA-EAST,Original Blue,f1 sponsorship,80,211,46156.38,1,4.0
RB09220,2023-03-31,TH-CENTRAL,Sugarfree,f1 sponsorship,90,649,32658.19,0,2.0
RB02590,2024-02-23,USA-EAST,Original Blue,TV Ad,80,566,25255.21,1,6.0
RB02612,2024-06-02,TH-CENTRAL,Tropical Edition,TV Ad,85,369,10966.79,2,6.0
RB06486,2023-10-13,TH-CENTRAL,Tropical Edition,Social Media,85,607,19565.76,3,5.0
RB05504,2023-01-01,TH-CENTRAL,Sugarfree,extreme sports,90,694,9708.67,3,6.0
RB06267,2023-10-23,TH-EAST,Tropical Edition,TV Ad,85,655,57626.93,1,5.0
RB08573,2023-02-24,USA-EAST,Tropical Edition,TV Ad,85,298,19447.17,3,6.0
RB04596,2024-10-07,USA-EAST,Original Blue,in-store promo,80,383,48136.47,2,6.0
RB06885,2023-10-22,TH-CENTRAL,Red Edition,in-store promo,75,548,28126.65,2,7.0
RB05324,2023-02-24,TH-NORTH,Tropical Edition,f1 sponsorship,85,487,51039.7,3,3.0
RB04815,2023-03-01,EUROPE-EU,Original Blue,f1 sponsorship,80,431,21638.05,1,7.0
RB08736,2023-11-04,TH-CENTRAL,Original Blue,Social Media,80,409,40746.69,3,5.0
RB03620,2024-12-18,TH-CENTRAL,Red Edition,Social Media,75,643,24056.41,3,7.0
RB01919,2024-03-13,USA-EAST,Sugarfree,Social Media,90,517,36625.51,1,7.0
RB07033,2023-02-03,TH-SOUTH,Tropical Edition,TV Ad,85,653,41698.31,5,9.0
RB01856,2023-02-01,TH-NORTH,Red Edition,in-store promo,75,511,6677.94,4,6.0
RB00250,2024-12-21,TH-NORTH,Red Edition,extreme sports,75,518,46949.02,1,8.0
RB02236,2024-12-03,EUROPE-EU,Krating Daeng 250,f1 sponsorship,60,526,11931.98,0,10.0
RB00621,2024-03-22,TH-CENTRAL,Krating Daeng 250,in-store promo,60,539,27431.9,2,4.0
RB06304,2024-03-14,USA-WEST,Sugarfree,TV Ad,90,517,21198.83,3,9.0
RB06289,2024-05-20,TH-NORTH,Original Blue,extreme sports,80,498,33267.05,3,3.0
RB06155,2023-11-11,USA-EAST,Tropical Edition,Social Media,85,451,5027.27,2,5.0
RB02783,2023-09-14,TH-SOUTH,Original Blue,extreme sports,80,284,27017.23,0,8.0
RB04140,2023-01-25,EUROPE-EU,Original Blue,extreme sports,80,507,30530.55,1,10.0
RB04390,2023-03-07,ASIA-PACIFIC,Tropical Edition,in-store promo,85,603,37187.44,0,6.0
RB00988,2023-06-02,USA-WEST,Krating Daeng 250,f1 sponsorship,60,759,56246.74,3,5.0
RB06744,2024-12-23,TH-NORTH,Krating Daeng 250,f1 sponsorship,60,628,28678.53,0,9.0
RB07764,2024-04-05,EUROPE-EU,Original Blue,Social Media,80,784,27393.07,2,4.0
RB01992,2024-11-20,EUROPE-EU,Original Blue,Social Media,80,453,16641.6,0,7.0
RB06659,2023-01-28,USA-WEST,Krating Daeng 250,extreme sports,60,552,27886.67,2,9.0
RB07354,2023-08-05,USA-WEST,Sugarfree,TV Ad,90,454,22157.6,2,6.0
RB03336,2023-04-22,USA-EAST,Sugarfree,f1 sponsorship,90,552,43703.76,4,9.0
RB04319,2023-09-03,ASIA-PACIFIC,Krating Daeng 250,TV Ad,60,555,58539.35,4,9.0
RB03629,2023-12-12,TH-CENTRAL,Original Blue,Social Media,80,654,52217.61,2,3.0
RB04590,2024-03-10,TH-EAST,Sugarfree,f1 sponsorship,90,441,18265.1,1,6.0
RB08243,2024-05-03,USA-WEST,Tropical Edition,TV Ad,85,638,31866.23,3,8.0
RB05339,2023-12-26,TH-NORTH,Sugarfree,extreme sports,90,448,23615.39,2,6.0
RB01006,2023-01-10,ASIA-PACIFIC,Original Blue,Social Media,80,358,28367.21,2,9.0
RB02413,2024-11-23,USA-WEST,Tropical Edition,f1 sponsorship,85,385,15894.6,3,9.0
RB09505,2023-08-31,USA-EAST,Original Blue,extreme sports,80,241,57881.83,1,3.0
RB04973,2023-03-05,TH-EAST,Red Edition,extreme sports,75,504,41650.76,3,10.0
RB03260,2024-09-09,TH-CENTRAL,Sugarfree,in-store promo,90,443,20745.16,4,9.0
RB01555,2023-12-14,USA-WEST,Krating Daeng 250,in-store promo,60,492,38037.98,1,6.0
RB05722,2023-06-30,EUROPE-EU,Original Blue,Social Media,80,644,15188.29,3,5.0
RB01546,2024-03-02,TH-NORTH,Tropical Edition,f1 sponsorship,85,408,10850.39,0,4.0
RB00376,2024-07-15,TH-EAST,Sugarfree,Social Media,90,498,49172.19,3,9.0
RB02980,2023-09-08,TH-SOUTH,Tropical Edition,Social Media,85,536,15935.74,2,7.0
RB04229,2023-05-11,TH-NORTH,Red Edition,TV Ad,75,598,45648.67,1,5.0
RB07340,2023-04-27,TH-EAST,Krating Daeng 250,in-store promo,60,831,41961.73,4,6.0
RB04517,2024-04-17,TH-CENTRAL,Tropical Edition,extreme sports,85,476,20106.78,1,8.0
RB08100,2023-06-27,TH-CENTRAL,Red Edition,extreme sports,75,703,9558.54,1,2.0
RB01031,2023-06-14,USA-EAST,Red Edition,f1 sponsorship,75,562,25707.57,2,7.0
RB04780,2024-07-17,USA-EAST,Sugarfree,in-store promo,90,499,28631.67,0,10.0
RB06755,2024-09-13,TH-NORTH,Krating Daeng 250,f1 sponsorship,60,615,6266.26,2,3.0
RB08882,2024-01-31,USA-WEST,Sugarfree,Social Media,90,590,9006.16,2,4.0
RB08982,2023-05-22,TH-SOUTH,Original Blue,f1 sponsorship,80,579,45338.96,4,5.0
RB03983,2024-05-27,TH-SOUTH,Krating Daeng 250,in-store promo,60,458,48803.91,1,7.0
RB05714,2023-03-07,TH-EAST,Red Edition,f1 sponsorship,75,495,54802.5,0,6.0
RB02558,2023-11-07,TH-NORTH,Tropical Edition,f1 sponsorship,85,664,26582.18,3,8.0
RB02632,2023-05-01,TH-NORTH,Krating Daeng 250,extreme sports,60,680,8326.85,3,2.0
RB09561,2024-01-21,EUROPE-EU,Red Edition,Social Media,75,558,51303.65,3,1.0
RB00823,2024-11-10,TH-CENTRAL,Tropical Edition,in-store promo,85,341,33120.25,2,6.0
RB07469-DUP,2023-11-05,USA-WEST,Red Edition,in-store promo,75,396,21113.11,3,6.0
RB07698,2024-07-16,TH-CENTRAL,Original Blue,TV Ad,80,645,22608.66,2,1.0
RB02694,2023-12-13,USA-WEST,Original Blue,in-store promo,80,781,35641.7,5,3.0
RB03296,2023-10-13,TH-NORTH,Original Blue,f1 sponsorship,80,710,43190.34,1,7.0
RB03124,2023-01-27,TH-CENTRAL,Tropical Edition,f1 sponsorship,85,535,49021.16,2,6.0
RB02407,2023-04-24,TH-SOUTH,Sugarfree,TV Ad,90,566,30604.0,1,3.0
RB07348,2024-08-13,TH-CENTRAL,Red Edition,extreme sports,75,732,12824.62,2,5.0
RB05052,2024-01-20,TH-NORTH,Original Blue,Social Media,80,537,13831.41,1,3.0
RB04122,2024-10-19,EUROPE-EU,Tropical Edition,extreme sports,85,348,55112.93,3,7.0
RB00092,2023-10-09,USA-WEST,Original Blue,f1 sponsorship,80,800,58856.12,0,3.0
RB04154,2024-04-26,TH-CENTRAL,Krating Daeng 250,TV Ad,60,481,19820.89,1,6.0
RB07656,2023-04-01,TH-CENTRAL,Krating Daeng 250,TV Ad,60,505,10272.2,2,9.0
RB04354,2024-07-27,TH-NORTH,Red Edition,TV Ad,75,529,10506.15,5,7.0
RB00219,2024-09-13,TH-CENTRAL,Red Edition,Social Media,75,611,36835.06,0,7.0
RB03534-DUP,2023-04-16,TH-NORTH,Tropical Edition,extreme sports,85,610,12718.72,0,5.0
RB09101,2024-04-15,TH-NORTH,Sugarfree,TV Ad,90,449,48362.77,5,5.0
RB00391,2024-08-14,TH-CENTRAL,Original Blue,extreme sports,80,468,15153.29,0,6.0
RB00754,2024-03-06,TH-NORTH,Sugarfree,in-store promo,90,398,57717.25,1,5.0
RB08087,2024-04-25,ASIA-PACIFIC,Original Blue,Social Media,80,436,57926.13,4,6.0
RB09083,2024-07-05,TH-NORTH,Sugarfree,in-store promo,90,628,30421.97,0,6.0
RB00710-DUP,2024-06-07,TH-CENTRAL,Red Edition,TV Ad,75,518,20585.36,1,4.0
RB01461,2023-11-20,USA-WEST,Original Blue,in-store promo,80,414,54870.36,1,10.0
RB04527,2023-01-21,TH-EAST,Red Edition,Social Media,75,570,50798.25,3,6.0
RB02025,2023-02-20,EUROPE-EU,Krating Daeng 250,in-store promo,60,553,41893.15,2,8.0
RB07520,2023-07-10,USA-WEST,Original Blue,extreme sports,80,401,29938.33,2,7.0
RB04916,2024-11-17,ASIA-PACIFIC,Tropical Edition,extreme sports,85,788,36608.73,0,7.0
RB09042,2024-12-30,EUROPE-EU,Tropical Edition,extreme sports,85,568,32658.19,1,3.0
RB08485,2023-09-21,ASIA-PACIFIC,Sugarfree,f1 sponsorship,90,731,45204.17,2,7.0
RB03969,2023-05-26,TH-CENTRAL,Krating Daeng 250,TV Ad,60,417,23693.2,2,5.0
RB05917,2024-10-06,TH-CENTRAL,Original Blue,extreme sports,80,508,23743.53,4,6.0
RB02521-DUP,2023-03-28,TH-CENTRAL,Tropical Edition,TV Ad,85,552,37602.96,4,2.0
RB01354,2024-10-30,TH-CENTRAL,Tropical Edition,extreme sports,85,316,52822.11,1,8.0
RB00978,2023-02-08,TH-NORTH,Original Blue,TV Ad,80,447,20138.19,1,6.0
RB05686,2023-08-18,ASIA-PACIFIC,Original Blue,in-store promo,80,525,57652.98,2,7.0
RB04039,2024-07-25,ASIA-PACIFIC,Sugarfree,f1 sponsorship,90,684,35768.99,2,3.0
RB07337,2024-08-08,TH-NORTH,Red Edition,extreme sports,75,686,58666.55,5,3.0
RB07089,2024-02-23,TH-CENTRAL,Tropical Edition,extreme sports,85,640,32658.19,2,7.0
RB05139,2023-07-17,TH-NORTH,Red Edition,extreme sports,75,454,28053.85,3,9.0
RB04807,2024-05-19,EUROPE-EU,Original Blue,extreme sports,80,492,11495.47,2,9.0
RB05348,2024-08-15,EUROPE-EU,Sugarfree,f1 sponsorship,90,487,29907.56,2,7.0
RB08550,2023-05-15,TH-CENTRAL,Krating Daeng 250,Social Media,60,579,6773.89,2,7.0
RB04400,2024-03-09,USA-WEST,Tropical Edition,f1 sponsorship,85,357,42054.29,1,7.0
RB02117,2023-09-03,EUROPE-EU,Sugarfree,TV Ad,90,594,53400.18,1,6.0
RB05859,2023-11-19,TH-EAST,Tropical Edition,TV Ad,85,260,26820.15,2,6.0
RB01575,2024-05-30,USA-WEST,Tropical Edition,extreme sports,85,582,12114.41,3,8.0
RB08528,2024-07-29,TH-CENTRAL,Krating Daeng 250,Social Media,60,610,55889.22,2,5.0
RB08007,2024-11-23,USA-WEST,Red Edition,extreme sports,75,553,11789.2,2,6.0
RB03996,2024-02-12,TH-SOUTH,Red Edition,in-store promo,75,512,48952.65,1,7.0
RB03844,2024-07-27,USA-EAST,Original Blue,Social Media,80,556,41464.68,3,8.0
RB09333,2024-04-14,TH-NORTH,Sugarfree,f1 sponsorship,90,541,12922.71,2,7.0
RB00627,2023-08-03,TH-CENTRAL,Krating Daeng 250,in-store promo,60,434,17531.63,0,3.0
RB07590,2024-07-04,EUROPE-EU,Tropical Edition,f1 sponsorship,85,606,14425.56,0,6.0
RB07220,2024-03-22,USA-EAST,Tropical Edition,Social Media,85,549,40309.84,1,9.0
RB01772,2024-03-20,TH-CENTRAL,Red Edition,TV Ad,75,799,6073.42,1,10.0
RB00235,2023-10-11,ASIA-PACIFIC,Tropical Edition,Social Media,85,441,32658.19,3,7.0
RB00252,2023-04-12,USA-EAST,Krating Daeng 250,in-store promo,60,439,40172.87,2,6.0
RB01255,2023-11-01,TH-SOUTH,Tropical Edition,TV Ad,85,686,46484.68,3,7.0
RB05971,2023-08-12,TH-CENTRAL,Red Edition,Social Media,75,578,19538.51,3,7.0
RB02511,2024-11-11,TH-NORTH,Original Blue,f1 sponsorship,80,555,42233.78,1,7.0
RB05813,2024-10-01,USA-WEST,Original Blue,extreme sports,80,588,7694.71,2,5.0
RB01017,2023-05-05,TH-CENTRAL,Sugarfree,extreme sports,90,675,24036.22,2,5.0
RB01246,2024-12-01,USA-EAST,Krating Daeng 250,Social Media,60,563,26134.84,3,9.0
RB01426,2024-12-05,USA-EAST,Red Edition,in-store promo,75,665,42525.34,0,9.0
RB03196,2023-03-25,TH-NORTH,Krating Daeng 250,extreme sports,60,318,38024.2,3,7.0
RB02700,2024-12-03,TH-SOUTH,Original Blue,TV Ad,80,564,28598.09,1,4.0
RB04139,2024-01-21,TH-SOUTH,Tropical Edition,in-store promo,85,589,47913.35,0,7.0
RB06697,2023-09-15,TH-NORTH,Red Edition,extreme sports,75,609,11567.84,1,6.0
RB01644,2024-07-27,TH-NORTH,Sugarfree,Social Media,90,577,17109.96,2,7.0
RB03776,2024-03-04,TH-NORTH,Original Blue,f1 sponsorship,80,461,43744.21,5,9.0
RB05523,2024-10-14,EUROPE-EU,Original Blue,in-store promo,80,558,30652.66,0,7.0
RB00204,2023-09-26,USA-EAST,Krating Daeng 250,f1 sponsorship,60,415,40454.75,0,5.0
RB01086,2024-02-03,TH-CENTRAL,Sugarfree,in-store promo,90,610,30514.1,4,6.0
RB09401,2023-12-27,TH-EAST,Original Blue,f1 sponsorship,80,501,39238.07,5,6.0
RB08119,2024-03-04,TH-CENTRAL,Krating Daeng 250,in-store promo,60,374,32658.19,1,6.0
RB03157,2023-04-11,EUROPE-EU,Tropical Edition,extreme sports,85,514,17968.61,2,10.0
RB01416,2024-05-20,TH-NORTH,Original Blue,TV Ad,80,734,26005.58,1,5.0
RB01206,2023-12-18,USA-EAST,Krating Daeng 250,Social Media,60,579,56411.44,1,10.0
RB07471,2024-08-06,TH-EAST,Tropical Edition,Social Media,85,384,56593.24,5,9.0
RB05367,2024-12-16,EUROPE-EU,Krating Daeng 250,extreme sports,60,504,30836.08,1,7.0
RB01741,2024-12-12,TH-NORTH,Tropical Edition,in-store promo,85,559,7834.79,2,6.0
RB09240,2024-05-12,TH-EAST,Red Edition,Social Media,75,515,18400.94,0,8.0
RB05419,2023-12-16,TH-EAST,Krating Daeng 250,f1 sponsorship,60,585,32637.88,3,8.0
RB00087,2024-07-25,TH-NORTH,Red Edition,TV Ad,75,581,38390.14,3,7.0
RB06500,2023-05-19,USA-EAST,Tropical Edition,in-store promo,85,530,7924.86,1,2.0
RB05185,2024-05-10,TH-CENTRAL,Original Blue,TV Ad,80,630,38471.73,1,9.0
RB02767,2023-04-12,ASIA-PACIFIC,Tropical Edition,TV Ad,85,681,58925.46,5,2.0
RB03565,2024-12-02,USA-WEST,Krating Daeng 250,f1 sponsorship,60,270,9691.57,3,10.0
RB00066,2023-03-16,TH-NORTH,Red Edition,extreme sports,75,696,40151.97,1,5.0
RB03704,2023-02-26,ASIA-PACIFIC,Red Edition,extreme sports,75,754,41920.55,2,7.0
RB08991,2023-05-04,TH-EAST,Tropical Edition,extreme sports,85,379,9687.46,1,6.0
RB06212,2023-12-18,USA-WEST,Red Edition,extreme sports,75,590,7440.98,5,5.0
RB05269,2024-02-05,USA-WEST,Krating Daeng 250,Social Media,60,653,50695.97,1,3.0
RB07715,2023-12-15,TH-NORTH,Original Blue,TV Ad,80,847,23820.2,2,3.0
RB06948,2023-02-13,TH-NORTH,Sugarfree,Social Media,90,745,59241.72,2,6.0
RB08684,2024-05-15,EUROPE-EU,Original Blue,in-store promo,80,656,16914.98,52,10.0
RB07180,2023-02-21,TH-CENTRAL,Krating Daeng 250,extreme sports,60,587,12755.95,3,9.0
RB04126,2024-09-05,TH-CENTRAL,Sugarfree,extreme sports,90,710,33798.13,1,3.0
RB08510,2023-03-14,TH-NORTH,Original Blue,f1 sponsorship,80,530,43245.46,2,7.0
RB03676,2023-03-25,TH-CENTRAL,Red Edition,TV Ad,75,465,55400.66,2,4.0
RB00882,2024-07-01,USA-EAST,Sugarfree,TV Ad,90,554,43322.24,0,9.0
RB06250,2024-11-02,EUROPE-EU,Krating Daeng 250,f1 sponsorship,60,409,13910.53,1,3.0
RB04941,2024-10-21,EUROPE-EU,Red Edition,TV Ad,75,683,27528.02,2,10.0
RB08972,2023-02-19,TH-NORTH,Tropical Edition,f1 sponsorship,85,619,49541.58,2,8.0
RB06649,2024-10-22,USA-WEST,Sugarfree,extreme sports,90,370,34924.97,4,10.0
RB07950,2023-02-15,TH-EAST,Tropical Edition,TV Ad,85,467,32842.65,5,3.0
RB06727,2024-08-26,TH-NORTH,Krating Daeng 250,TV Ad,60,449,24858.3,1,6.0
RB07843,2024-05-16,TH-SOUTH,Tropical Edition,f1 sponsorship,85,868,55798.06,3,3.0
RB05728,2024-09-27,ASIA-PACIFIC,Sugarfree,in-store promo,90,716,28367.8,3,5.0
RB06638,2024-07-27,TH-CENTRAL,Krating Daeng 250,TV Ad,60,553,38455.17,1,6.0
RB00661,2023-04-04,TH-CENTRAL,Krating Daeng 250,extreme sports,60,608,32298.87,2,5.0
RB06012,2024-12-16,TH-NORTH,Red Edition,extreme sports,75,504,42210.22,1,4.0
RB04340,2023-02-20,TH-NORTH,Krating Daeng 250,TV Ad,60,506,58307.89,4,5.0
RB06526,2023-01-07,TH-CENTRAL,Sugarfree,extreme sports,90,523,46025.36,4,1.0
RB06751,2023-06-17,TH-NORTH,Sugarfree,Social Media,90,634,52752.18,4,3.0
RB03024,2023-07-30,ASIA-PACIFIC,Red Edition,TV Ad,75,604,34249.48,5,6.0
RB07181,2024-01-03,TH-CENTRAL,Krating Daeng 250,in-store promo,60,371,46997.28,2,7.0
RB09496,2024-01-14,USA-EAST,Sugarfree,TV Ad,90,586,13965.0,2,9.0
RB03703,2023-10-07,TH-NORTH,Red Edition,Social Media,75,429,25750.37,2,10.0
RB04624,2024-01-10,USA-EAST,Krating Daeng 250,in-store promo,60,632,26045.85,5,6.0
RB00726,2024-10-07,EUROPE-EU,Original Blue,TV Ad,80,369,50821.12,3,4.0
RB00693,2024-09-29,TH-NORTH,Sugarfree,TV Ad,90,475,55709.11,1,3.0
RB07810,2024-08-16,USA-EAST,Sugarfree,extreme sports,90,442,55431.67,1,6.0
RB04561,2024-09-02,TH-NORTH,Krating Daeng 250,extreme sports,60,364,18796.89,5,7.0
RB04530,2024-01-30,USA-WEST,Krating Daeng 250,extreme sports,60,245,28708.72,3,5.0
RB00434,2024-10-11,TH-NORTH,Original Blue,f1 sponsorship,80,506,20510.69,2,7.0
RB00864,2023-03-20,TH-CENTRAL,Krating Daeng 250,TV Ad,60,585,32658.19,2,9.0
RB01912,2024-07-04,TH-NORTH,Tropical Edition,extreme sports,85,665,38908.32,2,10.0
RB05012,2023-12-12,TH-NORTH,Sugarfree,Social Media,90,711,53728.45,3,9.0
RB07984,2023-11-03,TH-NORTH,Krating Daeng 250,extreme sports,60,766,32658.19,1,6.0
RB07551,2024-10-21,TH-CENTRAL,Sugarfree,TV Ad,90,607,5188.97,3,10.0
RB08855,2024-01-09,TH-CENTRAL,Red Edition,Social Media,75,503,23656.4,3,4.0
RB03814,2023-12-29,TH-NORTH,Krating Daeng 250,f1 sponsorship,60,689,57047.66,0,10.0
RB07276,2023-02-24,TH-CENTRAL,Original Blue,TV Ad,80,526,23981.22,2,6.0
RB05928,2023-01-28,USA-EAST,Red Edition,TV Ad,75,618,29718.19,1,9.0
RB06014,2024-02-22,TH-SOUTH,Krating Daeng 250,Social Media,60,745,52733.87,1,4.0
RB05016,2023-11-11,TH-NORTH,Tropical Edition,in-store promo,85,675,21942.64,5,3.0
RB00343,2023-08-02,USA-WEST,Sugarfree,TV Ad,90,646,25454.26,2,8.0
RB02266,2024-05-20,TH-NORTH,Original Blue,in-store promo,80,584,33726.18,2,10.0
RB03881,2024-01-10,TH-CENTRAL,Sugarfree,extreme sports,90,534,29638.74,1,4.0
RB08824,2023-02-18,TH-CENTRAL,Original Blue,f1 sponsorship,80,481,21475.61,5,6.0
RB00721,2024-07-28,TH-EAST,Tropical Edition,Social Media,85,699,12981.47,4,4.0
RB06062,2023-01-13,ASIA-PACIFIC,Red Edition,extreme sports,75,337,54480.51,2,8.0
RB06000,2024-06-21,TH-CENTRAL,Original Blue,f1 sponsorship,80,626,38700.44,3,1.0
RB06758,2024-11-09,TH-EAST,Original Blue,extreme sports,80,605,33093.64,2,4.0
RB07743,2023-10-19,TH-SOUTH,Red Edition,f1 sponsorship,75,483,53960.8,1,9.0
RB09451,2023-01-25,TH-NORTH,Sugarfree,TV Ad,90,443,40894.63,3,7.0
RB04095,2023-10-29,TH-SOUTH,Original Blue,Social Media,80,755,51204.57,5,6.0
RB05804,2024-10-27,USA-EAST,Sugarfree,in-store promo,90,429,1888791.16,2,9.0
RB00288,2024-10-01,TH-CENTRAL,Original Blue,in-store promo,80,557,46892.5,1,6.0
RB06600-DUP,2023-12-16,TH-NORTH,Red Edition,in-store promo,75,510,46278.33,5,3.0
RB03429,2024-08-05,TH-CENTRAL,Original Blue,extreme sports,80,11299,21174.17,3,8.0
RB05014,2023-05-14,USA-WEST,Tropical Edition,f1 sponsorship,85,689,59002.24,1,8.0
RB02878,2023-02-24,TH-CENTRAL,Tropical Edition,TV Ad,85,575,8922.64,3,10.0
RB01023,2024-04-21,ASIA-PACIFIC,Red Edition,f1 sponsorship,75,565,31631.1,0,6.0
RB06390,2023-11-04,TH-CENTRAL,Sugarfree,TV Ad,90,628,26251.24,4,7.0
RB01412,2024-09-13,USA-WEST,Tropical Edition,Social Media,85,773,6310.94,3,8.0
RB07051,2024-03-18,EUROPE-EU,Original Blue,in-store promo,80,525,30649.16,2,10.0
RB01518,2023-08-09,TH-CENTRAL,Tropical Edition,Social Media,85,530,24302.26,4,3.0
RB01390,2023-11-22,TH-SOUTH,Krating Daeng 250,in-store promo,60,339,20608.36,2,5.0
RB00828,2024-08-12,USA-WEST,Krating Daeng 250,TV Ad,60,632,59582.09,3,6.0
RB01015,2023-09-23,TH-CENTRAL,Original Blue,in-store promo,80,483,42632.92,4,5.0
RB05154,2024-01-02,TH-EAST,Krating Daeng 250,f1 sponsorship,60,554,58725.49,0,8.0
RB09040,2023-03-03,ASIA-PACIFIC,Original Blue,Social Media,80,365,16866.05,0,5.0
RB00866,2023-08-28,USA-EAST,Red Edition,TV Ad,75,457,58641.98,2,4.0
RB08318,2024-01-04,TH-EAST,Red Edition,extreme sports,75,656,50693.41,5,10.0
RB09214,2023-03-29,USA-EAST,Tropical Edition,in-store promo,85,669,28879.61,2,4.0
RB09087,2023-08-28,TH-NORTH,Krating Daeng 250,f1 sponsorship,60,581,20768.42,0,6.0
RB04001,2024-08-28,USA-EAST,Original Blue,TV Ad,80,512,56044.25,2,9.0
RB02312,2024-08-25,USA-EAST,Krating Daeng 250,Social Media,60,494,51593.8,2,6.0
RB02338,2023-08-21,EUROPE-EU,Sugarfree,extreme sports,90,388,59360.63,3,7.0
RB03410,2024-04-22,TH-CENTRAL,Sugarfree,in-store promo,90,430,47574.8,1,5.0
RB07538,2024-04-30,ASIA-PACIFIC,Original Blue,f1 sponsorship,80,376,19563.88,2,6.0
RB07231,2024-08-31,EUROPE-EU,Tropical Edition,in-store promo,85,612,39213.18,1,6.0
RB02901,2024-07-30,TH-CENTRAL,Red Edition,extreme sports,75,563,34344.92,3,10.0
RB00763,2023-02-21,EUROPE-EU,Red Edition,Social Media,75,426,17486.91,2,9.0
RB06291,2024-06-15,TH-EAST,Sugarfree,TV Ad,90,543,10703.91,3,5.0
RB04242,2023-01-02,TH-SOUTH,Original Blue,TV Ad,80,598,11039.88,3,8.0
RB07944,2024-07-06,TH-NORTH,Tropical Edition,f1 sponsorship,85,643,50365.63,1,8.0
RB01001,2023-12-01,TH-CENTRAL,Red Edition,Social Media,75,490,23247.65,4,5.0
RB02209,2024-02-09,TH-NORTH,Tropical Edition,extreme sports,85,444,41093.87,2,6.0
RB05417,2024-01-11,TH-CENTRAL,Krating Daeng 250,TV Ad,60,644,23361.3,3,1.0
RB00741,2024-09-28,TH-CENTRAL,Sugarfree,extreme sports,90,622,23424.81,3,6.0
RB01196,2024-05-25,USA-WEST,Tropical Edition,f1 sponsorship,85,381,11558.5,5,3.0
RB02208,2024-08-26,USA-EAST,Tropical Edition,Social Media,85,685,7427.98,3,5.0
RB06092,2023-03-02,USA-EAST,Sugarfree,extreme sports,90,453,46235.96,2,5.0
RB04523,2024-03-07,TH-SOUTH,Original Blue,TV Ad,80,394,47699.1,3,9.0
RB04076,2024-04-22,TH-CENTRAL,Red Edition,in-store promo,75,571,45407.22,1,6.0
RB00454,2023-03-23,USA-EAST,Sugarfree,extreme sports,90,540,50286.64,5,4.0
RB06165,2024-11-23,TH-CENTRAL,Original Blue,extreme sports,80,667,56450.47,2,6.0
RB00492,2023-11-14,EUROPE-EU,Tropical Edition,Social Media,85,487,31249.23,2,7.0
RB06362,2024-01-18,TH-CENTRAL,Krating Daeng 250,extreme sports,60,410,20346.49,3,8.0
RB07614,2024-05-21,ASIA-PACIFIC,Tropical Edition,extreme sports,85,527,44399.06,2,9.0
RB04693,2023-02-18,TH-SOUTH,Sugarfree,extreme sports,90,451,50527.81,3,5.0
RB05195,2023-02-15,TH-CENTRAL,Red Edition,in-store promo,75,509,35619.57,4,3.0
RB06407,2024-01-06,TH-NORTH,Sugarfree,in-store promo,90,529,31754.49,2,10.0
RB02389,2024-10-31,USA-WEST,Sugarfree,TV Ad,90,559,9094.17,4,10.0
RB05281,2024-05-17,TH-EAST,Sugarfree,extreme sports,90,700,55934.6,0,8.0
RB08677,2024-07-02,TH-EAST,Krating Daeng 250,extreme sports,60,610,47221.27,2,8.0
RB02550,2023-02-13,TH-NORTH,Original Blue,TV Ad,80,281,27239.37,2,6.0
RB03033,2024-04-10,TH-NORTH,Krating Daeng 250,in-store promo,60,768,17346.25,3,6.0
RB09184,2023-12-27,USA-EAST,Red Edition,extreme sports,75,15143,13252.1,2,7.0
RB07360,2023-08-06,TH-CENTRAL,Tropical Edition,in-store promo,85,553,41519.54,1,9.0
RB03955,2023-04-29,USA-WEST,Red Edition,f1 sponsorship,75,549,5023.64,2,4.0
RB06317,2023-04-03,USA-EAST,Sugarfree,in-store promo,90,756,5301.02,1,5.0
RB02677,2023-11-16,USA-EAST,Original Blue,in-store promo,80,370,16817.31,1,6.0
RB09268,2024-12-12,TH-CENTRAL,Sugarfree,extreme sports,90,280,53816.95,2,10.0
RB04074,2023-01-11,EUROPE-EU,Red Edition,TV Ad,75,693,13862.31,5,8.0
RB00268,2023-04-04,TH-EAST,Original Blue,in-store promo,80,482,9992.37,2,4.0
RB08306,2023-03-02,USA-WEST,Sugarfree,in-store promo,90,552,32658.19,3,8.0
RB07208,2023-07-30,TH-CENTRAL,Red Edition,TV Ad,75,692,37073.96,3,6.0
RB00719,2024-06-20,TH-CENTRAL,Original Blue,f1 sponsorship,80,593,32658.19,4,9.0
RB03475,2024-05-23,EUROPE-EU,Original Blue,f1 sponsorship,80,619,11452.66,1,6.0
RB01648,2023-08-24,TH-NORTH,Tropical Edition,Social Media,85,532,31351.3,2,4.0
RB05538,2024-03-31,EUROPE-EU,Red Edition,f1 sponsorship,75,349,32658.19,1,2.0
RB06124,2024-01-30,USA-WEST,Krating Daeng 250,extreme sports,60,505,53530.76,5,7.0
RB03790,2024-11-01,TH-SOUTH,Tropical Edition,TV Ad,85,672,11938.32,2,7.0
RB05824,2023-09-24,TH-EAST,Sugarfree,TV Ad,90,407,54702.38,3,4.0
RB01933,2023-06-22,USA-WEST,Sugarfree,f1 sponsorship,90,490,30718.54,2,5.0
RB06692,2023-09-15,TH-EAST,Tropical Edition,f1 sponsorship,85,813,25441.0,3,9.0
RB06834,2023-08-24,TH-CENTRAL,Krating Daeng 250,in-store promo,60,663,20696.91,1,9.0
RB08883,2024-04-13,TH-CENTRAL,Sugarfree,TV Ad,90,598,31905.15,3,4.0
RB09332,2023-02-18,ASIA-PACIFIC,Red Edition,f1 sponsorship,75,572,58772.25,3,7.0
RB05600,2023-12-07,USA-EAST,Sugarfree,TV Ad,90,417,16584.4,4,2.0
RB06177,2023-05-02,USA-EAST,Red Edition,Social Media,75,603,32658.19,2,10.0
RB07981,2023-12-26,USA-WEST,Tropical Edition,f1 sponsorship,85,545,5916.84,1,6.0
RB02016,2024-06-30,TH-CENTRAL,Tropical Edition,f1 sponsorship,85,538,21409.01,5,8.0
RB07517-DUP,2023-06-26,TH-NORTH,Krating Daeng 250,TV Ad,60,496,35504.39,2,6.0
RB00916,2024-09-24,TH-CENTRAL,Sugarfree,in-store promo,90,12182,54183.17,2,9.0
RB03361,2024-10-30,TH-NORTH,Krating Daeng 250,Social Media,60,577,37335.8,3,6.0
RB08973,2023-11-03,TH-NORTH,Krating Daeng 250,Social Media,60,523,23194.03,2,10.0
RB05730,2023-06-03,USA-EAST,Krating Daeng 250,in-store promo,60,482,36198.45,4,5.0
RB07628,2023-08-28,TH-SOUTH,Tropical Edition,Social Media,85,574,44660.96,3,9.0
RB02890,2023-07-08,TH-CENTRAL,Tropical Edition,f1 sponsorship,85,373,56344.89,4,4.0
RB09067,2023-02-10,USA-EAST,Krating Daeng 250,extreme sports,60,479,39639.87,1,2.0
RB05635,2023-12-29,USA-EAST,Red Edition,extreme sports,75,665,28120.29,2,9.0
RB05744,2023-07-17,TH-EAST,Sugarfree,TV Ad,90,695,34892.68,3,7.0
RB04679,2024-10-05,TH-CENTRAL,Red Edition,extreme sports,75,671,41448.37,1,1.0
RB08664,2024-07-29,USA-WEST,Red Edition,f1 sponsorship,75,518,45391.26,4,10.0
RB06835,2024-04-18,ASIA-PACIFIC,Sugarfree,in-store promo,90,425,11772.07,3,4.0
RB09035,2023-01-10,TH-NORTH,Original Blue,TV Ad,80,486,59650.43,3,6.0
RB04598,2023-04-12,TH-CENTRAL,Tropical Edition,TV Ad,85,592,18332.84,0,8.0
RB03133,2023-11-06,USA-EAST,Original Blue,TV Ad,80,753,5014.63,0,10.0
RB05862,2023-05-12,TH-EAST,Red Edition,in-store promo,75,320,40972.56,1,3.0
RB02305,2024-09-19,TH-CENTRAL,Krating Daeng 250,TV Ad,60,480,53380.22,0,2.0
RB07881,2023-11-19,TH-NORTH,Original Blue,extreme sports,80,503,9106.83,1,7.0
RB01565,2024-03-22,ASIA-PACIFIC,Sugarfree,TV Ad,90,526,56458.6,2,9.0
RB07940,2024-02-03,USA-WEST,Red Edition,Social Media,75,570,33121.84,2,4.0
RB04478,2024-03-04,TH-NORTH,Krating Daeng 250,in-store promo,60,626,5844.66,3,3.0
RB08157,2023-07-03,TH-NORTH,Tropical Edition,f1 sponsorship,85,327,37186.33,1,6.0
RB04781,2024-01-16,TH-NORTH,Krating Daeng 250,in-store promo,60,585,37075.19,2,8.0
RB04969,2023-07-17,TH-EAST,Red Edition,TV Ad,75,591,25271.51,5,5.0
RB04791,2023-04-20,USA-WEST,Krating Daeng 250,TV Ad,60,531,42046.48,2,9.0
RB05354,2024-02-17,TH-SOUTH,Krating Daeng 250,in-store promo,60,518,10463.83,3,6.0
RB05301,2024-09-28,USA-EAST,Sugarfree,TV Ad,90,547,20691.15,4,5.0
RB09195,2024-05-03,EUROPE-EU,Krating Daeng 250,extreme sports,60,360,52514.88,3,9.0
RB00907,2023-06-21,TH-NORTH,Original Blue,TV Ad,80,433,45270.07,2,2.0
RB06573,2024-04-13,TH-NORTH,Red Edition,Social Media,75,617,53917.79,2,3.0
RB09360,2023-07-03,TH-NORTH,Original Blue,in-store promo,80,743,17627.8,1,3.0
RB09186,2024-04-06,TH-CENTRAL,Sugarfree,TV Ad,90,849,17601.27,5,9.0
RB02829,2024-12-25,USA-EAST,Red Edition,extreme sports,75,575,56929.35,2,10.0
RB08101,2023-01-24,USA-WEST,Sugarfree,TV Ad,90,701,22767.68,3,10.0
RB07438,2024-05-10,TH-SOUTH,Krating Daeng 250,Social Media,60,603,7987.81,2,8.0
RB04275,2023-02-08,TH-NORTH,Original Blue,in-store promo,80,474,36857.54,2,8.0
RB07477,2023-04-30,TH-CENTRAL,Red Edition,in-store promo,75,521,48161.84,2,8.0
RB05237,2024-08-18,TH-CENTRAL,Sugarfree,extreme sports,90,672,39789.45,0,7.0
RB02546,2023-12-05,TH-CENTRAL,Tropical Edition,f1 sponsorship,85,708,24252.17,2,5.0
RB06645,2024-12-05,USA-EAST,Tropical Edition,f1 sponsorship,85,518,43769.69,2,8.0
RB06129,2024-09-14,TH-SOUTH,Red Edition,Social Media,75,498,39205.77,2,1.0
RB07996,2024-10-13,USA-EAST,Krating Daeng 250,Social Media,60,690,14921.25,1,7.0
RB02718,2023-06-17,TH-CENTRAL,Original Blue,in-store promo,80,572,53633.27,3,7.0
RB00116,2024-12-04,TH-CENTRAL,Sugarfree,extreme sports,90,494,32658.19,3,4.0
RB09387,2023-06-10,TH-NORTH,Red Edition,f1 sponsorship,75,452,6562.0,3,9.0
RB03653,2024-02-29,USA-EAST,Sugarfree,extreme sports,90,639,11925.09,3,5.0
RB03433,2023-12-08,USA-WEST,Tropical Edition,Social Media,85,631,22749.42,1,3.0
RB08644,2024-06-09,EUROPE-EU,Krating Daeng 250,in-store promo,60,378,43149.29,5,5.0
RB04933,2024-07-12,EUROPE-EU,Red Edition,Social Media,75,523,12362.47,0,9.0
RB01803,2023-12-04,USA-EAST,Original Blue,Social Media,80,486,31452.5,3,8.0
RB02647,2024-10-04,USA-EAST,Krating Daeng 250,f1 sponsorship,60,749,51299.58,3,8.0
RB06910,2023-02-28,TH-CENTRAL,Tropical Edition,extreme sports,85,579,59164.63,2,6.0
RB04681-DUP,2023-08-27,TH-NORTH,Original Blue,Social Media,80,467,56427.48,5,8.0
RB01177,2023-10-09,TH-CENTRAL,Red Edition,in-store promo,75,621,7275.67,2,9.0
RB04369,2023-10-29,USA-WEST,Red Edition,Social Media,75,519,27249.62,1,6.0
RB00114,2024-08-10,TH-SOUTH,Tropical Edition,Social Media,85,434,31619.97,5,9.0
RB04017,2024-06-08,ASIA-PACIFIC,Krating Daeng 250,Social Media,60,570,20220.06,1,8.0
RB00549,2023-08-26,TH-CENTRAL,Tropical Edition,extreme sports,85,564,22960.94,0,6.0
RB09156,2023-09-30,TH-NORTH,Red Edition,extreme sports,75,538,21683.55,1,4.0
RB04833,2023-01-04,TH-CENTRAL,Original Blue,extreme sports,80,553,14549.69,5,2.0
RB01605,2024-05-24,USA-WEST,Tropical Edition,TV Ad,85,528,17743.13,0,6.0
RB06174,2024-07-18,TH-NORTH,Tropical Edition,Social Media,85,720,33460.54,0,4.0
RB05030,2023-10-15,TH-SOUTH,Original Blue,f1 sponsorship,80,635,15813.93,3,3.0
RB00113,2024-06-01,TH-NORTH,Red Edition,in-store promo,75,618,17917.09,5,6.0
RB04459,2023-06-13,TH-NORTH,Red Edition,TV Ad,75,498,36934.39,3,8.0
RB01891,2024-07-16,TH-NORTH,Original Blue,Social Media,80,641,54833.25,1,7.0
RB01320,2023-09-28,TH-CENTRAL,Krating Daeng 250,in-store promo,60,546,24649.02,0,10.0
RB08621,2024-05-28,TH-NORTH,Sugarfree,TV Ad,90,386,15050.6,5,7.0
RB01713,2024-04-14,TH-CENTRAL,Original Blue,TV Ad,80,613,6744.57,1,8.0
RB09258,2023-01-05,EUROPE-EU,Original Blue,Social Media,80,621,32658.19,0,6.0
RB06309,2024-11-09,TH-SOUTH,Krating Daeng 250,extreme sports,60,571,18123.98,3,5.0
RB05194,2024-08-23,ASIA-PACIFIC,Red Edition,f1 sponsorship,75,607,38057.94,2,7.0
RB03271,2023-01-06,TH-CENTRAL,Red Edition,f1 sponsorship,75,685,15272.7,1,1.0
RB02678,2024-11-10,USA-EAST,Tropical Edition,extreme sports,85,377,47785.65,1,7.0
RB03550,2024-05-13,TH-NORTH,Sugarfree,Social Media,90,707,17650.78,2,8.0
RB02921,2023-09-22,TH-NORTH,Krating Daeng 250,in-store promo,60,630,49164.72,5,10.0
RB04760,2023-11-02,USA-EAST,Red Edition,in-store promo,75,647,13453.2,2,6.0
RB05715,2023-05-22,TH-EAST,Red Edition,f1 sponsorship,75,607,32083.34,0,4.0
RB02345,2024-12-21,TH-EAST,Tropical Edition,Social Media,85,506,32034.2,1,3.0
RB00753,2024-10-24,TH-CENTRAL,Sugarfree,f1 sponsorship,90,407,21912.37,1,6.0
RB03382,2024-03-26,USA-EAST,Krating Daeng 250,f1 sponsorship,60,738,30247.5,2,10.0
RB04227,2023-03-15,TH-NORTH,Krating Daeng 250,Social Media,60,644,30560.02,0,5.0
RB05462,2023-11-20,ASIA-PACIFIC,Sugarfree,TV Ad,90,624,54597.16,1,7.0
RB02657,2023-08-26,USA-EAST,Krating Daeng 250,TV Ad,60,541,20470.93,4,7.0
RB04100,2023-02-27,TH-CENTRAL,Original Blue,in-store promo,80,651,56005.31,1,6.0
RB09523,2023-12-31,EUROPE-EU,Tropical Edition,f1 sponsorship,85,404,46053.93,1,5.0
RB07486,2023-02-14,USA-EAST,Red Edition,Social Media,75,575,7237.54,5,5.0
RB01157,2023-09-14,TH-NORTH,Krating Daeng 250,TV Ad,60,699,33338.55,5,4.0
RB03930,2024-08-23,TH-NORTH,Tropical Edition,TV Ad,85,700,22748.07,1,6.0
RB03258,2024-03-18,TH-NORTH,Sugarfree,in-store promo,90,421,51360.99,0,8.0
RB09438,2024-03-03,TH-NORTH,Sugarfree,extreme sports,90,676,59377.74,3,7.0
RB03514,2024-07-03,USA-EAST,Red Edition,TV Ad,75,562,49244.38,4,3.0
RB06063,2024-08-03,TH-NORTH,Sugarfree,extreme sports,90,724,19324.36,1,6.0
RB04622,2023-06-24,USA-EAST,Sugarfree,in-store promo,90,611,51862.92,2,5.0
RB06618,2023-02-02,EUROPE-EU,Red Edition,Social Media,75,475,8963.98,1,3.0
RB01477,2024-02-24,ASIA-PACIFIC,Red Edition,extreme sports,75,725,41256.24,2,7.0
RB05843,2024-01-18,TH-NORTH,Original Blue,in-store promo,80,572,5201.08,5,5.0
RB00211,2024-12-04,TH-CENTRAL,Original Blue,extreme sports,80,564,24057.77,3,10.0
RB02168,2024-04-14,USA-WEST,Red Edition,extreme sports,75,701,26506.22,0,2.0
RB04377,2023-02-16,USA-EAST,Tropical Edition,in-store promo,85,537,18960.46,1,7.0
RB01654,2024-07-20,ASIA-PACIFIC,Sugarfree,in-store promo,90,569,1113858.33,2,3.0
RB04089,2024-09-12,USA-EAST,Red Edition,Social Media,75,689,15619.2,3,10.0
RB06270,2023-12-05,TH-CENTRAL,Red Edition,TV Ad,75,484,18004.56,3,8.0
RB08169-DUP,2023-01-24,TH-NORTH,Krating Daeng 250,f1 sponsorship,60,375,24378.13,1,10.0
RB00451,2024-10-21,EUROPE-EU,Sugarfree,extreme sports,90,436,15205.08,0,7.0
RB02520,2023-01-27,USA-EAST,Sugarfree,f1 sponsorship,90,515,59236.48,1,5.0
RB08151,2023-04-27,TH-EAST,Original Blue,in-store promo,80,521,22374.76,1,7.0
RB04157,2024-12-22,USA-WEST,Sugarfree,extreme sports,90,630,16909.34,3,3.0
RB08451-DUP,2023-04-30,TH-NORTH,Red Edition,in-store promo,75,517,40749.64,5,10.0
RB05436,2023-09-28,USA-EAST,Red Edition,TV Ad,75,432,49236.66,0,5.0
RB02726,2024-01-28,EUROPE-EU,Krating Daeng 250,TV Ad,60,616,29816.75,2,10.0
RB09024,2023-01-30,TH-NORTH,Tropical Edition,f1 sponsorship,85,450,19661.15,4,6.0
RB07381,2023-05-27,TH-NORTH,Original Blue,Social Media,80,611,52244.8,4,8.0
RB08341,2023-12-17,TH-CENTRAL,Tropical Edition,Social Media,85,429,24881.09,2,3.0
RB07578,2024-03-05,USA-WEST,Sugarfree,in-store promo,90,670,37139.01,4,10.0
RB06977,2023-05-11,TH-CENTRAL,Red Edition,extreme sports,75,574,30047.06,1,6.0
RB09328,2024-06-26,USA-EAST,Red Edition,extreme sports,75,601,19839.06,2,6.0
RB02969,2023-06-06,TH-NORTH,Tropical Edition,TV Ad,85,447,42055.8,3,5.0
RB00638,2023-02-10,TH-CENTRAL,Sugarfree,f1 sponsorship,90,332,48562.95,4,3.0
RB09089,2023-12-07,USA-WEST,Sugarfree,Social Media,90,439,32881.47,3,10.0
RB01938,2024-06-25,TH-CENTRAL,Original Blue,in-store promo,80,563,26737.92,4,1.0
RB00018,2023-08-05,EUROPE-EU,Sugarfree,f1 sponsorship,90,444,38738.0,3,10.0
RB05772,2024-05-19,USA-EAST,Sugarfree,extreme sports,90,616,21858.41,0,9.0
RB01418,2024-09-24,TH-NORTH,Tropical Edition,in-store promo,85,421,42358.48,5,8.0
RB00575,2024-04-02,TH-NORTH,Krating Daeng 250,extreme sports,60,515,56578.61,3,7.0
RB08498,2024-03-21,TH-SOUTH,Red Edition,f1 sponsorship,75,536,43359.95,1,3.0
RB01334,2024-06-24,TH-CENTRAL,Sugarfree,Social Media,90,617,38058.71,5,5.0
RB08129,2024-01-04,TH-NORTH,Tropical Edition,in-store promo,85,479,19875.64,2,2.0
RB08848,2024-02-07,TH-CENTRAL,Original Blue,f1 sponsorship,80,667,29578.4,3,10.0
RB05119,2024-01-30,EUROPE-EU,Red Edition,TV Ad,75,469,30334.57,2,5.0
RB08441,2024-02-16,TH-NORTH,Krating Daeng 250,f1 sponsorship,60,809,28331.81,2,10.0
RB08737,2023-12-19,USA-EAST,Red Edition,TV Ad,75,413,5345.51,5,9.0
RB04647,2024-07-06,USA-WEST,Original Blue,extreme sports,80,770,53286.05,1,7.0
RB09007,2024-08-25,TH-CENTRAL,Red Edition,in-store promo,75,480,18661.61,5,10.0
RB08842,2023-03-25,USA-EAST,Krating Daeng 250,in-store promo,60,681,48526.56,3,9.0
RB03999,2023-04-12,EUROPE-EU,Original Blue,TV Ad,80,617,32658.19,3,9.0
RB09322,2023-03-26,TH-CENTRAL,Sugarfree,TV Ad,90,598,37494.81,5,7.0
RB07120,2024-11-27,TH-EAST,Tropical Edition,in-store promo,85,555,45896.09,3,6.0
RB04396,2023-06-28,TH-NORTH,Sugarfree,Social Media,90,552,22536.08,2,9.0
RB08092,2023-01-29,EUROPE-EU,Sugarfree,in-store promo,90,702,32658.19,2,1.0
RB04892,2023-04-15,TH-EAST,Sugarfree,TV Ad,90,388,41667.78,2,2.0
RB02559,2023-10-21,TH-SOUTH,Tropical Edition,TV Ad,85,410,30672.38,0,9.0
RB04260,2023-06-04,EUROPE-EU,Krating Daeng 250,in-store promo,60,613,34977.23,4,3.0
RB06780,2024-01-05,USA-WEST,Sugarfree,TV Ad,90,634,6585.13,2,10.0
RB09536,2024-08-19,TH-CENTRAL,Sugarfree,extreme sports,90,522,17742.49,3,7.0
RB05652,2024-12-24,USA-EAST,Sugarfree,TV Ad,90,546,58256.24,2,3.0
RB05421,2024-05-22,TH-CENTRAL,Krating Daeng 250,Social Media,60,458,58997.24,0,6.0
RB04580,2024-09-01,TH-CENTRAL,Krating Daeng 250,f1 sponsorship,60,511,59337.26,3,8.0
RB07611,2024-10-31,ASIA-PACIFIC,Krating Daeng 250,TV Ad,60,745,48697.58,2,3.0
RB00701,2023-04-29,TH-NORTH,Red Edition,in-store promo,75,793,12443.15,1,4.0
RB04709,2024-07-09,EUROPE-EU,Red Edition,extreme sports,75,513,11232.41,3,10.0
RB03598,2024-05-21,TH-CENTRAL,Krating Daeng 250,extreme sports,60,578,18757.25,5,10.0
RB04476,2024-01-04,TH-CENTRAL,Krating Daeng 250,in-store promo,60,633,58160.35,2,6.0
RB07706,2023-08-14,TH-NORTH,Sugarfree,extreme sports,90,681,57590.98,2,6.0
RB01875,2024-08-14,TH-CENTRAL,Original Blue,TV Ad,80,419,32658.19,1,6.0
RB09495,2024-11-16,USA-EAST,Krating Daeng 250,in-store promo,60,543,7258.54,3,6.0
RB05208,2023-03-27,TH-EAST,Tropical Edition,extreme sports,85,462,47284.58,2,6.0
RB08582,2024-10-01,TH-SOUTH,Red Edition,in-store promo,75,332,42104.79,3,8.0
RB06315,2023-12-11,EUROPE-EU,Tropical Edition,extreme sports,85,636,45689.6,1,6.0
RB06343-DUP,2023-03-16,USA-EAST,Sugarfree,f1 sponsorship,90,420,51497.36,1,8.0
RB08880,2024-03-20,TH-NORTH,Tropical Edition,TV Ad,85,378,48350.75,1,1.0
RB07828,2023-06-04,TH-NORTH,Krating Daeng 250,Social Media,60,718,43706.87,2,7.0
RB08360,2023-10-21,USA-EAST,Krating Daeng 250,TV Ad,60,491,36675.63,3,6.0
RB05627,2024-05-27,TH-NORTH,Tropical Edition,in-store promo,85,865,25223.33,1,6.0
RB07206,2024-12-09,TH-CENTRAL,Red Edition,in-store promo,75,813,16356.56,4,7.0
RB04213,2023-09-01,TH-CENTRAL,Tropical Edition,in-store promo,85,629,20070.59,2,7.0
RB07803,2023-07-25,TH-EAST,Tropical Edition,Social Media,85,539,12647.0,3,5.0
RB01724,2023-07-17,USA-EAST,Original Blue,in-store promo,80,659,31160.16,0,6.0
RB01801,2023-07-16,TH-SOUTH,Krating Daeng 250,f1 sponsorship,60,405,11310.4,30,1.0
RB09092,2024-09-23,EUROPE-EU,Krating Daeng 250,f1 sponsorship,60,586,58600.72,2,4.0
RB08398,2024-01-03,USA-EAST,Red Edition,extreme sports,75,510,51301.79,4,6.0
RB06134,2023-09-17,TH-NORTH,Sugarfree,f1 sponsorship,90,591,29663.73,0,7.0
RB06106,2023-05-08,TH-NORTH,Original Blue,extreme sports,80,487,32658.19,2,9.0
RB01646,2023-03-16,TH-SOUTH,Red Edition,Social Media,75,610,12244.12,2,7.0
RB02245,2023-12-18,TH-EAST,Sugarfree,Social Media,90,458,39773.21,4,4.0
RB05611,2023-08-10,USA-EAST,Sugarfree,TV Ad,90,555,6812.5,2,5.0
RB06774,2024-03-20,TH-NORTH,Sugarfree,in-store promo,90,318,38720.69,1,6.0
RB01892,2024-11-25,USA-EAST,Red Edition,TV Ad,75,474,5845.7,2,5.0
RB03413,2023-09-29,TH-NORTH,Sugarfree,f1 sponsorship,90,512,26266.1,1,8.0
RB00662,2024-02-11,TH-CENTRAL,Red Edition,in-store promo,75,413,28677.3,3,8.0
RB04492,2024-08-16,TH-SOUTH,Krating Daeng 250,extreme sports,60,676,56096.91,5,9.0
RB09054,2024-12-31,TH-NORTH,Original Blue,Social Media,80,776,45648.72,2,6.0
RB05688,2023-07-04,USA-EAST,Sugarfree,extreme sports,90,634,56481.02,4,7.0
RB08869,2023-08-11,EUROPE-EU,Krating Daeng 250,f1 sponsorship,60,628,43965.12,2,7.0
RB01026,2024-06-10,USA-EAST,Original Blue,in-store promo,80,769,24385.15,5,6.0
RB02171,2024-04-22,USA-EAST,Tropical Edition,Social Media,85,692,23052.42,2,8.0
RB02530,2024-02-02,TH-SOUTH,Tropical Edition,extreme sports,85,567,52568.78,1,5.0
RB03988,2024-09-09,USA-EAST,Tropical Edition,TV Ad,85,561,8315.88,1,3.0
RB08001,2024-06-16,USA-EAST,Red Edition,Social Media,75,745,34184.06,2,6.0
RB02328,2023-01-09,TH-SOUTH,Original Blue,f1 sponsorship,80,807,6890.82,4,6.0
RB05296,2023-10-27,TH-NORTH,Krating Daeng 250,f1 sponsorship,60,487,34301.46,5,8.0
RB07925,2024-01-01,TH-CENTRAL,Sugarfree,extreme sports,90,738,20078.21,2,8.0
RB06542,2024-05-28,TH-SOUTH,Original Blue,f1 sponsorship,80,464,32658.19,3,4.0
RB06794,2024-03-09,TH-SOUTH,Original Blue,in-store promo,80,437,11850.5,5,6.0
RB06854,2023-03-03,TH-NORTH,Krating Daeng 250,in-store promo,60,662,29695.87,3,4.0
RB09359,2023-01-27,USA-WEST,Red Edition,TV Ad,75,644,45371.9,2,10.0
RB05982,2023-04-18,USA-WEST,Tropical Edition,TV Ad,85,570,59569.21,0,6.0
RB01311,2023-09-03,TH-EAST,Tropical Edition,TV Ad,85,424,17825.49,0,7.0
RB02149,2024-09-12,TH-CENTRAL,Tropical Edition,f1 sponsorship,85,740,45554.46,0,6.0
RB01525,2024-08-16,TH-NORTH,Sugarfree,TV Ad,90,730,53924.73,3,9.0
RB05492,2023-02-18,TH-CENTRAL,Red Edition,Social Media,75,8592,52087.37,2,10.0
RB08321,2023-12-17,USA-EAST,Red Edition,in-store promo,75,683,12975.18,2,4.0
RB02010,2023-12-05,TH-NORTH,Tropical Edition,in-store promo,85,735,38038.7,0,5.0
RB06403,2024-01-18,TH-CENTRAL,Krating Daeng 250,in-store promo,60,544,14124.36,3,6.0
RB01667,2023-06-21,EUROPE-EU,Original Blue,Social Media,80,686,17187.57,1,9.0
RB03445,2024-10-30,TH-NORTH,Krating Daeng 250,extreme sports,60,644,52449.83,1,6.0
RB01970,2024-08-15,TH-NORTH,Red Edition,in-store promo,75,454,56295.95,0,7.0
RB04506,2023-09-04,TH-EAST,Tropical Edition,in-store promo,85,781,35187.69,5,5.0
RB00572,2024-10-08,USA-WEST,Original Blue,TV Ad,80,752,38316.77,5,8.0
RB02977,2024-02-06,USA-WEST,Sugarfree,Social Media,90,444,29086.99,3,6.0
RB02974,2023-07-27,TH-EAST,Red Edition,in-store promo,75,229,29537.73,2,9.0
RB04547,2024-10-04,TH-EAST,Original Blue,TV Ad,80,569,52479.02,2,6.0
RB08561,2023-02-10,TH-CENTRAL,Sugarfree,Social Media,90,564,41097.74,4,6.0
RB06167,2023-06-04,TH-NORTH,Krating Daeng 250,in-store promo,60,721,7613.51,0,6.0
RB02290,2024-10-01,TH-EAST,Red Edition,in-store promo,75,598,43652.28,2,5.0
RB03074,2024-08-04,TH-EAST,Krating Daeng 250,extreme sports,60,454,13337.23,2,8.0
RB08274,2024-12-16,USA-WEST,Sugarfree,in-store promo,90,609,7826.25,2,2.0
RB01106,2023-01-16,USA-WEST,Original Blue,TV Ad,80,452,23687.62,1,6.0
RB01711,2023-08-11,TH-EAST,Krating Daeng 250,extreme sports,60,730,19303.38,3,9.0
RB01742,2023-08-01,TH-CENTRAL,Tropical Edition,Social Media,85,308,7894.77,1,10.0
RB05425,2024-09-05,EUROPE-EU,Original Blue,f1 sponsorship,80,465,22513.18,1,4.0
RB05996,2023-10-14,TH-EAST,Sugarfree,TV Ad,90,790,24410.74,0,7.0
RB03640,2023-09-07,USA-WEST,Krating Daeng 250,extreme sports,60,745,18983.73,1,5.0
RB07190-DUP,2024-03-17,USA-EAST,Krating Daeng 250,in-store promo,60,521,51397.26,3,6.0
RB00671,2024-06-19,TH-NORTH,Red Edition,in-store promo,75,580,20565.28,1,5.0
RB02351,2023-09-22,USA-WEST,Sugarfree,extreme sports,90,730,43723.86,5,6.0
RB03386,2024-09-29,TH-CENTRAL,Original Blue,f1 sponsorship,80,600,21766.55,3,8.0
RB01201,2023-02-12,ASIA-PACIFIC,Tropical Edition,f1 sponsorship,85,753,49192.71,2,7.0
RB07333,2024-09-17,TH-SOUTH,Krating Daeng 250,Social Media,60,539,9800.27,3,9.0
RB04165,2024-06-10,TH-CENTRAL,Krating Daeng 250,extreme sports,60,676,29278.48,1,7.0
RB05415,2024-05-21,TH-NORTH,Red Edition,TV Ad,75,659,58012.94,0,3.0
RB04721,2023-02-24,TH-EAST,Sugarfree,extreme sports,90,512,7603.91,1,10.0
RB03236,2023-05-09,TH-CENTRAL,Tropical Edition,extreme sports,85,573,56898.24,2,7.0
RB01192,2023-07-16,TH-SOUTH,Krating Daeng 250,in-store promo,60,670,21358.95,1,6.0
RB02054,2024-10-07,TH-NORTH,Original Blue,Social Media,80,507,9125.55,1,6.0
RB00876,2024-12-31,USA-EAST,Original Blue,TV Ad,80,568,46046.64,3,8.0
RB03738,2023-11-24,TH-CENTRAL,Red Edition,Social Media,75,443,20102.16,5,7.0
RB00323,2024-09-18,TH-SOUTH,Tropical Edition,f1 sponsorship,85,690,24510.18,3,10.0
RB08971,2024-11-13,TH-NORTH,Tropical Edition,Social Media,85,743,58300.73,1,5.0
RB03317,2024-04-24,TH-CENTRAL,Red Edition,in-store promo,75,700,20516.11,1,8.0
RB02341,2023-12-18,USA-EAST,Krating Daeng 250,extreme sports,60,346,9534.42,1,6.0
RB04360,2023-11-04,USA-WEST,Original Blue,f1 sponsorship,80,489,58825.75,4,2.0
RB00724,2024-09-13,EUROPE-EU,Tropical Edition,Social Media,85,472,28240.37,2,8.0
RB08222,2023-06-04,TH-NORTH,Krating Daeng 250,in-store promo,60,347,52338.51,2,6.0
RB04566,2023-01-03,TH-NORTH,Tropical Edition,f1 sponsorship,85,335,44135.5,3,10.0
RB02946,2023-04-21,TH-CENTRAL,Sugarfree,extreme sports,90,433,36955.26,2,8.0
RB06960,2024-06-04,TH-CENTRAL,Tropical Edition,extreme sports,85,454,53242.24,2,9.0
RB03578,2024-11-24,TH-CENTRAL,Sugarfree,TV Ad,90,709,16673.17,1,6.0
RB08620,2024-01-09,TH-CENTRAL,Krating Daeng 250,Social Media,60,637,32658.19,0,8.0
RB09315,2023-04-05,TH-NORTH,Sugarfree,Social Media,90,430,47228.41,3,6.0
RB09188,2024-01-24,TH-NORTH,Sugarfree,Social Media,90,319,32658.19,1,9.0
RB06852,2024-06-13,TH-NORTH,Original Blue,f1 sponsorship,80,374,48116.49,4,2.0
RB01376,2023-03-26,TH-CENTRAL,Sugarfree,in-store promo,90,590,32658.19,2,8.0
RB04424,2024-05-20,TH-CENTRAL,Sugarfree,TV Ad,90,727,21866.41,2,6.0
RB00126,2023-06-04,USA-WEST,Red Edition,TV Ad,75,276,41305.45,0,10.0
RB00976,2024-12-26,USA-WEST,Sugarfree,f1 sponsorship,90,629,35433.08,2,10.0
RB03934,2024-04-07,TH-SOUTH,Sugarfree,in-store promo,90,360,26572.64,1,10.0
RB07008,2023-05-21,TH-NORTH,Tropical Edition,in-store promo,85,354,16056.32,5,6.0
RB07418,2023-06-12,TH-SOUTH,Tropical Edition,f1 sponsorship,85,631,23153.85,3,7.0
RB06619,2024-05-27,EUROPE-EU,Krating Daeng 250,extreme sports,60,611,22279.39,2,3.0
RB03521,2024-05-24,TH-CENTRAL,Tropical Edition,Social Media,85,827,7241.71,0,8.0
RB00125,2024-08-09,TH-CENTRAL,Red Edition,in-store promo,75,561,19771.77,3,2.0
RB04198,2024-07-18,TH-NORTH,Krating Daeng 250,f1 sponsorship,60,359,23952.68,1,5.0
RB02938,2024-11-01,TH-NORTH,Krating Daeng 250,extreme sports,60,431,55374.31,3,6.0
RB07265,2023-11-03,TH-SOUTH,Original Blue,extreme sports,80,574,23779.79,3,1.0
RB02185,2024-08-15,USA-EAST,Red Edition,Social Media,75,708,32550.67,0,8.0
RB03107,2024-03-18,USA-EAST,Red Edition,TV Ad,75,582,48455.56,2,6.0
RB01592,2024-09-13,TH-SOUTH,Red Edition,extreme sports,75,474,26236.59,3,6.0
RB04201,2024-10-14,TH-NORTH,Tropical Edition,extreme sports,85,702,44253.34,5,6.0
RB05674,2024-09-16,TH-SOUTH,Tropical Edition,extreme sports,85,501,28920.95,5,8.0
RB09100,2024-07-29,USA-EAST,Tropical Edition,f1 sponsorship,85,532,13418.14,2,7.0
RB05992,2024-11-06,TH-NORTH,Original Blue,f1 sponsorship,80,490,23954.51,0,9.0
RB08262,2024-06-22,ASIA-PACIFIC,Red Edition,f1 sponsorship,75,475,28509.41,1,2.0
RB08058,2024-07-31,TH-CENTRAL,Krating Daeng 250,f1 sponsorship,60,393,59810.78,2,7.0
RB03759,2024-11-25,USA-EAST,Original Blue,extreme sports,80,526,33491.88,1,5.0
RB08827,2024-04-02,ASIA-PACIFIC,Sugarfree,TV Ad,90,558,44984.42,2,6.0
RB02083,2024-03-09,TH-CENTRAL,Original Blue,extreme sports,80,421,20701.18,1,4.0
RB08181,2023-08-30,TH-EAST,Krating Daeng 250,Social Media,60,760,50596.12,0,4.0
RB08881,2023-06-23,TH-SOUTH,Red Edition,TV Ad,75,526,40344.99,2,10.0
RB00539,2024-08-11,TH-NORTH,Red Edition,f1 sponsorship,75,656,6721.14,1,9.0
RB06380,2023-12-20,TH-CENTRAL,Sugarfree,Social Media,90,488,10642.64,2,6.0
RB08934,2023-09-23,EUROPE-EU,Krating Daeng 250,f1 sponsorship,60,440,14448.72,2,7.0
RB07905,2024-06-20,TH-SOUTH,Sugarfree,in-store promo,90,538,18143.32,2,7.0
RB06436,2024-02-13,TH-CENTRAL,Original Blue,f1 sponsorship,80,288,24377.17,1,6.0
RB05198,2023-06-11,TH-NORTH,Krating Daeng 250,TV Ad,60,476,18796.91,1,6.0
RB09516,2023-02-21,EUROPE-EU,Original Blue,Social Media,80,625,51806.27,2,7.0
RB08732,2024-06-09,EUROPE-EU,Sugarfree,extreme sports,90,760,20782.87,4,10.0
RB00953,2024-04-17,TH-NORTH,Red Edition,TV Ad,75,561,30907.95,1,1.0
RB02646,2024-01-04,TH-CENTRAL,Tropical Edition,extreme sports,85,613,37158.72,1,6.0
RB02058,2024-03-06,TH-EAST,Krating Daeng 250,f1 sponsorship,60,595,24228.87,1,5.0
RB09284,2024-08-29,TH-SOUTH,Sugarfree,in-store promo,90,475,33050.69,1,8.0
RB08712,2024-10-05,TH-NORTH,Krating Daeng 250,extreme sports,60,522,47152.07,3,2.0
RB02461,2024-09-13,USA-WEST,Red Edition,f1 sponsorship,75,715,59663.85,2,10.0
RB00139,2023-09-23,TH-EAST,Original Blue,TV Ad,80,565,31041.47,2,8.0
RB01034,2024-01-10,TH-CENTRAL,Tropical Edition,extreme sports,85,550,34833.39,2,9.0
RB09384,2023-03-14,USA-WEST,Krating Daeng 250,Social Media,60,623,49486.1,2,7.0
RB00566,2023-05-23,USA-WEST,Tropical Edition,extreme sports,85,569,20752.94,4,7.0
RB08743,2024-06-09,EUROPE-EU,Original Blue,f1 sponsorship,80,462,8785.75,4,4.0
RB00371,2024-05-11,USA-WEST,Tropical Edition,f1 sponsorship,85,423,54518.93,1,2.0
RB07413,2024-12-23,TH-EAST,Original Blue,extreme sports,80,658,24833.05,3,9.0
RB03270,2024-10-27,TH-CENTRAL,Red Edition,in-store promo,75,578,7645.19,2,10.0
RB07314,2023-07-10,USA-WEST,Red Edition,TV Ad,75,582,6553.32,0,6.0
RB02720,2023-03-14,USA-EAST,Krating Daeng 250,TV Ad,60,469,48775.79,2,7.0
RB09352,2023-02-19,USA-EAST,Original Blue,f1 sponsorship,80,475,53473.55,2,4.0
RB07349,2023-06-08,TH-CENTRAL,Red Edition,in-store promo,75,586,42168.43,2,5.0
RB05233,2024-07-15,USA-WEST,Red Edition,Social Media,75,579,22806.38,4,2.0
RB02152,2023-02-09,TH-EAST,Original Blue,TV Ad,80,518,40191.02,2,7.0
RB00401,2023-11-08,TH-CENTRAL,Tropical Edition,f1 sponsorship,85,659,32658.19,2,9.0
RB02027,2023-03-26,TH-CENTRAL,Original Blue,extreme sports,80,596,34238.01,4,6.0
RB01280,2024-07-17,TH-SOUTH,Tropical Edition,in-store promo,85,595,49640.38,5,10.0
RB00508,2023-06-20,ASIA-PACIFIC,Sugarfree,in-store promo,90,372,40293.82,0,9.0
RB07817,2024-07-20,TH-NORTH,Sugarfree,f1 sponsorship,90,389,49284.84,0,4.0
RB01489,2023-02-01,USA-EAST,Sugarfree,extreme sports,90,547,11617.89,2,8.0
RB03797,2023-02-23,USA-EAST,Red Edition,Social Media,75,490,22581.72,4,4.0
RB02414,2024-01-22,ASIA-PACIFIC,Original Blue,Social Media,80,646,55610.74,2,5.0
RB04626,2024-05-27,EUROPE-EU,Original Blue,Social Media,80,469,58160.62,2,8.0
RB04736,2024-11-10,ASIA-PACIFIC,Original Blue,f1 sponsorship,80,540,31265.16,5,7.0
RB07615,2023-01-22,TH-SOUTH,Original Blue,in-store promo,80,491,47266.68,5,6.0
RB08551,2024-10-20,TH-NORTH,Krating Daeng 250,Social Media,60,681,11121.82,2,6.0
RB03821,2024-08-17,TH-CENTRAL,Krating Daeng 250,f1 sponsorship,60,454,5085.64,3,7.0
RB00478,2024-10-29,ASIA-PACIFIC,Original Blue,f1 sponsorship,80,754,45378.7,2,9.0
RB09391,2024-03-18,TH-EAST,Original Blue,Social Media,80,588,30830.48,0,9.0
RB01996,2024-08-03,TH-SOUTH,Red Edition,in-store promo,75,338,38325.43,3,6.0
RB08060,2024-03-29,TH-NORTH,Tropical Edition,extreme sports,85,583,46369.63,1,4.0
RB01974,2023-11-08,TH-CENTRAL,Sugarfree,in-store promo,90,352,28795.68,4,8.0
RB00187,2023-09-12,TH-CENTRAL,Red Edition,TV Ad,75,593,29085.71,3,4.0
RB06450,2023-04-27,TH-CENTRAL,Original Blue,f1 sponsorship,80,506,44984.75,2,10.0
RB01746,2023-12-03,TH-NORTH,Tropical Edition,f1 sponsorship,85,381,45205.9,2,7.0
RB02367,2024-11-02,USA-WEST,Red Edition,Social Media,75,544,36001.21,5,6.0
RB01374,2023-03-30,USA-EAST,Sugarfree,in-store promo,90,536,14474.33,0,8.0
RB08907,2024-08-30,TH-EAST,Sugarfree,f1 sponsorship,90,588,10075.63,0,7.0
RB06612,2024-06-27,ASIA-PACIFIC,Krating Daeng 250,f1 sponsorship,60,687,41493.75,5,7.0
RB07146,2023-04-28,TH-CENTRAL,Tropical Edition,Social Media,85,535,20991.31,0,3.0
RB05555,2023-04-05,ASIA-PACIFIC,Krating Daeng 250,in-store promo,60,699,52604.44,2,1.0
RB00578,2024-05-22,TH-SOUTH,Original Blue,extreme sports,80,396,32815.64,2,3.0
RB09385,2024-01-08,TH-CENTRAL,Sugarfree,f1 sponsorship,90,702,27685.42,3,9.0
RB00070,2024-08-24,USA-EAST,Sugarfree,extreme sports,90,546,29791.71,3,5.0
RB08006,2023-06-14,TH-EAST,Krating Daeng 250,TV Ad,60,529,32658.19,1,8.0
RB02154,2024-04-15,TH-CENTRAL,Red Edition,in-store promo,75,398,23945.85,2,4.0
RB07729,2023-07-28,TH-EAST,Original Blue,TV Ad,80,573,23094.79,1,6.0
RB05443,2024-10-27,USA-EAST,Tropical Edition,in-store promo,85,652,19643.39,1,3.0
RB00471,2023-05-17,TH-CENTRAL,Red Edition,TV Ad,75,613,48613.06,0,2.0
RB07685,2023-02-12,USA-WEST,Original Blue,in-store promo,80,518,43831.65,2,6.0
RB07266,2023-03-27,USA-WEST,Krating Daeng 250,Social Media,60,606,12717.75,5,6.0
RB06691,2023-12-06,USA-EAST,Red Edition,Social Media,75,670,53662.52,1,6.0
RB00720,2023-04-18,TH-NORTH,Red Edition,in-store promo,75,614,32945.6,4,4.0
RB05097,2024-03-03,USA-EAST,Krating Daeng 250,Social Media,60,701,44616.94,2,8.0
RB02321,2024-08-18,TH-CENTRAL,Original Blue,Social Media,80,468,9374.06,3,10.0
RB08303,2024-09-09,USA-WEST,Krating Daeng 250,in-store promo,60,735,44387.0,0,1.0
RB07374,2024-09-18,TH-SOUTH,Sugarfree,f1 sponsorship,90,502,58773.11,1,4.0
RB06487,2023-10-08,USA-EAST,Red Edition,f1 sponsorship,75,413,32111.45,0,5.0
RB08042,2023-12-16,TH-NORTH,Red Edition,in-store promo,75,411,19162.93,1,4.0
RB08987,2023-05-12,TH-CENTRAL,Krating Daeng 250,TV Ad,60,448,34774.33,3,10.0
RB09551,2023-05-22,EUROPE-EU,Krating Daeng 250,Social Media,60,679,10903.04,2,5.0
RB04081,2024-05-17,TH-CENTRAL,Original Blue,in-store promo,80,641,28668.11,2,4.0
RB05434,2024-06-04,TH-SOUTH,Sugarfree,f1 sponsorship,90,527,40193.25,0,8.0
RB09175,2023-06-29,TH-EAST,Red Edition,TV Ad,75,670,7619.87,0,10.0
RB00837,2024-04-25,TH-NORTH,Red Edition,f1 sponsorship,75,614,36404.17,1,6.0
RB02108,2024-06-20,TH-NORTH,Original Blue,f1 sponsorship,80,520,16818.49,0,5.0
RB08576,2023-07-21,TH-NORTH,Red Edition,Social Media,75,587,45913.26,3,6.0
RB06286,2023-12-04,TH-EAST,Red Edition,extreme sports,75,464,43287.65,4,4.0
RB07427,2023-02-15,TH-CENTRAL,Red Edition,TV Ad,75,496,52586.65,4,4.0
RB05838,2024-06-01,USA-EAST,Sugarfree,in-store promo,90,618,20861.88,1,5.0
RB05861,2023-01-13,USA-WEST,Tropical Edition,f1 sponsorship,85,593,31663.93,2,8.0
RB06275-DUP,2024-03-26,TH-EAST,Original Blue,Social Media,80,437,25182.26,3,7.0
RB04196,2024-08-14,TH-SOUTH,Krating Daeng 250,f1 sponsorship,60,532,27827.38,3,8.0
RB05189,2023-08-18,TH-NORTH,Sugarfree,in-store promo,90,486,33399.55,3,6.0
RB04800,2024-04-05,TH-CENTRAL,Tropical Edition,TV Ad,85,479,50710.42,2,3.0
RB01417,2024-03-15,USA-EAST,Krating Daeng 250,extreme sports,60,532,43061.87,3,7.0
RB00968,2023-10-16,USA-WEST,Sugarfree,extreme sports,90,607,29648.47,2,6.0
RB02629,2023-09-23,TH-EAST,Tropical Edition,TV Ad,85,585,6566.78,3,3.0
RB05229,2024-02-15,TH-EAST,Tropical Edition,in-store promo,85,675,22267.58,2,5.0
RB07168,2023-06-05,USA-EAST,Red Edition,f1 sponsorship,75,405,9891.92,0,6.0
RB07978,2024-03-29,USA-EAST,Original Blue,f1 sponsorship,80,592,55765.5,3,4.0
RB05377,2023-03-25,USA-EAST,Krating Daeng 250,TV Ad,60,672,58091.72,1,8.0
RB00521,2023-04-30,USA-EAST,Original Blue,in-store promo,80,490,11150.29,0,9.0
RB01576,2024-02-26,TH-SOUTH,Tropical Edition,f1 sponsorship,85,636,40837.26,0,6.0
RB01439,2024-12-30,TH-CENTRAL,Sugarfree,Social Media,90,462,40914.78,2,4.0
RB08019,2024-10-22,EUROPE-EU,Sugarfree,in-store promo,90,741,7684.22,2,3.0
RB02631,2023-05-16,TH-SOUTH,Krating Daeng 250,TV Ad,60,316,48110.21,1,6.0
RB01636,2024-04-19,TH-CENTRAL,Krating Daeng 250,in-store promo,60,408,26465.11,2,9.0
RB08961,2024-02-22,USA-EAST,Krating Daeng 250,f1 sponsorship,60,536,9335.52,5,4.0
RB03094,2024-06-09,ASIA-PACIFIC,Krating Daeng 250,f1 sponsorship,60,509,24348.14,5,9.0
RB02450,2023-05-14,TH-EAST,Original Blue,Social Media,80,579,24565.22,1,6.0
RB03354,2024-08-14,USA-WEST,Tropical Edition,in-store promo,85,766,47679.32,5,10.0
RB08213,2024-09-10,TH-SOUTH,Sugarfree,in-store promo,90,710,32328.31,4,3.0
RB01377,2023-01-23,TH-CENTRAL,Tropical Edition,f1 sponsorship,85,463,48423.47,2,6.0
RB04758,2023-11-24,TH-CENTRAL,Krating Daeng 250,f1 sponsorship,60,533,35678.87,1,6.0
RB05807,2024-12-28,TH-NORTH,Krating Daeng 250,Social Media,60,415,42846.18,0,10.0
RB04678,2023-04-26,ASIA-PACIFIC,Krating Daeng 250,TV Ad,60,714,36738.56,3,6.0
RB09207,2024-04-16,TH-NORTH,Tropical Edition,TV Ad,85,571,48523.58,5,4.0
RB05102,2024-11-13,TH-CENTRAL,Krating Daeng 250,TV Ad,60,687,53318.08,2,7.0
RB03892,2023-11-15,TH-CENTRAL,Krating Daeng 250,in-store promo,60,436,29307.58,4,8.0
RB07725,2024-10-16,EUROPE-EU,Tropical Edition,f1 sponsorship,85,600,27054.61,4,6.0
RB04980,2023-10-19,USA-EAST,Krating Daeng 250,Social Media,60,405,11370.35,1,7.0
RB02344,2023-11-08,USA-EAST,Red Edition,f1 sponsorship,75,627,11938.26,0,4.0
RB06848,2023-11-26,TH-NORTH,Krating Daeng 250,extreme sports,60,539,8143.56,4,5.0
RB00878,2024-11-12,TH-CENTRAL,Original Blue,f1 sponsorship,80,525,51939.43,4,6.0
RB02219,2024-07-06,TH-NORTH,Sugarfree,Social Media,90,323,19296.56,2,7.0
RB08665,2023-07-02,TH-SOUTH,Sugarfree,TV Ad,90,630,20745.54,0,3.0
RB04265,2023-08-19,TH-EAST,Red Edition,TV Ad,75,476,55080.31,0,6.0
RB03805,2024-07-31,EUROPE-EU,Red Edition,extreme sports,75,700,33119.04,4,6.0
RB06176,2024-01-29,TH-NORTH,Original Blue,in-store promo,80,471,9733.35,3,9.0
RB08096,2024-05-18,TH-NORTH,Sugarfree,TV Ad,90,387,14224.85,3,2.0
RB00183,2023-12-06,USA-EAST,Original Blue,Social Media,80,546,56501.45,2,6.0
RB08030,2024-12-15,TH-NORTH,Red Edition,Social Media,75,496,59919.84,1,7.0
RB01208,2023-07-20,USA-WEST,Sugarfree,in-store promo,90,595,19664.89,4,9.0
RB05975,2024-02-11,USA-WEST,Red Edition,Social Media,75,485,33046.42,4,8.0
RB02146,2024-02-15,TH-EAST,Sugarfree,TV Ad,90,459,28316.86,3,7.0
RB03590,2023-01-07,TH-CENTRAL,Sugarfree,extreme sports,90,567,51534.28,1,6.0
RB07584,2023-12-02,EUROPE-EU,Red Edition,in-store promo,75,645,59778.62,1,3.0
RB03561,2023-12-13,TH-EAST,Red Edition,TV Ad,75,431,10175.18,2,10.0
RB01984,2023-08-28,TH-CENTRAL,Original Blue,extreme sports,80,546,12666.56,1,2.0
RB04924,2024-11-25,TH-EAST,Tropical Edition,extreme sports,85,770,58505.7,3,6.0
RB07024,2024-09-27,TH-NORTH,Red Edition,Social Media,75,621,27771.23,1,6.0
RB04218,2023-09-29,TH-CENTRAL,Red Edition,in-store promo,75,353,58196.14,1,3.0
RB04041,2023-03-01,TH-NORTH,Sugarfree,TV Ad,90,356,24639.01,2,5.0
RB01150,2024-06-27,TH-EAST,Red Edition,TV Ad,75,713,7343.24,1,8.0
RB02879,2024-10-25,ASIA-PACIFIC,Krating Daeng 250,TV Ad,60,379,10085.02,5,3.0
RB05852,2023-10-13,TH-EAST,Sugarfree,extreme sports,90,657,5067.54,5,9.0
RB00044,2023-05-05,TH-EAST,Original Blue,extreme sports,80,338,55734.56,2,3.0
RB00711,2023-07-25,TH-SOUTH,Original Blue,f1 sponsorship,80,606,20339.07,3,6.0
RB04057,2023-10-26,TH-CENTRAL,Original Blue,in-store promo,80,498,56952.06,3,8.0
RB09305,2023-02-08,TH-EAST,Sugarfree,Social Media,90,668,8481.52,2,8.0
RB07459,2024-12-12,TH-NORTH,Red Edition,f1 sponsorship,75,831,53708.23,5,6.0
RB07807,2023-02-08,TH-EAST,Original Blue,extreme sports,80,662,32570.47,3,4.0
RB05163,2024-01-01,TH-NORTH,Krating Daeng 250,extreme sports,60,344,6708.52,2,6.0
RB08431,2023-12-18,USA-WEST,Red Edition,in-store promo,75,787,36721.98,1,7.0
RB00809,2023-06-03,ASIA-PACIFIC,Original Blue,f1 sponsorship,80,617,26103.62,0,6.0
RB09277,2024-09-30,TH-EAST,Red Edition,f1 sponsorship,75,567,45326.59,5,7.0
RB00852,2023-05-09,USA-EAST,Red Edition,extreme sports,75,540,34115.33,4,8.0
RB04605,2023-10-31,TH-NORTH,Krating Daeng 250,f1 sponsorship,60,536,6362.83,3,5.0
RB03316,2023-01-24,TH-EAST,Tropical Edition,in-store promo,85,585,28006.72,2,5.0
RB01812,2023-09-28,TH-CENTRAL,Tropical Edition,in-store promo,85,527,45617.16,3,9.0
RB07845,2023-11-24,EUROPE-EU,Sugarfree,TV Ad,90,696,42792.07,1,4.0
RB01332,2024-09-14,TH-EAST,Tropical Edition,TV Ad,85,521,44699.44,1,6.0
RB04986,2023-08-29,USA-WEST,Tropical Edition,in-store promo,85,563,13357.91,3,5.0
RB02368,2024-12-22,USA-EAST,Sugarfree,in-store promo,90,496,45495.41,0,3.0
RB03602,2023-03-17,TH-NORTH,Red Edition,TV Ad,75,650,22938.77,0,9.0
RB08221,2024-05-27,USA-WEST,Red Edition,f1 sponsorship,75,560,51443.69,5,8.0
RB08861,2024-02-29,TH-CENTRAL,Red Edition,Social Media,75,492,28122.59,2,6.0
RB05658,2024-12-20,TH-NORTH,Tropical Edition,extreme sports,85,583,28761.08,3,6.0
RB00724-DUP,2024-09-13,EUROPE-EU,Tropical Edition,Social Media,85,472,28240.37,2,8.0
RB03699,2023-10-03,EUROPE-EU,Original Blue,Social Media,80,688,58889.35,2,6.0
RB00075,2023-12-19,USA-EAST,Original Blue,f1 sponsorship,80,709,48146.07,1,8.0
RB02278,2023-05-29,TH-CENTRAL,Original Blue,extreme sports,80,546,5514.86,2,5.0
RB06347,2024-03-24,EUROPE-EU,Krating Daeng 250,in-store promo,60,381,47769.34,5,4.0
RB05958,2024-05-30,USA-EAST,Krating Daeng 250,TV Ad,60,237,31025.32,3,5.0
RB07550,2024-08-17,TH-NORTH,Krating Daeng 250,in-store promo,60,478,10987.17,0,8.0
RB07221,2023-03-09,USA-EAST,Krating Daeng 250,f1 sponsorship,60,753,7323.86,3,9.0
RB08596,2024-02-02,USA-EAST,Sugarfree,f1 sponsorship,90,743,24244.17,5,3.0
RB07373-DUP,2023-03-13,USA-EAST,Tropical Edition,Social Media,85,461,23885.1,1,9.0
RB08118,2024-07-27,TH-NORTH,Sugarfree,TV Ad,90,823,34281.11,1,6.0
RB08256,2023-07-28,TH-CENTRAL,Sugarfree,f1 sponsorship,90,646,5559.17,3,6.0
RB09118,2023-02-15,TH-NORTH,Tropical Edition,f1 sponsorship,85,720,43677.97,4,10.0
RB01179,2024-10-13,TH-SOUTH,Original Blue,f1 sponsorship,80,523,10168.17,2,6.0
RB06132,2024-03-10,USA-WEST,Original Blue,f1 sponsorship,80,416,37503.71,3,5.0
RB04403,2024-06-22,TH-NORTH,Sugarfree,f1 sponsorship,90,648,56678.84,2,6.0
RB05035,2023-07-24,USA-WEST,Tropical Edition,TV Ad,85,426,46907.75,3,10.0
RB03831,2023-07-30,TH-CENTRAL,Krating Daeng 250,Social Media,60,623,31110.23,1,6.0
RB07196,2023-05-16,TH-CENTRAL,Original Blue,extreme sports,80,374,29022.6,1,3.0
RB00458,2023-10-25,USA-WEST,Original Blue,Social Media,80,451,56220.71,3,2.0
RB02762,2023-12-29,TH-NORTH,Tropical Edition,in-store promo,85,701,49796.67,2,6.0
RB06933,2024-02-29,TH-EAST,Red Edition,in-store promo,75,446,34736.26,1,5.0
RB04203,2024-03-13,USA-WEST,Sugarfree,Social Media,90,696,26622.61,2,9.0
RB07857,2023-02-06,TH-CENTRAL,Original Blue,extreme sports,80,464,54677.97,2,6.0
RB09036,2023-02-19,TH-EAST,Sugarfree,Social Media,90,482,30592.75,2,6.0
RB03803,2023-11-04,TH-SOUTH,Original Blue,TV Ad,80,484,35014.08,0,7.0
RB02800,2024-07-23,TH-CENTRAL,Sugarfree,TV Ad,90,493,59939.73,1,3.0
RB02578,2023-05-04,USA-WEST,Red Edition,in-store promo,75,594,16933.77,4,7.0
RB07088,2024-10-30,USA-EAST,Krating Daeng 250,in-store promo,60,670,33117.89,2,7.0
RB01973,2024-09-04,TH-NORTH,Tropical Edition,extreme sports,85,683,5642.1,1,4.0
RB07268,2024-01-09,TH-CENTRAL,Sugarfree,Social Media,90,621,16519.86,0,3.0
RB09279,2023-11-20,TH-NORTH,Red Edition,extreme sports,75,481,59584.74,4,2.0
RB00487,2024-12-26,USA-WEST,Sugarfree,TV Ad,90,581,9160.49,4,6.0
RB01446,2023-03-26,TH-CENTRAL,Tropical Edition,extreme sports,85,670,12575.92,1,9.0
RB02738,2023-02-20,USA-EAST,Original Blue,in-store promo,80,628,6908.14,1,8.0
RB09434,2024-02-20,USA-EAST,Red Edition,Social Media,75,650,55989.11,5,7.0
RB07796,2024-11-18,TH-NORTH,Red Edition,TV Ad,75,752,15049.52,5,5.0
RB01294,2023-12-02,USA-EAST,Red Edition,Social Media,75,440,53012.14,2,8.0
RB03593,2024-05-15,TH-CENTRAL,Krating Daeng 250,TV Ad,60,504,41952.96,1,9.0
RB05810,2023-09-09,TH-NORTH,Krating Daeng 250,f1 sponsorship,60,494,6131.02,4,4.0
RB03964,2023-09-15,TH-NORTH,Sugarfree,in-store promo,90,569,36964.27,2,6.0
RB01631,2023-02-15,TH-CENTRAL,Sugarfree,in-store promo,90,571,58993.52,0,2.0
RB05909,2023-07-12,TH-CENTRAL,Tropical Edition,Social Media,85,515,49382.47,4,4.0
RB06814,2024-06-16,TH-CENTRAL,Red Edition,in-store promo,75,279,28473.61,2,6.0
RB04800-DUP,2024-04-05,TH-CENTRAL,Tropical Edition,TV Ad,85,479,50710.42,2,3.0
RB05798,2023-04-15,USA-WEST,Krating Daeng 250,Social Media,60,621,57198.41,2,7.0
RB01022,2023-06-25,TH-CENTRAL,Original Blue,TV Ad,80,340,7740.08,4,7.0
RB09335,2024-02-20,EUROPE-EU,Original Blue,TV Ad,80,664,58195.46,2,8.0
RB09479,2023-07-10,EUROPE-EU,Krating Daeng 250,Social Media,60,669,47813.09,3,4.0
RB00608,2024-02-09,TH-CENTRAL,Tropical Edition,extreme sports,85,794,15040.18,1,6.0
RB05085,2023-08-07,TH-NORTH,Tropical Edition,extreme sports,85,616,59290.88,1,9.0
RB02187,2024-03-01,ASIA-PACIFIC,Tropical Edition,Social Media,85,742,46406.41,3,10.0
RB00844,2023-11-02,USA-EAST,Tropical Edition,TV Ad,85,605,32658.19,0,3.0
RB00362,2023-01-16,TH-NORTH,Original Blue,in-store promo,80,514,17957.47,3,9.0
RB00399,2024-09-25,TH-NORTH,Krating Daeng 250,Social Media,60,517,50865.55,4,6.0
RB08523,2023-06-24,TH-EAST,Sugarfree,Social Media,90,686,35026.19,0,4.0
RB05506,2024-12-25,TH-CENTRAL,Sugarfree,extreme sports,90,550,17008.04,5,10.0
RB05809,2024-04-10,USA-EAST,Tropical Edition,Social Media,85,630,8275.4,0,4.0
RB00225,2024-02-13,TH-CENTRAL,Krating Daeng 250,f1 sponsorship,60,646,15116.91,2,7.0
RB08300,2023-12-25,TH-SOUTH,Tropical Edition,TV Ad,85,491,55560.22,5,6.0
RB08548,2024-02-16,TH-EAST,Red Edition,Social Media,75,345,19389.13,2,6.0
RB06606,2024-01-29,USA-WEST,Sugarfree,TV Ad,90,505,26755.89,2,6.0
RB04635,2023-04-09,TH-NORTH,Red Edition,f1 sponsorship,75,583,58007.58,2,6.0
RB04317,2023-05-01,EUROPE-EU,Original Blue,Social Media,80,441,32780.32,2,3.0
RB03459,2024-08-09,TH-CENTRAL,Tropical Edition,extreme sports,85,447,45051.35,3,3.0
RB01431,2023-04-16,TH-CENTRAL,Original Blue,in-store promo,80,450,48087.05,5,9.0
RB05246,2023-05-07,TH-CENTRAL,Krating Daeng 250,Social Media,60,676,6565.81,5,5.0
RB04912,2023-10-31,TH-CENTRAL,Red Edition,f1 sponsorship,75,516,41687.4,1,7.0
RB05976,2024-12-13,TH-SOUTH,Original Blue,TV Ad,80,548,16665.59,1,6.0
RB04442,2024-05-25,TH-EAST,Original Blue,f1 sponsorship,80,379,47953.0,5,9.0
RB08540,2023-04-08,TH-NORTH,Tropical Edition,extreme sports,85,625,58385.21,5,6.0
RB05878,2023-04-21,TH-SOUTH,Original Blue,f1 sponsorship,80,411,27802.2,2,2.0
RB03341,2023-05-02,USA-EAST,Original Blue,f1 sponsorship,80,642,45292.92,0,1.0
RB00591,2024-08-26,EUROPE-EU,Red Edition,TV Ad,75,798,10225.36,1,5.0
RB08099,2023-07-22,EUROPE-EU,Sugarfree,f1 sponsorship,90,618,27417.54,1,6.0
RB06209,2023-01-11,TH-EAST,Original Blue,extreme sports,80,519,42049.55,4,6.0
RB03483,2024-05-14,USA-WEST,Sugarfree,TV Ad,90,481,38617.09,2,10.0
RB04343,2024-11-14,TH-SOUTH,Sugarfree,f1 sponsorship,90,476,36057.07,3,4.0
RB04927,2023-08-14,TH-NORTH,Red Edition,f1 sponsorship,75,370,11499.67,2,2.0
RB08484,2024-08-01,TH-SOUTH,Krating Daeng 250,f1 sponsorship,60,658,47496.48,0,10.0
RB06803,2023-04-30,USA-EAST,Red Edition,in-store promo,75,526,6626.68,5,10.0
RB01908,2024-11-26,USA-EAST,Original Blue,in-store promo,80,496,25046.77,2,9.0
RB00917,2024-07-27,USA-EAST,Tropical Edition,in-store promo,85,513,36045.89,1,9.0
RB08120,2023-03-08,USA-WEST,Red Edition,extreme sports,75,616,47839.32,3,9.0
RB06903,2023-11-23,TH-SOUTH,Krating Daeng 250,in-store promo,60,590,15155.79,3,8.0
RB02240,2023-12-13,TH-NORTH,Sugarfree,Social Media,90,521,32658.19,3,6.0
RB03063,2023-11-11,TH-SOUTH,Original Blue,TV Ad,80,543,39283.82,3,6.0
RB01731,2024-07-04,TH-SOUTH,Sugarfree,extreme sports,90,512,16701.2,2,9.0
RB08981,2023-02-24,TH-CENTRAL,Original Blue,TV Ad,80,454,51380.62,2,6.0
RB03131,2024-12-17,USA-EAST,Krating Daeng 250,extreme sports,60,453,51454.1,3,6.0
RB06686,2024-02-17,TH-EAST,Krating Daeng 250,in-store promo,60,514,32658.19,3,1.0
RB03971,2024-01-16,TH-SOUTH,Krating Daeng 250,f1 sponsorship,60,439,20275.54,5,6.0
RB04341,2023-11-22,TH-SOUTH,Tropical Edition,f1 sponsorship,85,486,56683.0,3,9.0
RB07491,2024-06-19,USA-EAST,Tropical Edition,f1 sponsorship,85,569,41592.98,3,4.0
RB09559,2023-06-23,TH-CENTRAL,Red Edition,Social Media,75,770,9448.53,2,6.0
RB07204,2023-12-30,TH-CENTRAL,Red Edition,TV Ad,75,561,56763.14,3,8.0
RB05167-DUP,2024-04-21,USA-EAST,Red Edition,extreme sports,75,539,24468.45,4,8.0
RB00396,2023-12-02,TH-CENTRAL,Krating Daeng 250,Social Media,60,721,5311.99,2,6.0
RB06298,2024-07-08,EUROPE-EU,Tropical Edition,extreme sports,85,519,43814.28,0,6.0
RB03658,2024-05-22,USA-WEST,Sugarfree,TV Ad,90,508,47084.31,3,7.0
RB05511,2023-11-03,TH-NORTH,Original Blue,f1 sponsorship,80,466,6460.6,3,9.0
RB05526-DUP,2023-08-20,USA-EAST,Original Blue,extreme sports,80,734,44643.1,1,10.0
RB06422,2024-04-08,ASIA-PACIFIC,Krating Daeng 250,TV Ad,60,734,54565.12,2,9.0
RB07562,2024-10-06,USA-EAST,Original Blue,in-store promo,80,378,30333.04,2,5.0
RB04564,2024-10-16,TH-CENTRAL,Red Edition,f1 sponsorship,75,687,36648.71,0,7.0
RB05107,2024-08-17,EUROPE-EU,Original Blue,Social Media,80,600,57838.91,1,6.0
RB08456,2024-06-22,TH-NORTH,Krating Daeng 250,TV Ad,60,441,37047.35,2,8.0
RB01930,2023-03-16,TH-CENTRAL,Original Blue,Social Media,80,428,34075.12,1,4.0
RB03159,2024-08-22,USA-EAST,Krating Daeng 250,Social Media,60,481,13117.01,3,4.0
RB01229,2023-03-03,TH-EAST,Tropical Edition,f1 sponsorship,85,489,23899.16,2,8.0
RB02913,2023-09-19,USA-WEST,Krating Daeng 250,in-store promo,60,643,7756.64,1,5.0
RB00673,2024-07-20,USA-EAST,Tropical Edition,Social Media,85,605,14186.12,0,4.0
RB02934,2023-11-06,TH-NORTH,Original Blue,Social Media,80,337,9274.96,2,6.0
RB07966,2023-12-20,USA-WEST,Red Edition,f1 sponsorship,75,311,49925.95,2,8.0
RB00941,2024-09-22,ASIA-PACIFIC,Krating Daeng 250,TV Ad,60,460,39663.79,1,6.0
RB00421,2023-12-12,TH-NORTH,Sugarfree,f1 sponsorship,90,620,37663.43,3,10.0
RB09225,2023-05-24,USA-WEST,Tropical Edition,f1 sponsorship,85,606,15910.12,5,4.0
RB01905,2024-02-27,TH-CENTRAL,Original Blue,TV Ad,80,361,13718.72,2,10.0
RB00271,2023-12-11,USA-EAST,Red Edition,in-store promo,75,440,48289.32,2,9.0
RB02132,2023-02-14,TH-CENTRAL,Krating Daeng 250,extreme sports,60,618,15868.5,4,4.0
RB03766,2023-11-01,USA-WEST,Sugarfree,f1 sponsorship,90,679,22218.49,2,7.0
RB06614,2024-07-25,EUROPE-EU,Red Edition,TV Ad,75,470,48592.16,1,8.0
RB07470,2023-04-11,TH-NORTH,Red Edition,f1 sponsorship,75,499,32038.62,3,6.0
RB07275,2023-09-10,TH-CENTRAL,Original Blue,Social Media,80,641,14879.22,1,9.0
RB04965,2023-02-28,EUROPE-EU,Original Blue,TV Ad,80,606,32658.19,2,9.0
RB05122,2024-12-24,TH-SOUTH,Krating Daeng 250,in-store promo,60,530,17612.87,1,5.0
RB09259,2024-08-11,TH-NORTH,Tropical Edition,f1 sponsorship,85,425,5982.96,1,9.0
RB00424,2023-05-22,TH-NORTH,Sugarfree,Social Media,90,523,46329.73,2,2.0
RB07081,2024-03-14,USA-EAST,Sugarfree,extreme sports,90,433,49584.49,2,5.0
RB01800,2024-05-20,ASIA-PACIFIC,Krating Daeng 250,TV Ad,60,268,27796.75,3,10.0
RB05761,2023-09-18,TH-CENTRAL,Sugarfree,extreme sports,90,431,24215.86,1,8.0
RB07251,2023-12-25,USA-EAST,Tropical Edition,Social Media,85,602,57452.8,3,6.0
RB09034,2024-05-11,TH-NORTH,Original Blue,f1 sponsorship,80,614,21328.52,3,6.0
RB08701,2024-02-13,EUROPE-EU,Krating Daeng 250,in-store promo,60,437,44589.72,3,5.0
RB02594,2024-09-25,USA-EAST,Krating Daeng 250,in-store promo,60,553,44770.99,5,6.0
RB04110,2024-07-09,TH-CENTRAL,Red Edition,TV Ad,75,639,58371.07,2,6.0
RB06753,2023-10-14,TH-SOUTH,Red Edition,TV Ad,75,448,35995.4,3,4.0
RB00960,2024-05-19,USA-EAST,Red Edition,TV Ad,75,537,43782.88,4,2.0
RB08653,2024-06-19,USA-EAST,Original Blue,in-store promo,80,610,32658.19,1,7.0
RB00481,2023-09-16,TH-CENTRAL,Red Edition,extreme sports,75,504,46865.44,2,6.0
RB02284,2023-02-28,TH-CENTRAL,Sugarfree,TV Ad,90,498,34931.45,4,8.0
RB04209,2024-04-09,USA-EAST,Tropical Edition,Social Media,85,559,52112.73,3,7.0
RB06166,2024-03-25,TH-NORTH,Original Blue,in-store promo,80,403,40080.65,1,9.0
RB01042,2024-11-10,TH-CENTRAL,Tropical Edition,f1 sponsorship,85,718,19308.61,4,4.0
RB01329,2023-11-06,ASIA-PACIFIC,Original Blue,extreme sports,80,474,58507.13,0,9.0
RB06883,2024-02-28,TH-SOUTH,Tropical Edition,in-store promo,85,543,59344.69,1,4.0
RB08501,2024-08-20,TH-NORTH,Tropical Edition,in-store promo,85,553,18166.97,2,7.0
RB06859,2023-08-23,EUROPE-EU,Sugarfree,extreme sports,90,465,13193.53,2,3.0
RB07665,2023-10-26,TH-SOUTH,Tropical Edition,Social Media,85,440,33013.26,3,5.0
RB02486,2024-12-05,TH-SOUTH,Krating Daeng 250,in-store promo,60,659,12227.36,5,9.0
RB00115,2024-02-22,USA-WEST,Red Edition,in-store promo,75,468,19652.03,1,5.0
RB04996,2023-09-24,TH-NORTH,Tropical Edition,f1 sponsorship,85,479,8235.58,3,7.0
RB03760-DUP,2023-04-30,TH-CENTRAL,Tropical Edition,f1 sponsorship,85,531,44995.48,0,6.0
RB06375,2024-09-26,TH-EAST,Red Edition,TV Ad,75,712,31106.46,4,5.0
RB05116,2023-06-13,TH-EAST,Krating Daeng 250,Social Media,60,551,59006.5,2,6.0
RB00635,2024-04-16,EUROPE-EU,Original Blue,in-store promo,80,534,24123.7,3,8.0
RB07422,2024-12-11,TH-EAST,Krating Daeng 250,f1 sponsorship,60,649,46398.64,5,6.0
RB04297,2023-02-26,TH-CENTRAL,Sugarfree,Social Media,90,714,45397.44,2,8.0
RB01775,2024-11-15,TH-NORTH,Red Edition,extreme sports,75,675,54753.62,0,7.0
RB04183,2024-02-29,TH-SOUTH,Krating Daeng 250,in-store promo,60,624,52744.56,2,6.0
RB05093,2023-05-15,TH-SOUTH,Sugarfree,f1 sponsorship,90,470,19448.33,5,2.0
RB02228,2024-11-19,USA-EAST,Original Blue,f1 sponsorship,80,627,39932.18,2,6.0
RB05615,2024-06-23,TH-NORTH,Red Edition,Social Media,75,617,990812.16,5,5.0
RB08685,2024-09-14,TH-NORTH,Krating Daeng 250,Social Media,60,505,10770.06,3,2.0
RB08126,2024-03-13,TH-EAST,Tropical Edition,Social Media,85,752,16780.04,4,6.0
RB08995-DUP,2024-04-23,TH-CENTRAL,Tropical Edition,in-store promo,85,777,53583.6,5,9.0
RB04372,2024-07-27,TH-CENTRAL,Red Edition,Social Media,75,511,10509.55,3,6.0
RB05565,2023-01-03,EUROPE-EU,Red Edition,TV Ad,75,602,55913.28,1,10.0
RB05136,2023-09-30,TH-EAST,Sugarfree,Social Media,90,337,23270.39,2,6.0
RB05103,2024-09-02,TH-EAST,Krating Daeng 250,f1 sponsorship,60,565,38802.99,3,9.0
RB05444,2024-09-27,TH-CENTRAL,Sugarfree,extreme sports,90,479,40755.0,0,4.0
RB04897,2023-09-15,TH-NORTH,Sugarfree,Social Media,90,611,39680.86,5,10.0
RB00015,2023-04-11,TH-CENTRAL,Red Edition,TV Ad,75,550,56488.38,3,2.0
RB01363,2023-03-28,USA-EAST,Krating Daeng 250,f1 sponsorship,60,707,6064.58,5,10.0
RB07579,2023-05-20,TH-EAST,Krating Daeng 250,Social Media,60,313,33537.47,1,5.0
RB01850,2024-02-17,TH-CENTRAL,Krating Daeng 250,extreme sports,60,581,44919.9,2,8.0
RB07272,2023-02-01,TH-SOUTH,Red Edition,in-store promo,75,629,32658.19,4,6.0
RB01309,2024-07-24,TH-CENTRAL,Krating Daeng 250,TV Ad,60,557,18435.67,4,3.0
RB05691,2024-04-29,TH-EAST,Krating Daeng 250,in-store promo,60,625,34390.21,3,4.0
RB05907,2023-07-08,TH-CENTRAL,Krating Daeng 250,in-store promo,60,566,52878.54,5,8.0
RB00328,2023-05-02,TH-EAST,Red Edition,TV Ad,75,545,18849.59,2,4.0
RB06694,2024-10-16,TH-NORTH,Krating Daeng 250,Social Media,60,521,32658.19,3,5.0
RB09082,2024-02-15,TH-SOUTH,Red Edition,in-store promo,75,661,26001.66,0,8.0
RB07563,2024-10-18,USA-WEST,Krating Daeng 250,TV Ad,60,571,53331.87,3,6.0
RB01353,2024-11-24,TH-CENTRAL,Krating Daeng 250,extreme sports,60,468,50077.72,3,4.0
RB05577,2024-04-16,TH-SOUTH,Krating Daeng 250,f1 sponsorship,60,593,33850.34,0,4.0
RB00441,2023-12-25,TH-NORTH,Krating Daeng 250,TV Ad,60,464,31434.01,4,9.0
RB06831,2024-10-29,TH-EAST,Krating Daeng 250,f1 sponsorship,60,410,6066.6,5,4.0
RB03359,2024-07-04,USA-EAST,Krating Daeng 250,extreme sports,60,735,53642.24,2,6.0
RB01102,2023-03-19,TH-CENTRAL,Original Blue,f1 sponsorship,80,724,17948.83,5,9.0
RB00195,2024-05-22,USA-EAST,Krating Daeng 250,f1 sponsorship,60,603,28625.99,4,3.0
RB09149,2024-03-03,TH-EAST,Krating Daeng 250,extreme sports,60,595,57443.85,3,10.0
RB00939,2024-07-24,ASIA-PACIFIC,Krating Daeng 250,in-store promo,60,733,32658.19,2,3.0
RB00036,2023-12-29,TH-CENTRAL,Krating Daeng 250,Social Media,60,682,29084.13,1,1.0
RB06857,2024-11-10,TH-NORTH,Krating Daeng 250,TV Ad,60,324,36786.43,2,2.0
RB02932,2024-01-15,USA-EAST,Red Edition,TV Ad,75,398,55011.85,2,5.0
RB02422,2024-02-09,USA-WEST,Sugarfree,Social Media,90,347,54168.98,2,6.0
RB00449,2024-08-28,TH-SOUTH,Sugarfree,TV Ad,90,466,49295.2,4,6.0
RB07936,2024-12-30,TH-NORTH,Tropical Edition,Social Media,85,427,32019.8,1,4.0
RB04638,2024-11-18,EUROPE-EU,Red Edition,Social Media,75,515,52075.01,2,6.0
RB07338,2023-11-16,TH-EAST,Tropical Edition,extreme sports,85,600,25315.85,4,10.0
RB08785,2024-05-27,USA-EAST,Original Blue,extreme sports,80,697,35191.78,2,7.0
RB08158,2024-08-04,EUROPE-EU,Krating Daeng 250,TV Ad,60,409,48876.46,5,3.0
RB02859-DUP,2024-09-05,EUROPE-EU,Tropical Edition,in-store promo,85,598,41499.07,4,4.0
RB04046,2024-08-10,USA-WEST,Krating Daeng 250,TV Ad,60,568,19187.27,2,8.0
RB00643,2023-09-23,TH-EAST,Krating Daeng 250,TV Ad,60,611,43267.17,2,8.0
RB04836,2023-08-05,TH-CENTRAL,Tropical Edition,extreme sports,85,517,32236.44,0,10.0
RB02125,2024-09-18,EUROPE-EU,Sugarfree,extreme sports,90,494,55370.72,1,9.0
RB06749,2024-06-28,USA-WEST,Original Blue,TV Ad,80,472,39762.18,2,7.0
RB01486,2024-04-24,TH-NORTH,Krating Daeng 250,in-store promo,60,553,50715.93,3,4.0
RB02050,2024-03-20,USA-WEST,Sugarfree,Social Media,90,585,50835.09,3,4.0
RB09020,2023-04-09,TH-NORTH,Krating Daeng 250,Social Media,60,518,22040.19,0,5.0
RB03193,2023-12-04,TH-NORTH,Krating Daeng 250,TV Ad,60,637,41930.03,3,4.0
RB09097,2024-07-10,EUROPE-EU,Sugarfree,in-store promo,90,732,53378.68,3,6.0
RB03028,2023-06-25,ASIA-PACIFIC,Red Edition,Social Media,75,727,50120.08,5,5.0
RB06570,2024-04-15,USA-WEST,Krating Daeng 250,in-store promo,60,455,58724.82,1,10.0
RB00415,2024-11-14,USA-EAST,Krating Daeng 250,Social Media,60,446,40395.1,5,8.0
RB01971,2023-11-29,TH-NORTH,Red Edition,extreme sports,75,392,32831.83,2,8.0
RB01610,2024-07-25,TH-NORTH,Original Blue,extreme sports,80,520,44635.88,2,6.0
RB01443,2024-07-27,TH-SOUTH,Red Edition,extreme sports,75,661,34064.98,3,5.0
RB06918,2024-07-03,TH-EAST,Tropical Edition,in-store promo,85,405,37869.53,1,9.0
RB05699,2023-08-12,EUROPE-EU,Original Blue,Social Media,80,584,33215.67,2,2.0
RB03887,2023-12-08,USA-EAST,Red Edition,f1 sponsorship,75,711,56397.84,5,7.0
RB03960,2023-07-22,TH-EAST,Tropical Edition,TV Ad,85,502,40537.29,0,7.0
RB00984,2024-02-09,TH-CENTRAL,Tropical Edition,in-store promo,85,580,40305.85,1,4.0
RB01990,2023-10-08,USA-EAST,Krating Daeng 250,Social Media,60,584,45950.13,1,4.0
RB05642,2024-02-09,TH-EAST,Tropical Edition,TV Ad,85,554,53273.37,1,4.0
RB03753,2024-09-29,TH-EAST,Tropical Edition,Social Media,85,560,32658.19,2,6.0
RB02232,2023-07-18,TH-NORTH,Original Blue,TV Ad,80,371,25627.02,5,1.0
RB02059,2024-06-27,USA-WEST,Red Edition,Social Media,75,530,52398.84,1,3.0
RB06227,2023-09-21,TH-CENTRAL,Tropical Edition,f1 sponsorship,85,531,48444.77,0,6.0
RB08846,2024-04-21,TH-SOUTH,Tropical Edition,in-store promo,85,582,7607.98,2,1.0
RB04634,2024-07-20,USA-EAST,Tropical Edition,f1 sponsorship,85,690,11258.59,5,4.0
RB02680,2024-05-07,TH-NORTH,Sugarfree,Social Media,90,424,35272.85,5,6.0
RB01738,2024-08-14,TH-CENTRAL,Krating Daeng 250,in-store promo,60,545,39624.84,3,2.0
RB08137,2024-11-28,USA-EAST,Krating Daeng 250,in-store promo,60,637,7937.43,2,3.0
RB00802,2024-07-14,TH-CENTRAL,Original Blue,f1 sponsorship,80,787,24140.92,4,10.0
RB03617,2024-10-17,ASIA-PACIFIC,Original Blue,Social Media,80,581,32658.19,2,3.0
RB03454,2024-02-25,TH-EAST,Original Blue,in-store promo,80,252,51599.81,1,9.0
RB08859,2024-04-21,ASIA-PACIFIC,Sugarfree,in-store promo,90,450,42498.36,2,6.0
RB02396,2024-08-05,USA-EAST,Sugarfree,extreme sports,90,296,12058.2,5,9.0
RB00431,2024-02-28,TH-NORTH,Tropical Edition,f1 sponsorship,85,475,25353.1,4,4.0
RB04362,2024-10-17,TH-SOUTH,Krating Daeng 250,Social Media,60,614,16492.95,2,6.0
RB09071,2023-10-31,TH-SOUTH,Red Edition,extreme sports,75,562,28168.46,4,6.0
RB02250,2023-03-13,TH-SOUTH,Original Blue,extreme sports,80,373,36085.37,1,3.0
RB03164,2024-06-25,EUROPE-EU,Original Blue,TV Ad,80,545,38849.3,3,7.0
RB04190,2023-05-22,EUROPE-EU,Sugarfree,in-store promo,90,591,30776.92,1,2.0
RB06438,2023-02-02,TH-CENTRAL,Sugarfree,TV Ad,90,533,26136.33,3,10.0
RB02666,2023-01-15,TH-NORTH,Tropical Edition,f1 sponsorship,85,706,8575.55,2,2.0
RB06634,2023-04-29,TH-NORTH,Red Edition,extreme sports,75,619,58392.66,2,7.0
RB03050,2023-05-20,ASIA-PACIFIC,Red Edition,TV Ad,75,789,45163.97,5,6.0
RB01078,2023-08-06,TH-EAST,Original Blue,TV Ad,80,616,32658.19,2,1.0
RB09363,2024-04-28,TH-NORTH,Krating Daeng 250,TV Ad,60,484,53172.82,3,6.0
RB00602,2024-04-10,ASIA-PACIFIC,Sugarfree,in-store promo,90,462,20755.52,1,7.0
RB00714,2023-12-09,USA-EAST,Krating Daeng 250,Social Media,60,535,15498.38,2,6.0
RB03141,2024-01-21,USA-WEST,Krating Daeng 250,TV Ad,60,700,24601.2,2,6.0
RB01232,2024-08-20,USA-EAST,Sugarfree,TV Ad,90,517,48381.48,4,1.0
RB03976,2024-02-16,TH-NORTH,Krating Daeng 250,f1 sponsorship,60,364,50843.8,0,10.0
RB03284,2024-05-24,TH-CENTRAL,Sugarfree,f1 sponsorship,90,725,38985.19,1,4.0
RB03834,2024-12-17,TH-NORTH,Red Edition,extreme sports,75,415,5361.14,2,9.0
RB05929,2024-04-23,TH-NORTH,Red Edition,TV Ad,75,493,6347.47,1,6.0
RB08155,2024-08-24,TH-SOUTH,Tropical Edition,f1 sponsorship,85,482,44751.45,4,6.0
RB00653,2023-09-13,TH-SOUTH,Krating Daeng 250,f1 sponsorship,60,475,6467.46,70,1.0
RB07534,2024-03-21,TH-CENTRAL,Original Blue,extreme sports,80,483,22672.11,1,7.0
RB05457,2024-02-26,TH-NORTH,Krating Daeng 250,TV Ad,60,654,32658.19,1,6.0
RB06924,2023-05-07,TH-NORTH,Sugarfree,TV Ad,90,512,10570.02,1,6.0
RB00133,2023-07-20,EUROPE-EU,Krating Daeng 250,in-store promo,60,642,15027.05,5,7.0
RB04376,2023-09-15,TH-NORTH,Krating Daeng 250,extreme sports,60,446,10709.49,1,5.0
RB09070,2024-01-09,USA-EAST,Original Blue,f1 sponsorship,80,387,48834.83,5,2.0
RB06321,2023-05-24,TH-CENTRAL,Krating Daeng 250,extreme sports,60,603,15714.43,3,5.0
RB01217,2024-12-14,USA-WEST,Sugarfree,f1 sponsorship,90,652,17100.28,2,6.0
RB07395,2024-12-15,EUROPE-EU,Krating Daeng 250,Social Media,60,492,29146.64,1,10.0
RB00798,2023-05-13,EUROPE-EU,Red Edition,TV Ad,75,527,41050.14,3,6.0
RB05602,2024-02-14,TH-EAST,Tropical Edition,extreme sports,85,597,17432.49,5,4.0
RB08124,2023-03-21,TH-SOUTH,Sugarfree,f1 sponsorship,90,381,42727.32,5,4.0
RB05781,2024-11-06,USA-EAST,Tropical Edition,in-store promo,85,579,21125.59,1,4.0
RB07943,2023-07-19,TH-NORTH,Tropical Edition,TV Ad,85,640,16975.43,3,5.0
RB05911,2023-05-05,TH-NORTH,Original Blue,Social Media,80,520,56735.33,2,6.0
RB02274-DUP,2023-01-14,TH-NORTH,Red Edition,TV Ad,75,487,8045.69,3,5.0
RB04367,2023-12-24,TH-NORTH,Sugarfree,TV Ad,90,350,7145.17,0,10.0
RB04112,2024-03-19,TH-CENTRAL,Krating Daeng 250,f1 sponsorship,60,555,6024.27,2,2.0
RB08724,2023-07-31,ASIA-PACIFIC,Red Edition,Social Media,75,648,32658.19,4,7.0
RB02472,2023-11-28,USA-EAST,Krating Daeng 250,Social Media,60,319,22716.67,2,10.0
RB04716,2024-05-02,TH-CENTRAL,Sugarfree,f1 sponsorship,90,508,35633.59,2,5.0
RB09532,2024-12-28,EUROPE-EU,Tropical Edition,extreme sports,85,923,45172.21,2,1.0
RB00514,2024-03-23,EUROPE-EU,Red Edition,f1 sponsorship,75,380,54470.74,2,2.0
RB06508,2024-04-26,TH-NORTH,Original Blue,TV Ad,80,529,58417.16,1,3.0
RB05710,2024-12-01,EUROPE-EU,Sugarfree,f1 sponsorship,90,670,40199.77,4,5.0
RB00443,2023-04-27,TH-NORTH,Sugarfree,extreme sports,90,514,59855.72,3,5.0
RB01214,2023-10-29,TH-NORTH,Original Blue,in-store promo,80,502,15587.59,2,8.0
RB08216,2023-04-14,USA-WEST,Sugarfree,in-store promo,90,664,56783.98,2,6.0
RB08344,2023-09-04,USA-WEST,Original Blue,in-store promo,80,426,44793.09,3,4.0
RB01913,2023-08-02,TH-NORTH,Red Edition,extreme sports,75,408,29087.45,2,4.0
RB07951,2023-11-25,TH-NORTH,Red Edition,extreme sports,75,718,17507.52,2,4.0
RB08797,2023-02-26,USA-EAST,Original Blue,in-store promo,80,484,29931.83,5,5.0
RB05018,2024-11-16,USA-EAST,Tropical Edition,extreme sports,85,608,22427.81,3,7.0
RB09345,2023-11-07,TH-NORTH,Red Edition,TV Ad,75,707,16025.94,1,7.0
RB08858,2023-05-01,TH-CENTRAL,Krating Daeng 250,TV Ad,60,601,43440.6,2,6.0
RB06934,2023-02-13,TH-NORTH,Original Blue,extreme sports,80,561,42461.31,4,9.0
RB01051,2023-10-29,USA-WEST,Tropical Edition,extreme sports,85,407,58142.53,1,2.0
RB05244,2023-02-07,TH-SOUTH,Original Blue,TV Ad,80,320,11755.35,2,6.0
RB00580,2024-06-27,TH-NORTH,Sugarfree,in-store promo,90,671,50131.85,2,5.0
RB05919,2024-07-30,TH-CENTRAL,Krating Daeng 250,TV Ad,60,859,44674.15,5,3.0
RB05400,2024-05-10,USA-EAST,Red Edition,Social Media,75,476,34399.2,2,2.0
RB05349,2024-12-11,TH-CENTRAL,Tropical Edition,extreme sports,85,465,13861.85,1,9.0
RB05214,2023-03-14,TH-EAST,Krating Daeng 250,extreme sports,60,415,15211.64,2,7.0
RB06732,2023-03-07,USA-EAST,Sugarfree,Social Media,90,522,25703.87,1,3.0
RB00579,2024-06-12,USA-WEST,Krating Daeng 250,f1 sponsorship,60,555,47422.19,0,10.0
RB05962,2023-05-18,TH-NORTH,Sugarfree,TV Ad,90,681,58043.94,2,9.0
RB03612,2023-07-28,TH-NORTH,Tropical Edition,in-store promo,85,419,12185.26,5,7.0
RB03190,2023-04-11,TH-SOUTH,Original Blue,f1 sponsorship,80,762,27286.67,4,10.0
RB07291,2023-10-27,TH-CENTRAL,Sugarfree,f1 sponsorship,90,495,48812.29,3,3.0
RB04326,2023-10-29,TH-NORTH,Sugarfree,Social Media,90,536,28956.69,0,4.0
RB06916,2023-10-13,TH-CENTRAL,Sugarfree,extreme sports,90,532,16055.25,1,5.0
RB03855,2023-11-22,TH-CENTRAL,Krating Daeng 250,extreme sports,60,773,7036.06,2,6.0
RB03404,2023-09-05,USA-EAST,Red Edition,Social Media,75,541,32658.19,2,4.0
RB04629,2023-05-02,TH-EAST,Original Blue,in-store promo,80,449,33272.77,4,10.0
RB02621,2023-11-07,TH-CENTRAL,Tropical Edition,Social Media,85,578,11178.5,2,7.0
RB02347,2024-11-17,EUROPE-EU,Red Edition,TV Ad,75,529,53116.02,2,4.0
RB01906,2024-09-16,USA-WEST,Krating Daeng 250,extreme sports,60,624,29854.88,5,9.0
RB06884,2024-04-22,EUROPE-EU,Red Edition,in-store promo,75,507,39676.67,2,6.0
RB08564,2023-12-05,TH-CENTRAL,Tropical Edition,Social Media,85,595,11092.45,4,6.0
RB09232,2024-11-12,TH-SOUTH,Tropical Edition,extreme sports,85,475,17833.23,2,6.0
RB01097,2023-05-22,TH-NORTH,Red Edition,in-store promo,75,530,55991.1,4,3.0
RB00272,2024-01-11,USA-EAST,Original Blue,TV Ad,80,433,43319.96,2,7.0
RB05667,2024-04-24,USA-WEST,Krating Daeng 250,TV Ad,60,17882,19609.94,0,4.0
RB00712,2024-07-04,EUROPE-EU,Original Blue,Social Media,80,474,18898.44,4,3.0
RB05562,2023-02-20,ASIA-PACIFIC,Tropical Edition,TV Ad,85,521,38057.23,2,6.0
RB00048,2023-04-29,ASIA-PACIFIC,Tropical Edition,TV Ad,85,447,57748.51,2,8.0
RB09358,2023-06-13,USA-WEST,Tropical Edition,f1 sponsorship,85,565,16740.42,3,8.0
RB02875,2024-12-28,TH-NORTH,Sugarfree,f1 sponsorship,90,419,17264.39,3,8.0
RB00335-DUP,2024-06-27,EUROPE-EU,Original Blue,TV Ad,80,463,26008.33,2,6.0
RB02165,2023-02-15,TH-CENTRAL,Sugarfree,f1 sponsorship,90,679,24168.41,3,5.0
RB02785,2024-05-26,TH-SOUTH,Krating Daeng 250,TV Ad,60,521,48545.42,3,5.0
RB04886,2023-04-03,EUROPE-EU,Tropical Edition,TV Ad,85,451,44921.85,4,7.0
RB02563,2024-12-23,EUROPE-EU,Krating Daeng 250,TV Ad,60,413,57184.21,58,6.0
RB07824,2023-10-25,TH-EAST,Sugarfree,Social Media,90,609,16521.23,3,5.0
RB00554,2023-07-24,TH-NORTH,Tropical Edition,in-store promo,85,520,12152.1,3,6.0
RB00197,2023-07-07,ASIA-PACIFIC,Sugarfree,TV Ad,90,715,19793.16,3,1.0
RB07850,2024-10-28,ASIA-PACIFIC,Krating Daeng 250,TV Ad,60,400,34248.32,1,8.0
RB02945,2023-04-09,USA-EAST,Original Blue,f1 sponsorship,80,568,36398.02,2,6.0
RB03261,2023-06-28,TH-NORTH,Sugarfree,Social Media,90,543,16249.77,0,6.0
RB08263,2023-03-17,USA-EAST,Krating Daeng 250,f1 sponsorship,60,573,49710.02,3,7.0
RB08368,2023-05-31,TH-NORTH,Sugarfree,extreme sports,90,643,18038.82,3,5.0
RB04725,2023-09-16,TH-NORTH,Tropical Edition,TV Ad,85,571,16899.88,2,6.0
RB05118,2024-06-23,TH-CENTRAL,Sugarfree,f1 sponsorship,90,528,53138.23,2,1.0
RB02535,2024-06-04,EUROPE-EU,Krating Daeng 250,in-store promo,60,688,40345.35,3,7.0
RB06898,2023-06-03,TH-NORTH,Krating Daeng 250,in-store promo,60,398,51126.46,1,9.0
RB02522,2024-06-06,TH-CENTRAL,Original Blue,Social Media,80,385,42948.55,1,10.0
RB06253,2024-05-24,TH-NORTH,Tropical Edition,in-store promo,85,550,40196.48,3,6.0
RB00407,2023-06-10,USA-WEST,Tropical Edition,f1 sponsorship,85,636,41519.33,4,6.0
RB01569,2023-01-04,USA-WEST,Original Blue,f1 sponsorship,80,358,40097.5,3,2.0
RB03266,2023-07-21,USA-EAST,Krating Daeng 250,f1 sponsorship,60,599,44098.78,2,10.0
RB03455,2023-04-10,USA-EAST,Sugarfree,extreme sports,90,644,59354.41,2,10.0
RB03052,2024-10-19,TH-CENTRAL,Original Blue,extreme sports,80,567,34458.82,2,4.0
RB02288,2024-05-24,TH-SOUTH,Original Blue,f1 sponsorship,80,883,57006.02,3,7.0
RB01252,2024-06-15,TH-NORTH,Red Edition,extreme sports,75,549,33449.36,1,5.0
RB09369,2023-08-30,TH-NORTH,Sugarfree,TV Ad,90,258,58486.49,1,5.0
RB05177,2023-07-13,USA-WEST,Krating Daeng 250,Social Media,60,541,43830.6,2,1.0
RB08249,2023-03-06,EUROPE-EU,Original Blue,extreme sports,80,490,36765.52,2,6.0
RB01472,2023-12-07,TH-CENTRAL,Red Edition,extreme sports,75,529,13058.52,3,7.0
RB00194,2023-06-01,TH-CENTRAL,Red Edition,extreme sports,75,506,5789.02,2,7.0
RB01765,2024-12-28,TH-EAST,Original Blue,TV Ad,80,450,36630.73,4,8.0
RB07742,2024-12-06,USA-WEST,Original Blue,f1 sponsorship,80,632,26361.43,3,10.0
RB07753,2024-09-13,TH-CENTRAL,Tropical Edition,f1 sponsorship,85,522,45330.0,3,4.0
RB06072,2024-10-27,TH-SOUTH,Sugarfree,extreme sports,90,709,15927.54,4,9.0
RB04493,2023-07-28,EUROPE-EU,Tropical Edition,Social Media,85,906,21208.92,2,9.0
RB07093,2024-08-10,ASIA-PACIFIC,Tropical Edition,extreme sports,85,468,20948.35,0,10.0
RB08683,2024-09-19,TH-EAST,Red Edition,Social Media,75,537,35825.28,4,9.0
RB04361,2023-10-10,TH-CENTRAL,Krating Daeng 250,extreme sports,60,577,58835.43,2,5.0
RB05034,2023-04-01,USA-EAST,Red Edition,in-store promo,75,572,32658.19,2,8.0
RB09293,2023-01-13,USA-WEST,Original Blue,in-store promo,80,912,16192.62,5,6.0
RB03823,2023-12-26,TH-NORTH,Tropical Edition,Social Media,85,384,7993.24,2,6.0
RB06737,2024-06-01,USA-EAST,Krating Daeng 250,TV Ad,60,288,59329.0,2,6.0
RB01120,2024-10-01,TH-SOUTH,Tropical Edition,in-store promo,85,505,54428.21,4,6.0
RB03876,2023-07-26,TH-CENTRAL,Sugarfree,f1 sponsorship,90,827,57589.91,1,6.0
RB04026,2023-09-25,USA-EAST,Red Edition,TV Ad,75,645,41871.55,2,9.0
RB03348,2023-01-13,USA-WEST,Krating Daeng 250,in-store promo,60,632,21410.11,4,8.0
RB04529,2024-02-19,TH-NORTH,Original Blue,in-store promo,80,671,49642.67,1,8.0
RB05745,2024-04-09,TH-NORTH,Tropical Edition,Social Media,85,422,29365.77,2,1.0
RB02798,2023-09-27,TH-SOUTH,Red Edition,in-store promo,75,437,30398.19,4,9.0
RB06499,2024-06-08,ASIA-PACIFIC,Original Blue,extreme sports,80,534,58606.8,3,7.0
RB00305,2023-12-05,TH-NORTH,Red Edition,Social Media,75,502,59351.88,3,6.0
RB02437,2023-02-03,ASIA-PACIFIC,Krating Daeng 250,TV Ad,60,541,33800.66,3,6.0
RB02528,2024-10-05,EUROPE-EU,Red Edition,in-store promo,75,596,53239.55,2,8.0
RB05750,2023-10-21,TH-NORTH,Red Edition,f1 sponsorship,75,614,12993.98,3,8.0
RB08338,2023-10-06,TH-NORTH,Sugarfree,Social Media,90,484,25336.2,2,8.0
RB05905,2023-06-01,EUROPE-EU,Red Edition,f1 sponsorship,75,439,58709.65,3,4.0
RB03167,2023-07-18,TH-NORTH,Sugarfree,TV Ad,90,605,35224.25,0,4.0
RB05791,2024-04-14,TH-EAST,Krating Daeng 250,f1 sponsorship,60,582,27391.66,1,5.0
RB01745-DUP,2024-03-30,TH-NORTH,Red Edition,extreme sports,75,527,10760.34,4,6.0
RB06825,2024-06-24,EUROPE-EU,Red Edition,f1 sponsorship,75,273,53611.29,1,8.0
RB02035,2023-12-04,TH-NORTH,Sugarfree,Social Media,90,522,36222.01,4,7.0
RB07953,2023-04-08,USA-WEST,Red Edition,f1 sponsorship,75,723,8874.47,2,9.0
RB02115,2023-06-18,TH-CENTRAL,Tropical Edition,extreme sports,85,595,32658.19,0,4.0
RB00496,2024-12-17,TH-NORTH,Red Edition,Social Media,75,576,32658.19,3,9.0
RB03027,2024-08-12,TH-CENTRAL,Original Blue,extreme sports,80,466,32658.19,5,10.0
RB06196,2024-07-09,USA-EAST,Tropical Edition,extreme sports,85,630,51900.24,3,6.0
RB02722,2024-04-22,TH-CENTRAL,Tropical Edition,TV Ad,85,488,8464.8,4,9.0
RB01721,2023-02-05,TH-CENTRAL,Tropical Edition,TV Ad,85,413,48968.11,5,1.0
RB01679,2024-07-22,USA-EAST,Sugarfree,extreme sports,90,617,59350.57,5,6.0
RB06470,2024-09-05,TH-CENTRAL,Red Edition,extreme sports,75,422,40978.8,2,9.0
RB03396,2023-10-05,TH-NORTH,Tropical Edition,f1 sponsorship,85,567,50184.43,1,6.0
RB04240-DUP,2023-02-17,TH-SOUTH,Original Blue,TV Ad,80,470,14600.05,2,2.0
RB05249,2024-03-13,EUROPE-EU,Red Edition,Social Media,75,396,20541.18,2,10.0
RB07959,2023-10-08,TH-NORTH,Krating Daeng 250,in-store promo,60,696,8139.05,3,5.0
RB05368,2024-02-07,TH-NORTH,Krating Daeng 250,Social Media,60,800,39630.36,4,7.0
RB07967,2023-11-26,TH-CENTRAL,Red Edition,in-store promo,75,543,18999.52,1,1.0
RB08144,2024-11-01,USA-WEST,Krating Daeng 250,TV Ad,60,489,45443.69,2,6.0
RB03420,2024-11-27,USA-EAST,Original Blue,f1 sponsorship,80,431,52383.42,0,10.0
RB01925-DUP,2023-07-18,USA-WEST,Red Edition,in-store promo,75,474,31080.55,4,9.0
RB06223,2023-09-26,TH-CENTRAL,Krating Daeng 250,in-store promo,60,454,48026.82,4,4.0
RB08746,2023-02-13,TH-NORTH,Krating Daeng 250,Social Media,60,538,10959.96,2,6.0
RB04562,2024-04-10,ASIA-PACIFIC,Sugarfree,in-store promo,90,637,20090.6,0,8.0
RB03311,2024-11-02,USA-EAST,Original Blue,in-store promo,80,468,52756.81,4,9.0
RB06996,2023-10-14,TH-CENTRAL,Red Edition,in-store promo,75,778,34429.59,2,3.0
RB08772,2024-07-19,USA-EAST,Tropical Edition,TV Ad,85,440,49054.49,0,2.0
RB00682,2024-11-27,TH-EAST,Red Edition,extreme sports,75,712,20916.14,2,2.0
RB01209,2024-12-19,ASIA-PACIFIC,Original Blue,f1 sponsorship,80,600,26490.96,4,7.0
RB06555,2024-06-11,TH-SOUTH,Tropical Edition,in-store promo,85,443,58794.61,0,10.0
RB00004,2024-05-04,TH-NORTH,Red Edition,Social Media,75,275,43750.08,3,3.0
RB05385,2024-02-08,USA-WEST,Krating Daeng 250,Social Media,60,437,29871.16,2,9.0
RB04446,2023-06-10,USA-EAST,Sugarfree,f1 sponsorship,90,757,40983.84,4,10.0
RB08568,2024-08-10,USA-WEST,Red Edition,TV Ad,75,600,28752.53,3,8.0
RB02173,2023-05-28,ASIA-PACIFIC,Tropical Edition,f1 sponsorship,85,508,32658.19,33,9.0
RB07039-DUP,2024-10-31,USA-WEST,Original Blue,in-store promo,80,505,29803.8,1,6.0
RB02215,2023-02-25,USA-WEST,Krating Daeng 250,f1 sponsorship,60,704,33271.29,2,4.0
RB02292,2024-10-31,TH-NORTH,Sugarfree,in-store promo,90,500,45834.46,2,6.0
RB07868,2023-09-23,TH-NORTH,Sugarfree,in-store promo,90,589,39524.42,2,7.0
RB01441,2024-08-07,TH-CENTRAL,Sugarfree,Social Media,90,568,37141.22,1,6.0
RB01087,2023-07-11,USA-EAST,Tropical Edition,extreme sports,85,520,57554.0,1,1.0
RB06636,2024-12-01,TH-CENTRAL,Tropical Edition,extreme sports,85,601,40084.66,3,1.0
RB08395,2023-05-19,TH-NORTH,Krating Daeng 250,Social Media,60,575,51198.23,2,6.0
RB06917,2023-03-22,TH-CENTRAL,Tropical Edition,Social Media,85,434,16656.3,5,1.0
RB03418,2024-12-26,TH-CENTRAL,Krating Daeng 250,in-store promo,60,341,30940.07,1,6.0
RB07144,2023-05-09,USA-EAST,Tropical Edition,TV Ad,85,429,18667.99,1,3.0
RB04349,2024-05-25,USA-WEST,Sugarfree,TV Ad,90,459,33633.71,1,10.0
RB03965,2023-03-16,USA-EAST,Red Edition,Social Media,75,200,22275.16,5,6.0
RB00063,2024-04-12,TH-NORTH,Red Edition,Social Media,75,723,41829.4,4,9.0
RB05402,2023-01-06,TH-EAST,Krating Daeng 250,extreme sports,60,591,42353.14,1,6.0
RB02660,2024-05-27,TH-CENTRAL,Sugarfree,Social Media,90,762,30430.75,0,9.0
RB09554,2023-11-21,TH-NORTH,Red Edition,Social Media,75,371,36384.37,1,2.0
RB02834,2023-05-27,TH-CENTRAL,Sugarfree,f1 sponsorship,90,426,29879.65,3,7.0
RB04175,2023-06-13,TH-NORTH,Krating Daeng 250,in-store promo,60,456,43584.68,3,6.0
RB07358,2023-04-28,TH-SOUTH,Red Edition,extreme sports,75,567,45901.88,2,6.0
RB05592,2024-06-18,TH-EAST,Red Edition,in-store promo,75,571,34150.36,47,5.0
RB00559,2023-10-04,TH-NORTH,Krating Daeng 250,f1 sponsorship,60,615,6458.66,3,9.0
RB08658,2024-10-26,TH-CENTRAL,Original Blue,Social Media,80,492,13756.3,4,5.0
RB04935-DUP,2024-03-21,USA-EAST,Red Edition,f1 sponsorship,75,586,57312.69,5,6.0
RB00601,2024-01-05,EUROPE-EU,Original Blue,in-store promo,80,441,39337.32,5,6.0
RB08939,2023-03-06,TH-SOUTH,Sugarfree,extreme sports,90,526,29650.17,4,7.0
RB06992,2023-11-29,TH-CENTRAL,Krating Daeng 250,extreme sports,60,675,56549.9,3,6.0
RB04464,2023-12-20,USA-EAST,Sugarfree,extreme sports,90,519,37128.56,2,6.0
RB02322,2023-08-16,TH-SOUTH,Tropical Edition,in-store promo,85,635,43195.3,0,5.0
RB06807,2023-01-20,TH-CENTRAL,Original Blue,extreme sports,80,293,35324.37,2,3.0
RB02217,2024-10-19,USA-WEST,Tropical Edition,f1 sponsorship,85,481,15012.16,1,6.0
RB05702,2023-05-18,ASIA-PACIFIC,Red Edition,extreme sports,75,424,13794.3,3,5.0
RB02207,2024-06-14,TH-NORTH,Sugarfree,extreme sports,90,516,35029.31,3,6.0
RB09217,2024-07-18,TH-NORTH,Original Blue,extreme sports,80,475,57806.57,3,3.0
RB01709,2024-05-03,EUROPE-EU,Krating Daeng 250,Social Media,60,578,43595.3,2,6.0
RB04178,2024-10-20,USA-WEST,Tropical Edition,Social Media,85,493,35739.07,0,4.0
RB04904,2023-10-21,TH-SOUTH,Tropical Edition,in-store promo,85,646,5494.9,0,2.0
RB01230,2024-03-26,TH-NORTH,Original Blue,in-store promo,80,523,42315.51,0,6.0
RB08611,2024-12-28,TH-CENTRAL,Sugarfree,TV Ad,90,719,49564.87,1,8.0
RB05381,2024-03-09,EUROPE-EU,Krating Daeng 250,TV Ad,60,547,33768.68,5,10.0
RB07166,2023-04-09,EUROPE-EU,Red Edition,TV Ad,75,553,8209.86,2,1.0
RB01568,2024-09-20,TH-NORTH,Red Edition,TV Ad,75,455,35902.1,1,2.0
RB01998,2024-08-27,TH-CENTRAL,Tropical Edition,extreme sports,85,773,47244.72,4,8.0
RB01647,2023-09-21,EUROPE-EU,Sugarfree,extreme sports,90,673,39743.64,2,6.0
RB08233,2024-03-07,TH-SOUTH,Original Blue,f1 sponsorship,80,444,7634.72,2,6.0
RB05634,2023-07-04,USA-EAST,Tropical Edition,TV Ad,85,484,13794.21,0,6.0
RB08717,2024-05-26,TH-SOUTH,Krating Daeng 250,Social Media,60,626,8092.2,5,4.0
RB03798,2024-05-20,TH-CENTRAL,Red Edition,extreme sports,75,602,16020.13,2,2.0
RB01465,2024-03-28,ASIA-PACIFIC,Tropical Edition,extreme sports,85,567,51374.48,0,9.0
RB04775,2024-12-13,TH-CENTRAL,Tropical Edition,f1 sponsorship,85,546,50978.29,4,8.0
RB04700,2023-01-28,TH-NORTH,Original Blue,in-store promo,80,737,35334.46,2,6.0
RB04425,2023-10-08,TH-EAST,Original Blue,in-store promo,80,715,12644.82,3,10.0
RB03290,2023-04-04,TH-CENTRAL,Krating Daeng 250,f1 sponsorship,60,551,46595.34,1,10.0
RB04934,2024-10-14,TH-CENTRAL,Red Edition,Social Media,75,446,12412.05,1,6.0
RB06873,2023-06-02,TH-CENTRAL,Original Blue,in-store promo,80,557,27251.12,2,6.0
RB07169,2023-10-01,TH-EAST,Tropical Edition,in-store promo,85,683,8366.76,2,8.0
RB06027,2024-10-15,TH-EAST,Sugarfree,TV Ad,90,574,34063.26,5,6.0
RB07723,2023-04-18,TH-CENTRAL,Sugarfree,TV Ad,90,785,33250.61,0,7.0
RB00563,2023-08-05,USA-EAST,Krating Daeng 250,f1 sponsorship,60,430,56972.94,2,4.0
RB00747,2023-06-21,USA-WEST,Krating Daeng 250,in-store promo,60,807,57521.07,2,6.0
RB08979,2023-01-08,TH-NORTH,Sugarfree,in-store promo,90,600,36359.52,4,6.0
RB06322,2023-02-03,EUROPE-EU,Tropical Edition,Social Media,85,492,56701.33,2,8.0
RB04281,2024-11-21,TH-EAST,Tropical Edition,f1 sponsorship,85,695,37447.93,3,4.0
RB06538,2024-02-15,TH-EAST,Krating Daeng 250,Social Media,60,622,32658.19,1,6.0
RB05654,2024-06-12,TH-EAST,Red Edition,TV Ad,75,487,34031.05,1,6.0
RB02780,2024-03-12,TH-CENTRAL,Original Blue,Social Media,80,709,24803.21,1,6.0
RB00723,2024-01-21,USA-EAST,Sugarfree,Social Media,90,351,23452.01,1,8.0
RB02808,2023-05-24,USA-WEST,Tropical Edition,in-store promo,85,405,52923.28,0,9.0
RB09586,2024-07-08,TH-NORTH,Sugarfree,TV Ad,90,947,24266.43,1,4.0
RB01240,2023-06-02,USA-WEST,Red Edition,f1 sponsorship,75,564,57395.69,3,6.0
RB03721,2023-08-23,USA-EAST,Tropical Edition,Social Media,85,466,30809.27,3,4.0
RB07283,2023-12-16,TH-CENTRAL,Sugarfree,TV Ad,90,668,17459.05,0,7.0
RB07962,2023-06-01,USA-EAST,Sugarfree,Social Media,90,619,7704.28,0,7.0
RB00344,2023-02-16,TH-SOUTH,Tropical Edition,in-store promo,85,510,13127.02,2,5.0
RB02078,2023-05-07,TH-EAST,Original Blue,extreme sports,80,466,30319.0,2,10.0
RB04497,2023-12-18,TH-CENTRAL,Red Edition,TV Ad,75,609,23373.87,2,10.0
RB00275,2023-05-13,TH-NORTH,Krating Daeng 250,extreme sports,60,538,40506.78,4,6.0
RB03423,2024-05-11,TH-CENTRAL,Red Edition,in-store promo,75,685,29347.88,1,6.0
RB03216,2024-05-12,TH-EAST,Tropical Edition,TV Ad,85,19156,51315.05,5,10.0
RB05990,2024-08-05,TH-CENTRAL,Original Blue,f1 sponsorship,80,653,41713.17,2,7.0
RB06972,2023-08-21,USA-WEST,Tropical Edition,f1 sponsorship,85,494,23563.65,2,9.0
RB03047,2023-10-04,TH-CENTRAL,Tropical Edition,in-store promo,85,561,58770.89,2,5.0
RB06564,2024-01-14,USA-WEST,Sugarfree,in-store promo,90,567,41210.52,4,2.0
RB07625,2023-10-28,TH-CENTRAL,Krating Daeng 250,Social Media,60,530,27796.2,4,7.0
RB00952,2024-05-02,USA-EAST,Krating Daeng 250,in-store promo,60,505,7990.51,40,9.0
RB04119,2023-03-01,USA-EAST,Sugarfree,Social Media,90,502,20132.19,2,6.0
RB04050,2024-12-15,TH-NORTH,Original Blue,extreme sports,80,730,33142.16,4,9.0
RB02634-DUP,2023-04-01,USA-EAST,Sugarfree,extreme sports,90,711,10623.85,2,8.0
RB05531,2024-12-22,USA-WEST,Tropical Edition,Social Media,85,403,36025.16,2,8.0
RB00279,2023-11-11,TH-NORTH,Krating Daeng 250,TV Ad,60,559,37135.28,2,6.0
RB03852-DUP,2024-11-23,TH-CENTRAL,Sugarfree,Social Media,90,580,28798.6,3,5.0
RB05427,2023-09-21,USA-EAST,Sugarfree,Social Media,90,567,36943.43,1,4.0
RB08432,2023-03-12,EUROPE-EU,Sugarfree,f1 sponsorship,90,590,53654.66,1,8.0
RB09323,2024-08-27,TH-CENTRAL,Krating Daeng 250,f1 sponsorship,60,639,13463.83,2,6.0
RB01831,2024-01-22,TH-EAST,Tropical Edition,in-store promo,85,719,42996.01,3,9.0
RB09429,2023-02-11,TH-CENTRAL,Original Blue,f1 sponsorship,80,516,646446.0,1,10.0
RB05463,2024-11-24,TH-NORTH,Tropical Edition,extreme sports,85,694,43175.19,3,4.0
RB08533,2023-09-18,EUROPE-EU,Krating Daeng 250,Social Media,60,596,21187.83,3,10.0
RB01864,2023-12-28,USA-EAST,Tropical Edition,Social Media,85,674,38912.8,4,7.0
RB01453,2023-09-02,TH-CENTRAL,Sugarfree,in-store promo,90,479,36051.51,2,5.0
RB08177,2024-03-10,TH-SOUTH,Original Blue,extreme sports,80,586,54327.42,1,10.0
RB08020,2023-07-08,USA-EAST,Krating Daeng 250,in-store promo,60,559,13718.08,2,6.0
RB03562,2024-02-11,TH-EAST,Krating Daeng 250,f1 sponsorship,60,509,32658.19,2,3.0
RB05338,2024-05-07,ASIA-PACIFIC,Krating Daeng 250,TV Ad,60,651,40783.36,5,8.0
RB03450,2023-12-04,ASIA-PACIFIC,Tropical Edition,in-store promo,85,524,39705.22,4,6.0
RB06544,2024-06-16,TH-EAST,Krating Daeng 250,f1 sponsorship,60,574,36264.47,4,6.0
RB07282,2024-09-24,USA-WEST,Sugarfree,in-store promo,90,409,25020.77,2,10.0
RB08143,2023-12-28,EUROPE-EU,Red Edition,Social Media,75,574,33793.59,4,6.0
RB04363,2024-05-07,TH-NORTH,Sugarfree,extreme sports,90,518,58172.44,2,9.0
RB03943,2023-07-09,TH-NORTH,Sugarfree,in-store promo,90,594,34791.47,2,5.0
RB02759,2024-12-07,TH-CENTRAL,Krating Daeng 250,Social Media,60,431,52389.78,0,8.0
RB03412,2024-05-07,TH-NORTH,Sugarfree,f1 sponsorship,90,625,17354.0,4,5.0
RB07039,2024-10-31,USA-WEST,Original Blue,in-store promo,80,505,29803.8,1,6.0
RB00357,2023-12-27,USA-EAST,Krating Daeng 250,Social Media,60,753,18711.56,2,7.0
RB03006,2023-03-11,USA-EAST,Original Blue,Social Media,80,490,46360.15,3,6.0
RB09307,2023-03-17,USA-EAST,Original Blue,TV Ad,80,449,46912.66,0,5.0
RB05904,2023-11-08,TH-NORTH,Sugarfree,TV Ad,90,511,26116.67,3,10.0
RB07426,2024-03-04,ASIA-PACIFIC,Krating Daeng 250,extreme sports,60,547,46664.34,1,1.0
RB04058,2023-07-16,TH-NORTH,Red Edition,TV Ad,75,378,50987.47,2,10.0
RB07799,2024-11-01,TH-CENTRAL,Tropical Edition,extreme sports,85,371,32658.19,1,5.0
RB06783,2024-09-03,TH-NORTH,Original Blue,TV Ad,80,565,9842.1,0,9.0
RB08141,2024-04-18,EUROPE-EU,Tropical Edition,TV Ad,85,13301,32227.27,0,4.0
RB03645,2023-05-13,TH-CENTRAL,Red Edition,extreme sports,75,658,23559.96,3,5.0
RB02046,2023-02-15,USA-EAST,Tropical Edition,extreme sports,85,579,26838.91,3,9.0
RB02356,2023-08-04,TH-CENTRAL,Tropical Edition,f1 sponsorship,85,420,28163.84,2,6.0
RB09574,2023-06-12,TH-CENTRAL,Red Edition,f1 sponsorship,75,223,52647.58,1,7.0
RB04186,2023-12-30,TH-EAST,Krating Daeng 250,TV Ad,60,798,28548.86,1,6.0
RB06793,2023-10-09,USA-WEST,Sugarfree,f1 sponsorship,90,423,10476.42,2,5.0
RB01168,2024-04-14,EUROPE-EU,Red Edition,in-store promo,75,487,23757.04,0,5.0
RB02902,2023-06-01,USA-WEST,Red Edition,extreme sports,75,555,35100.06,2,8.0
RB06484,2023-02-21,USA-WEST,Original Blue,extreme sports,80,621,14764.54,2,8.0
RB07528,2024-04-20,TH-SOUTH,Original Blue,Social Media,80,567,5642.02,2,6.0
RB02799,2023-12-26,TH-CENTRAL,Krating Daeng 250,Social Media,60,686,12428.98,3,10.0
RB00659,2024-07-10,TH-SOUTH,Red Edition,in-store promo,75,596,55731.0,0,6.0
RB06144,2024-08-01,USA-EAST,Red Edition,in-store promo,75,375,19159.0,5,10.0
RB01885,2023-05-25,TH-EAST,Original Blue,extreme sports,80,583,28730.83,0,6.0
RB02184,2023-12-25,ASIA-PACIFIC,Krating Daeng 250,TV Ad,60,390,45432.86,2,4.0
RB02819,2024-06-04,EUROPE-EU,Original Blue,Social Media,80,478,6338.6,2,6.0
RB06233,2023-08-27,TH-NORTH,Red Edition,extreme sports,75,529,20832.38,1,6.0
RB07056,2024-04-14,TH-NORTH,Sugarfree,in-store promo,90,571,47555.25,3,10.0
RB04717,2024-09-26,TH-NORTH,Tropical Edition,Social Media,85,427,32888.67,4,4.0
RB07325,2023-04-15,TH-CENTRAL,Krating Daeng 250,extreme sports,60,403,36509.21,2,6.0
RB08936,2024-11-10,TH-CENTRAL,Tropical Edition,extreme sports,85,417,55049.43,2,6.0
RB00345,2024-06-11,TH-NORTH,Krating Daeng 250,f1 sponsorship,60,506,39690.4,2,3.0
RB07626,2024-07-30,TH-CENTRAL,Krating Daeng 250,Social Media,60,578,51229.89,2,6.0
RB09404,2024-09-09,EUROPE-EU,Sugarfree,f1 sponsorship,90,524,15810.92,2,6.0
RB05881,2023-09-11,TH-CENTRAL,Tropical Edition,in-store promo,85,593,38559.2,2,8.0
RB01091,2024-05-20,TH-NORTH,Krating Daeng 250,in-store promo,60,558,22575.54,1,9.0
RB07244,2023-07-04,TH-SOUTH,Tropical Edition,extreme sports,85,594,49931.79,1,1.0
RB00426,2024-12-19,USA-EAST,Red Edition,f1 sponsorship,75,786,32658.19,2,1.0
RB04805,2023-10-14,TH-SOUTH,Tropical Edition,extreme sports,85,503,15891.76,1,5.0
RB07026,2024-02-17,USA-EAST,Tropical Edition,f1 sponsorship,85,567,14096.66,2,3.0
RB06713,2024-09-09,ASIA-PACIFIC,Sugarfree,Social Media,90,739,18292.45,0,2.0
RB06220,2024-06-30,EUROPE-EU,Original Blue,TV Ad,80,480,43547.77,2,9.0
RB08605,2023-10-01,USA-EAST,Tropical Edition,f1 sponsorship,85,632,17572.44,3,5.0
RB01362,2023-10-15,USA-WEST,Sugarfree,Social Media,90,643,35556.89,1,5.0
RB08698,2023-01-19,TH-CENTRAL,Tropical Edition,TV Ad,85,271,16974.33,5,10.0
RB05533,2024-08-07,TH-NORTH,Sugarfree,Social Media,90,519,15011.56,3,4.0
RB02369,2024-10-23,TH-CENTRAL,Original Blue,Social Media,80,751,14505.75,4,7.0
RB00019,2024-01-20,TH-NORTH,Original Blue,TV Ad,80,450,40834.54,4,3.0
RB08666,2023-03-18,TH-CENTRAL,Krating Daeng 250,f1 sponsorship,60,694,47907.86,1,6.0
RB07293,2024-06-04,USA-WEST,Krating Daeng 250,extreme sports,60,582,12984.76,2,10.0
RB06497,2023-05-04,TH-CENTRAL,Krating Daeng 250,TV Ad,60,585,43327.78,4,5.0
RB04170,2023-02-04,TH-EAST,Tropical Edition,TV Ad,85,698,26990.02,3,4.0
RB04654,2024-06-06,EUROPE-EU,Original Blue,Social Media,80,526,41537.39,2,7.0
RB05679,2024-07-25,EUROPE-EU,Krating Daeng 250,TV Ad,60,359,6404.38,5,7.0
RB04133,2024-01-18,TH-NORTH,Red Edition,in-store promo,75,537,39459.22,1,7.0
RB05017,2023-04-06,USA-EAST,Original Blue,TV Ad,80,602,57252.15,2,4.0
RB02302,2024-10-23,TH-NORTH,Original Blue,extreme sports,80,497,44411.99,3,6.0
RB05839,2023-04-24,USA-EAST,Tropical Edition,f1 sponsorship,85,644,32385.29,1,7.0
RB00108,2024-06-10,USA-EAST,Original Blue,Social Media,80,693,42672.9,4,10.0
RB08393,2023-07-12,USA-EAST,Red Edition,Social Media,75,545,21598.11,5,4.0
RB06812,2023-11-18,TH-NORTH,Tropical Edition,TV Ad,85,394,32658.19,2,7.0
RB06707,2024-12-21,USA-WEST,Original Blue,in-store promo,80,599,6270.78,4,9.0
RB06054,2024-08-19,USA-WEST,Original Blue,extreme sports,80,517,6878.32,1,10.0
RB01124,2023-10-28,TH-NORTH,Tropical Edition,f1 sponsorship,85,512,26149.98,2,6.0
RB00203,2023-07-07,TH-SOUTH,Tropical Edition,in-store promo,85,451,37795.42,0,2.0
RB03846,2023-11-25,TH-CENTRAL,Krating Daeng 250,f1 sponsorship,60,422,56233.75,2,10.0
RB01347,2024-02-08,USA-WEST,Tropical Edition,TV Ad,85,739,51364.1,73,5.0
RB07177,2024-09-30,TH-CENTRAL,Sugarfree,f1 sponsorship,90,719,54412.56,5,9.0
RB01122,2024-10-13,TH-CENTRAL,Sugarfree,f1 sponsorship,90,602,41159.49,3,9.0
RB04729,2024-03-27,USA-WEST,Sugarfree,extreme sports,90,370,31364.96,2,6.0
RB02458,2024-10-12,TH-EAST,Sugarfree,in-store promo,90,642,43290.98,2,6.0
RB02094,2023-03-28,EUROPE-EU,Original Blue,TV Ad,80,384,41800.8,3,6.0
RB06410,2024-11-03,TH-SOUTH,Red Edition,in-store promo,75,706,46781.62,4,9.0
RB00491,2024-06-17,TH-NORTH,Red Edition,f1 sponsorship,75,599,12442.28,5,5.0
RB01681,2024-02-07,TH-SOUTH,Red Edition,in-store promo,75,537,21149.33,2,4.0
RB05623,2023-11-05,TH-EAST,Tropical Edition,in-store promo,85,542,25280.6,1,6.0
RB00527,2024-05-02,TH-EAST,Krating Daeng 250,extreme sports,60,560,56467.34,2,6.0
RB01056,2023-07-20,TH-EAST,Tropical Edition,Social Media,85,629,8372.11,0,3.0
RB08205,2023-02-07,TH-CENTRAL,Red Edition,extreme sports,75,495,14487.4,1,6.0
RB03736,2023-09-26,USA-EAST,Red Edition,in-store promo,75,548,37996.7,5,3.0
RB02758,2024-03-03,USA-WEST,Tropical Edition,in-store promo,85,428,13538.79,0,3.0
RB07751,2023-04-04,TH-EAST,Red Edition,in-store promo,75,615,54560.13,4,8.0
RB04519,2024-06-04,TH-NORTH,Red Edition,extreme sports,75,693,33687.33,2,6.0
RB09326,2024-10-29,USA-WEST,Krating Daeng 250,in-store promo,60,679,7971.02,2,9.0
RB06810,2023-05-22,TH-NORTH,Red Edition,TV Ad,75,620,58506.28,4,9.0
RB07079,2024-08-10,USA-EAST,Tropical Edition,Social Media,85,661,42526.76,0,9.0
RB07585,2023-02-19,USA-WEST,Krating Daeng 250,extreme sports,60,412,58076.26,3,9.0
RB04161,2024-04-21,TH-CENTRAL,Red Edition,TV Ad,75,684,52591.14,1,7.0
RB00813,2024-03-07,TH-NORTH,Tropical Edition,f1 sponsorship,85,542,9341.51,3,8.0
RB03919,2023-07-19,TH-NORTH,Krating Daeng 250,f1 sponsorship,60,562,51111.17,3,6.0
RB00477,2024-10-07,USA-EAST,Krating Daeng 250,in-store promo,60,673,7350.54,2,2.0
RB09331,2023-03-18,TH-CENTRAL,Original Blue,extreme sports,80,647,30215.24,1,3.0
RB03300,2024-02-22,TH-SOUTH,Sugarfree,in-store promo,90,589,26282.14,0,2.0
RB01701,2023-11-08,TH-SOUTH,Sugarfree,f1 sponsorship,90,694,23327.21,2,1.0
RB08217,2023-02-23,TH-CENTRAL,Tropical Edition,Social Media,85,493,33646.81,4,5.0
RB07019,2023-05-15,TH-EAST,Original Blue,extreme sports,80,726,25839.18,4,3.0
RB09544,2023-10-05,TH-NORTH,Krating Daeng 250,Social Media,60,558,29261.83,2,7.0
RB06955,2024-07-09,TH-CENTRAL,Tropical Edition,Social Media,85,353,30721.9,1,6.0
RB08601,2024-01-06,TH-CENTRAL,Krating Daeng 250,in-store promo,60,677,38783.04,1,10.0
RB09011,2024-12-25,TH-CENTRAL,Sugarfree,f1 sponsorship,90,683,19788.36,1,6.0
RB09077,2024-02-22,TH-CENTRAL,Tropical Edition,extreme sports,85,523,30333.08,3,6.0
RB05561,2024-01-31,USA-EAST,Tropical Edition,in-store promo,85,374,32658.19,2,8.0
RB08841,2024-06-03,USA-EAST,Krating Daeng 250,TV Ad,60,499,50422.57,4,2.0
RB04658,2024-01-19,EUROPE-EU,Original Blue,Social Media,80,353,16764.17,3,8.0
RB08750,2024-07-04,TH-NORTH,Original Blue,extreme sports,80,661,45607.43,2,4.0
RB08903,2024-08-14,TH-CENTRAL,Sugarfree,Social Media,90,707,40729.09,2,8.0
RB06510,2023-06-26,TH-NORTH,Sugarfree,f1 sponsorship,90,670,26721.84,0,6.0
RB06915,2024-11-14,USA-WEST,Sugarfree,f1 sponsorship,90,466,28915.85,2,7.0
RB08768,2023-12-21,TH-NORTH,Red Edition,Social Media,75,661,52115.78,3,4.0
RB05003,2023-11-15,TH-NORTH,Tropical Edition,f1 sponsorship,85,570,20287.7,3,8.0
RB07923,2023-01-26,USA-EAST,Krating Daeng 250,in-store promo,60,554,25649.39,5,7.0
RB09506,2024-07-04,TH-NORTH,Red Edition,in-store promo,75,814,46720.53,0,3.0
RB01411,2024-09-03,USA-WEST,Krating Daeng 250,Social Media,60,651,43938.34,5,6.0
RB05266,2024-01-13,TH-EAST,Sugarfree,Social Media,90,616,14563.35,2,8.0
RB01969,2024-12-20,TH-CENTRAL,Original Blue,Social Media,80,817,38145.8,3,2.0
RB04045,2024-01-31,TH-EAST,Original Blue,in-store promo,80,494,29974.29,3,3.0
RB03075,2023-09-29,TH-CENTRAL,Sugarfree,Social Media,90,375,27991.14,1,8.0
RB06786,2024-10-03,TH-CENTRAL,Krating Daeng 250,TV Ad,60,549,31918.12,3,9.0
RB03388,2023-11-19,ASIA-PACIFIC,Sugarfree,TV Ad,90,439,32658.19,1,6.0
RB00498,2023-11-23,TH-NORTH,Sugarfree,TV Ad,90,465,43850.29,3,5.0
RB08067,2023-01-31,USA-EAST,Sugarfree,f1 sponsorship,90,511,18106.67,2,3.0
RB06339,2024-01-28,EUROPE-EU,Original Blue,Social Media,80,680,59409.39,3,8.0
RB08670,2024-01-01,TH-CENTRAL,Original Blue,in-store promo,80,693,32658.19,1,8.0
RB01744,2024-08-13,TH-SOUTH,Original Blue,extreme sports,80,679,43181.52,1,6.0
RB07839,2024-08-14,TH-NORTH,Tropical Edition,f1 sponsorship,85,472,24105.47,3,6.0
RB05287,2023-06-26,EUROPE-EU,Tropical Edition,extreme sports,85,629,46731.28,3,2.0
RB03537,2024-07-09,USA-WEST,Krating Daeng 250,extreme sports,60,503,26580.9,2,7.0
RB03777,2024-08-22,TH-CENTRAL,Sugarfree,extreme sports,90,527,32658.19,5,10.0
RB05114,2023-12-27,TH-NORTH,Krating Daeng 250,TV Ad,60,628,18332.34,3,8.0
RB07308,2024-04-05,ASIA-PACIFIC,Tropical Edition,TV Ad,85,417,40592.67,5,2.0
RB01437,2023-12-10,TH-CENTRAL,Krating Daeng 250,in-store promo,60,452,31579.84,3,9.0
RB04473,2024-05-23,ASIA-PACIFIC,Red Edition,f1 sponsorship,75,611,5727.5,4,10.0
RB04984,2024-04-10,USA-WEST,Sugarfree,f1 sponsorship,90,389,50076.38,0,8.0
RB03371,2023-10-10,TH-CENTRAL,Krating Daeng 250,TV Ad,60,412,8378.45,2,6.0
RB01531,2023-04-08,TH-CENTRAL,Original Blue,TV Ad,80,612,39672.87,3,10.0
RB03441,2023-01-24,TH-NORTH,Sugarfree,in-store promo,90,590,58338.35,2,8.0
RB04802,2023-04-13,TH-NORTH,Original Blue,in-store promo,80,529,28291.71,3,9.0
RB05061,2024-08-24,TH-CENTRAL,Sugarfree,f1 sponsorship,90,507,14131.39,1,4.0
RB00791,2023-01-05,USA-EAST,Sugarfree,in-store promo,90,676,5650.37,4,7.0
RB00765,2024-09-03,TH-CENTRAL,Krating Daeng 250,Social Media,60,483,38308.46,3,10.0
RB00265,2024-05-18,TH-CENTRAL,Tropical Edition,f1 sponsorship,85,311,54011.21,4,9.0
RB09057,2023-04-20,USA-EAST,Tropical Edition,in-store promo,85,344,48410.24,4,7.0
RB06890,2024-01-04,TH-CENTRAL,Original Blue,extreme sports,80,718,55073.73,2,3.0
RB00416,2023-05-18,USA-WEST,Krating Daeng 250,in-store promo,60,533,53183.64,3,9.0
RB03893,2023-12-18,USA-WEST,Krating Daeng 250,TV Ad,60,481,7836.3,0,4.0
RB01851,2023-03-08,USA-WEST,Tropical Edition,Social Media,85,536,20624.04,1,8.0
RB04848,2024-10-14,USA-EAST,Original Blue,in-store promo,80,487,9197.45,5,10.0
RB08238,2024-09-30,TH-SOUTH,Red Edition,in-store promo,75,351,6926.81,5,6.0
RB02970,2023-04-20,TH-EAST,Red Edition,in-store promo,75,347,34625.19,3,10.0
RB03570,2023-01-11,ASIA-PACIFIC,Tropical Edition,Social Media,85,687,20404.6,3,3.0
RB08493,2023-04-28,TH-EAST,Krating Daeng 250,extreme sports,60,348,19632.84,2,9.0
RB03954,2024-08-27,TH-NORTH,Original Blue,extreme sports,80,552,14213.37,0,8.0
RB05711,2023-02-22,EUROPE-EU,Krating Daeng 250,in-store promo,60,656,13537.7,1,4.0
RB00820,2024-12-22,EUROPE-EU,Sugarfree,TV Ad,90,592,50271.14,3,6.0
RB03576,2023-04-26,EUROPE-EU,Red Edition,TV Ad,75,483,13914.42,0,7.0
RB06083,2024-12-29,TH-EAST,Original Blue,in-store promo,80,510,7361.61,4,8.0
RB07118,2024-06-16,USA-EAST,Red Edition,in-store promo,75,545,57013.06,2,8.0
RB04138,2024-03-24,TH-EAST,Tropical Edition,f1 sponsorship,85,472,52505.33,2,6.0
RB00965,2023-05-07,EUROPE-EU,Tropical Edition,TV Ad,85,582,24510.74,3,10.0
RB08954,2023-06-24,TH-EAST,Original Blue,in-store promo,80,371,55933.39,2,6.0
RB02769,2024-12-26,TH-NORTH,Krating Daeng 250,f1 sponsorship,60,484,58778.44,2,6.0
RB06882,2024-03-19,TH-SOUTH,Krating Daeng 250,f1 sponsorship,60,445,55183.43,3,7.0
RB02000,2023-03-11,TH-NORTH,Original Blue,Social Media,80,353,40556.71,5,5.0
RB09524,2024-07-23,TH-NORTH,Krating Daeng 250,f1 sponsorship,60,882,28813.66,3,9.0
RB09140,2024-10-29,TH-NORTH,Tropical Edition,Social Media,85,644,37857.23,2,8.0
RB01117,2023-05-13,TH-NORTH,Sugarfree,extreme sports,90,414,40140.9,1,5.0
RB05818,2024-06-16,USA-EAST,Krating Daeng 250,TV Ad,60,424,55907.64,2,6.0
RB09166,2023-09-28,TH-SOUTH,Red Edition,Social Media,75,536,9073.44,5,10.0
RB02692,2023-09-19,EUROPE-EU,Red Edition,TV Ad,75,559,15106.71,2,4.0
RB07175,2023-03-30,EUROPE-EU,Sugarfree,in-store promo,90,783,37018.88,5,7.0
RB00894,2024-02-17,TH-NORTH,Original Blue,f1 sponsorship,80,610,25433.46,1,6.0
RB00266,2024-07-10,TH-CENTRAL,Original Blue,TV Ad,80,535,17279.22,2,6.0
RB08234,2023-08-25,EUROPE-EU,Krating Daeng 250,Social Media,60,327,23050.33,5,6.0
RB00520,2023-05-27,USA-EAST,Sugarfree,Social Media,90,383,20765.66,3,3.0
RB07408,2024-02-19,EUROPE-EU,Krating Daeng 250,f1 sponsorship,60,492,19936.19,2,5.0
RB07507,2024-08-16,TH-SOUTH,Sugarfree,extreme sports,90,568,5438.97,2,6.0
RB02789,2024-12-29,TH-CENTRAL,Krating Daeng 250,TV Ad,60,731,11137.3,3,7.0
RB00058,2023-06-30,TH-NORTH,Krating Daeng 250,Social Media,60,481,12661.22,1,6.0
RB03010,2023-10-05,TH-CENTRAL,Sugarfree,Social Media,90,389,45837.3,3,3.0
RB02772,2023-09-28,TH-CENTRAL,Sugarfree,f1 sponsorship,90,455,15478.81,2,5.0
RB08689,2023-10-23,TH-EAST,Sugarfree,f1 sponsorship,90,741,17892.62,1,9.0
RB07509,2023-12-15,TH-NORTH,Tropical Edition,extreme sports,85,409,30358.72,0,7.0
RB08401,2024-10-10,TH-EAST,Red Edition,in-store promo,75,630,16083.64,1,4.0
RB04814,2024-07-09,TH-CENTRAL,Sugarfree,f1 sponsorship,90,743,33668.52,0,6.0
RB00796,2023-04-17,TH-SOUTH,Red Edition,Social Media,75,581,54791.87,2,6.0
RB01401,2024-03-11,TH-CENTRAL,Tropical Edition,Social Media,85,691,7372.73,3,10.0
RB04092,2023-01-06,TH-NORTH,Original Blue,in-store promo,80,765,30182.27,5,5.0
RB08399,2023-03-23,TH-EAST,Sugarfree,in-store promo,90,542,41146.03,5,9.0
RB07922,2023-01-13,ASIA-PACIFIC,Krating Daeng 250,TV Ad,60,768,17772.76,2,6.0
RB00428,2023-07-29,TH-CENTRAL,Tropical Edition,f1 sponsorship,85,651,37002.36,2,10.0
RB07273,2024-05-30,EUROPE-EU,Krating Daeng 250,TV Ad,60,293,12889.07,2,6.0
RB04463,2024-09-13,USA-EAST,Sugarfree,extreme sports,90,575,40827.52,0,10.0
RB00207,2023-03-03,USA-EAST,Krating Daeng 250,Social Media,60,385,13987.79,56,6.0
RB06840,2024-12-18,EUROPE-EU,Sugarfree,TV Ad,90,447,14740.48,0,7.0
RB05161,2024-11-16,TH-EAST,Krating Daeng 250,TV Ad,60,674,10315.52,5,6.0
RB04325,2023-03-10,USA-EAST,Sugarfree,in-store promo,90,608,44989.27,2,6.0
RB02952,2024-07-29,TH-NORTH,Tropical Edition,TV Ad,85,744,53347.39,1,5.0
RB02218,2024-11-23,TH-NORTH,Tropical Edition,f1 sponsorship,85,584,33116.81,2,5.0
RB05685,2024-11-26,TH-CENTRAL,Original Blue,in-store promo,80,387,32658.19,5,9.0
RB02764,2023-02-27,EUROPE-EU,Tropical Edition,Social Media,85,503,21063.08,1,4.0
RB00883,2023-01-05,USA-WEST,Original Blue,f1 sponsorship,80,595,43306.47,2,7.0
RB04536,2024-04-18,EUROPE-EU,Original Blue,in-store promo,80,443,14685.2,3,2.0
RB03428,2024-09-09,USA-EAST,Krating Daeng 250,Social Media,60,386,21841.95,5,10.0
RB06623,2023-05-27,USA-WEST,Tropical Edition,Social Media,85,602,33848.65,4,3.0
RB09476,2024-10-13,ASIA-PACIFIC,Sugarfree,f1 sponsorship,90,559,29634.65,3,8.0
RB01547,2024-04-07,EUROPE-EU,Original Blue,Social Media,80,200,56837.11,5,6.0
RB01215,2024-09-22,USA-EAST,Red Edition,in-store promo,75,570,20680.3,2,1.0
RB03543,2024-01-18,USA-EAST,Original Blue,f1 sponsorship,80,454,23492.35,2,7.0
RB03406,2023-06-18,TH-NORTH,Sugarfree,TV Ad,90,594,39874.17,2,4.0
RB06752,2024-03-13,TH-CENTRAL,Red Edition,in-store promo,75,576,45032.86,2,2.0
RB09163,2023-01-15,EUROPE-EU,Krating Daeng 250,in-store promo,60,615,10679.78,3,10.0
RB05518,2024-05-25,TH-EAST,Krating Daeng 250,TV Ad,60,479,25779.92,2,1.0
RB06258,2023-08-15,TH-NORTH,Sugarfree,in-store promo,90,645,59403.81,1,6.0
RB08590,2023-06-17,TH-CENTRAL,Krating Daeng 250,in-store promo,60,533,54574.78,3,7.0
RB01228,2024-10-09,TH-SOUTH,Sugarfree,TV Ad,90,539,51835.36,4,7.0
RB00309,2023-05-18,USA-EAST,Original Blue,TV Ad,80,526,29303.89,3,2.0
RB04999,2023-09-12,TH-NORTH,Red Edition,f1 sponsorship,75,777,28201.72,1,3.0
RB08204,2024-11-04,TH-CENTRAL,Red Edition,f1 sponsorship,75,233,32658.19,3,6.0
RB06846,2023-01-03,TH-EAST,Original Blue,TV Ad,80,586,42921.03,5,3.0
RB08401-DUP,2024-10-10,TH-EAST,Red Edition,in-store promo,75,630,16083.64,1,4.0
RB05329,2024-03-03,USA-WEST,Sugarfree,extreme sports,90,631,38276.55,0,9.0
RB08812,2024-03-26,USA-EAST,Red Edition,TV Ad,75,708,49210.21,3,4.0
RB08558,2023-02-19,TH-CENTRAL,Krating Daeng 250,f1 sponsorship,60,553,8238.93,2,6.0
RB01398,2024-08-30,TH-SOUTH,Sugarfree,in-store promo,90,690,32658.19,2,5.0
RB09111,2024-06-25,TH-NORTH,Tropical Edition,Social Media,85,463,40765.75,1,8.0
RB03505,2024-04-16,TH-SOUTH,Original Blue,in-store promo,80,638,15526.1,0,6.0
RB05940,2024-09-20,USA-EAST,Krating Daeng 250,in-store promo,60,506,14319.96,2,4.0
RB03702,2023-09-23,TH-EAST,Krating Daeng 250,extreme sports,60,798,51862.24,2,7.0
RB09002,2023-11-11,TH-CENTRAL,Krating Daeng 250,TV Ad,60,425,12010.58,2,6.0
RB06112,2023-10-20,USA-EAST,Original Blue,in-store promo,80,600,17296.7,2,6.0
RB03468,2023-07-07,TH-SOUTH,Original Blue,extreme sports,80,611,31141.01,0,5.0
RB05855,2024-05-18,TH-SOUTH,Sugarfree,Social Media,90,797,56745.2,5,6.0
RB08190,2023-05-12,TH-EAST,Red Edition,extreme sports,75,434,10365.88,3,3.0
RB05362,2024-12-20,USA-EAST,Original Blue,f1 sponsorship,80,210,14265.36,2,10.0
RB08839,2024-12-19,USA-EAST,Krating Daeng 250,TV Ad,60,749,24392.52,3,9.0
RB04127,2023-05-05,TH-CENTRAL,Tropical Edition,Social Media,85,623,45841.1,2,3.0
RB06252,2024-11-24,TH-NORTH,Original Blue,TV Ad,80,563,12205.68,1,8.0
RB00227,2024-08-21,USA-EAST,Krating Daeng 250,f1 sponsorship,60,553,34442.14,1,10.0
RB06219,2024-08-06,TH-NORTH,Original Blue,TV Ad,80,619,34257.51,1,6.0
RB00562,2024-10-19,TH-CENTRAL,Tropical Edition,f1 sponsorship,85,631,54319.63,1,5.0
RB01138,2023-10-09,TH-SOUTH,Krating Daeng 250,TV Ad,60,519,5509.53,5,3.0
RB03774,2024-04-18,TH-SOUTH,Original Blue,TV Ad,80,408,32305.73,2,6.0
RB03952,2023-12-12,USA-EAST,Original Blue,Social Media,80,435,29624.5,0,10.0
RB06006,2024-02-21,TH-CENTRAL,Red Edition,f1 sponsorship,75,288,32658.19,3,5.0
RB06168,2024-05-23,TH-EAST,Original Blue,in-store promo,80,399,6971.61,2,3.0
RB06005,2023-10-06,USA-EAST,Red Edition,f1 sponsorship,75,430,15618.69,4,8.0
RB03569-DUP,2023-03-07,USA-EAST,Red Edition,f1 sponsorship,75,531,21784.85,0,5.0
RB08293,2023-04-21,TH-NORTH,Krating Daeng 250,f1 sponsorship,60,617,14228.32,5,4.0
RB00603,2023-08-18,USA-EAST,Tropical Edition,f1 sponsorship,85,586,25404.53,4,5.0
RB01638,2024-08-05,TH-SOUTH,Sugarfree,in-store promo,90,591,44820.89,2,10.0
RB02157,2023-10-16,TH-NORTH,Sugarfree,f1 sponsorship,90,409,59502.39,1,3.0
RB09172,2024-10-05,TH-NORTH,Krating Daeng 250,TV Ad,60,405,9347.49,1,7.0
RB05896,2024-10-24,USA-WEST,Tropical Edition,extreme sports,85,608,39262.74,5,6.0
RB05491,2023-04-28,TH-CENTRAL,Original Blue,f1 sponsorship,80,491,49377.84,5,10.0
RB03399,2024-11-27,TH-EAST,Red Edition,extreme sports,75,311,16613.15,0,10.0
RB05867,2023-10-05,TH-CENTRAL,Krating Daeng 250,TV Ad,60,509,47892.63,3,10.0
RB00951,2024-10-05,EUROPE-EU,Original Blue,extreme sports,80,632,47727.04,3,4.0
RB00102,2024-07-21,USA-EAST,Red Edition,extreme sports,75,515,8244.5,4,10.0
RB02223,2023-01-06,USA-EAST,Original Blue,extreme sports,80,800,33009.82,3,4.0
RB05147,2024-08-13,EUROPE-EU,Tropical Edition,f1 sponsorship,85,420,23072.38,2,6.0
RB02201,2023-10-15,TH-EAST,Red Edition,TV Ad,75,611,6256.58,5,9.0
RB08739,2023-06-03,TH-CENTRAL,Original Blue,in-store promo,80,500,13170.28,2,7.0
RB00448,2023-04-17,USA-EAST,Krating Daeng 250,TV Ad,60,580,53944.36,2,4.0
RB02689,2024-12-21,TH-CENTRAL,Original Blue,f1 sponsorship,80,392,53941.59,1,8.0
RB07783,2024-04-11,TH-NORTH,Red Edition,in-store promo,75,467,20043.85,4,6.0
RB02628,2023-12-25,TH-NORTH,Original Blue,Social Media,80,344,24644.66,0,6.0
RB00639,2023-04-23,USA-WEST,Krating Daeng 250,Social Media,60,674,24829.44,3,5.0
RB00698,2023-02-05,TH-CENTRAL,Original Blue,in-store promo,80,503,43674.97,0,2.0
RB08895,2023-09-29,TH-NORTH,Original Blue,f1 sponsorship,80,608,57311.45,1,10.0
RB02048,2024-03-21,USA-EAST,Red Edition,extreme sports,75,661,26598.94,2,1.0
RB08107,2024-08-11,TH-CENTRAL,Original Blue,TV Ad,80,779,22351.54,4,6.0
RB04247,2023-12-11,TH-NORTH,Original Blue,TV Ad,80,698,24225.76,3,5.0
RB08687,2023-09-16,TH-SOUTH,Sugarfree,in-store promo,90,529,46163.14,5,8.0
RB02705,2024-07-28,ASIA-PACIFIC,Original Blue,extreme sports,80,617,41227.23,2,8.0
RB06624,2023-11-16,TH-CENTRAL,Original Blue,f1 sponsorship,80,751,12807.75,1,7.0
RB02324,2023-04-03,TH-CENTRAL,Tropical Edition,extreme sports,85,566,32658.19,3,6.0
RB06827,2024-12-10,TH-NORTH,Krating Daeng 250,TV Ad,60,256,49284.11,3,4.0
RB02531,2023-02-27,TH-CENTRAL,Tropical Edition,extreme sports,85,604,24722.96,4,7.0
RB04065,2024-11-03,ASIA-PACIFIC,Krating Daeng 250,extreme sports,60,402,32658.19,3,7.0
RB04697,2024-03-03,USA-EAST,Original Blue,Social Media,80,697,46184.73,2,10.0
RB07452,2023-04-05,EUROPE-EU,Sugarfree,f1 sponsorship,90,417,14515.44,1,6.0
RB04162,2023-05-20,TH-CENTRAL,Original Blue,in-store promo,80,386,48558.1,1,3.0
RB02818,2024-04-27,TH-NORTH,Krating Daeng 250,TV Ad,60,584,8917.95,1,7.0
RB02972,2024-08-23,TH-CENTRAL,Original Blue,f1 sponsorship,80,729,46135.56,1,7.0
RB00346,2023-05-06,TH-CENTRAL,Red Edition,Social Media,75,473,27791.55,0,7.0
RB01052,2024-09-12,TH-CENTRAL,Tropical Edition,in-store promo,85,647,14019.75,4,9.0
RB00317,2024-05-25,TH-NORTH,Tropical Edition,TV Ad,85,618,6900.8,1,5.0
RB04064,2024-01-22,TH-NORTH,Red Edition,extreme sports,75,665,28768.05,2,9.0
RB08909,2024-06-08,USA-EAST,Original Blue,in-store promo,80,504,10768.83,1,6.0
RB00734,2023-11-12,TH-NORTH,Red Edition,f1 sponsorship,75,482,29790.23,0,1.0
RB00100,2024-08-26,TH-NORTH,Sugarfree,TV Ad,90,399,8690.98,1,6.0
RB03188,2023-08-05,TH-CENTRAL,Sugarfree,f1 sponsorship,90,333,19511.99,2,8.0
RB07212,2024-04-10,EUROPE-EU,Sugarfree,Social Media,90,751,23559.76,5,9.0
RB04433,2023-06-23,ASIA-PACIFIC,Original Blue,in-store promo,80,753,44948.34,3,4.0
RB08198,2024-10-23,USA-WEST,Red Edition,extreme sports,75,744,28631.6,0,6.0
RB03582,2024-07-25,TH-SOUTH,Original Blue,extreme sports,80,716,26596.77,1,7.0
RB03150,2023-07-13,TH-CENTRAL,Krating Daeng 250,TV Ad,60,546,40215.96,0,5.0
RB04486,2024-01-02,ASIA-PACIFIC,Original Blue,in-store promo,80,587,32658.19,1,5.0
RB08171,2023-11-26,TH-NORTH,Original Blue,extreme sports,80,644,35177.63,3,1.0
RB07506,2023-01-09,TH-NORTH,Sugarfree,TV Ad,90,679,52853.38,1,6.0
RB06969,2024-05-15,USA-WEST,Sugarfree,extreme sports,90,617,5697.29,2,6.0
RB06371,2023-07-07,TH-CENTRAL,Tropical Edition,f1 sponsorship,85,427,24973.24,3,6.0
RB01868,2023-08-27,TH-NORTH,Red Edition,extreme sports,75,362,15020.98,2,3.0
RB01425,2024-11-14,TH-NORTH,Red Edition,TV Ad,75,583,7468.45,1,6.0
RB01380,2023-05-05,TH-SOUTH,Original Blue,in-store promo,80,671,38805.51,3,7.0
RB08893,2023-09-14,TH-CENTRAL,Tropical Edition,Social Media,85,553,33602.28,1,8.0
RB03013,2023-01-05,TH-CENTRAL,Original Blue,TV Ad,80,456,31976.29,3,7.0
RB03403,2024-08-19,USA-EAST,Original Blue,TV Ad,80,738,34416.67,2,5.0
RB03253,2024-08-02,TH-CENTRAL,Krating Daeng 250,in-store promo,60,389,36592.28,1,6.0
RB03182,2024-01-02,ASIA-PACIFIC,Original Blue,in-store promo,80,729,32392.54,2,10.0
RB00663,2024-06-29,TH-NORTH,Krating Daeng 250,in-store promo,60,575,32529.23,4,8.0
RB05299,2024-07-04,TH-NORTH,Original Blue,Social Media,80,600,45214.93,0,6.0
RB04432,2023-02-01,TH-EAST,Sugarfree,f1 sponsorship,90,612,15413.24,1,8.0
RB02456,2023-11-07,USA-WEST,Krating Daeng 250,Social Media,60,647,9558.86,2,2.0
RB04258,2024-04-15,TH-CENTRAL,Sugarfree,f1 sponsorship,90,717,39278.56,2,8.0
RB03760,2023-04-30,TH-CENTRAL,Tropical Edition,f1 sponsorship,85,531,44995.48,0,6.0
RB06379,2023-10-31,TH-SOUTH,Krating Daeng 250,in-store promo,60,773,32340.29,5,2.0
RB08416,2024-01-21,USA-EAST,Red Edition,TV Ad,75,449,32658.19,4,6.0
RB00093,2024-07-31,TH-SOUTH,Original Blue,Social Media,80,387,58175.6,3,9.0
RB06567,2023-11-30,USA-EAST,Original Blue,in-store promo,80,611,27976.15,2,3.0
RB01593,2024-05-10,USA-WEST,Tropical Edition,extreme sports,85,635,8541.18,4,5.0
RB01793,2024-02-04,TH-NORTH,Sugarfree,in-store promo,90,544,11215.75,1,3.0
RB05182,2023-12-25,TH-EAST,Tropical Edition,in-store promo,85,589,12030.11,2,4.0
RB08474,2023-04-02,TH-EAST,Sugarfree,f1 sponsorship,90,596,50744.97,5,8.0
RB02575,2023-01-15,USA-EAST,Original Blue,in-store promo,80,557,41901.24,2,2.0
RB03012,2024-06-01,TH-NORTH,Red Edition,in-store promo,75,775,28958.06,1,6.0
RB08749,2023-10-30,TH-NORTH,Krating Daeng 250,TV Ad,60,665,11994.63,5,5.0
RB00595,2023-10-26,TH-CENTRAL,Original Blue,TV Ad,80,602,42564.12,2,6.0
RB07928,2024-05-19,TH-NORTH,Tropical Edition,f1 sponsorship,85,395,14655.0,2,4.0
RB08604,2023-11-21,EUROPE-EU,Sugarfree,in-store promo,90,426,13724.91,0,9.0
RB09447,2023-03-09,TH-CENTRAL,Krating Daeng 250,f1 sponsorship,60,605,15014.59,1,8.0
RB00839,2024-07-08,USA-WEST,Krating Daeng 250,f1 sponsorship,60,553,7474.44,5,5.0
RB03908,2024-05-08,TH-NORTH,Tropical Edition,TV Ad,85,595,8289.53,3,7.0
RB01770,2024-08-10,TH-NORTH,Krating Daeng 250,TV Ad,60,519,57728.24,1,5.0
RB02063,2024-12-16,TH-EAST,Original Blue,extreme sports,80,630,32422.18,2,6.0
RB01872,2023-03-20,TH-NORTH,Tropical Edition,in-store promo,85,331,18578.81,3,5.0
RB09050,2023-07-30,USA-EAST,Tropical Edition,Social Media,85,410,41647.72,1,3.0
RB06263,2023-05-23,TH-NORTH,Red Edition,f1 sponsorship,75,411,32658.19,2,7.0
RB03949,2023-10-17,USA-WEST,Sugarfree,Social Media,90,647,32658.19,5,8.0
RB00546,2023-10-21,TH-CENTRAL,Original Blue,Social Media,80,637,48527.52,82,1.0
RB05125,2023-09-01,EUROPE-EU,Krating Daeng 250,in-store promo,60,638,53117.86,1,10.0
RB02935,2024-12-08,EUROPE-EU,Red Edition,Social Media,75,528,41891.61,3,10.0
RB02225,2023-08-10,TH-SOUTH,Red Edition,in-store promo,75,417,24996.23,2,3.0
RB04280,2024-09-25,TH-NORTH,Tropical Edition,in-store promo,85,730,55468.54,5,3.0
RB08878,2024-01-22,TH-NORTH,Tropical Edition,f1 sponsorship,85,329,19250.07,2,5.0
RB00307,2023-12-30,ASIA-PACIFIC,Red Edition,extreme sports,75,565,23321.04,2,3.0
RB04107,2023-01-10,EUROPE-EU,Red Edition,Social Media,75,458,35647.16,4,8.0
RB06930,2023-02-07,TH-NORTH,Tropical Edition,Social Media,85,672,7696.38,2,5.0
RB07669,2024-10-25,TH-CENTRAL,Sugarfree,TV Ad,90,545,37284.12,2,5.0
RB05796,2024-12-19,ASIA-PACIFIC,Krating Daeng 250,TV Ad,60,604,22788.52,2,1.0
RB03332,2024-08-31,EUROPE-EU,Original Blue,Social Media,80,534,32977.27,2,6.0
RB04753,2023-04-13,EUROPE-EU,Krating Daeng 250,in-store promo,60,417,41320.38,2,5.0
RB00356,2023-07-29,TH-NORTH,Red Edition,f1 sponsorship,75,627,55347.41,1,10.0
RB08247,2023-01-05,TH-CENTRAL,Tropical Edition,in-store promo,85,606,9041.54,2,6.0
RB08468,2023-09-10,TH-CENTRAL,Tropical Edition,Social Media,85,534,30757.49,2,6.0
RB07167,2023-10-10,TH-CENTRAL,Krating Daeng 250,f1 sponsorship,60,437,58763.76,2,7.0
RB02476,2023-08-31,TH-SOUTH,Sugarfree,TV Ad,90,524,20581.3,2,4.0
RB04909,2023-11-28,TH-CENTRAL,Red Edition,extreme sports,75,379,24642.4,2,5.0
RB04928,2024-01-23,TH-NORTH,Sugarfree,TV Ad,90,371,14197.91,2,6.0
RB07336,2024-12-21,EUROPE-EU,Red Edition,TV Ad,75,691,19147.26,1,6.0
RB09155,2024-02-04,TH-NORTH,Original Blue,TV Ad,80,605,14304.35,1,5.0
RB07833,2023-05-18,TH-CENTRAL,Sugarfree,extreme sports,90,598,58739.43,5,9.0
RB09372,2023-06-23,TH-EAST,Red Edition,Social Media,75,553,58492.32,2,5.0
RB04279,2024-06-09,USA-EAST,Red Edition,f1 sponsorship,75,618,25624.1,1,6.0
RB03521-DUP,2024-05-24,TH-CENTRAL,Tropical Edition,Social Media,85,827,7241.71,0,8.0
RB00612,2023-05-28,USA-EAST,Tropical Edition,in-store promo,85,660,22491.93,2,7.0
RB07160,2023-12-16,USA-EAST,Krating Daeng 250,Social Media,60,723,58538.89,0,6.0
RB03335,2024-08-07,EUROPE-EU,Tropical Edition,f1 sponsorship,85,758,20040.99,1,5.0
RB05799,2023-07-09,USA-WEST,Red Edition,extreme sports,75,636,40234.44,4,6.0
RB07910,2023-05-31,TH-NORTH,Red Edition,Social Media,75,450,47465.54,2,2.0
RB00891,2023-01-11,TH-SOUTH,Sugarfree,TV Ad,90,309,13936.68,1,7.0
RB05174,2024-06-18,USA-EAST,Krating Daeng 250,extreme sports,60,481,32658.19,2,8.0
RB02315,2023-10-18,TH-EAST,Krating Daeng 250,in-store promo,60,569,33385.17,2,6.0
RB04689,2024-06-05,TH-NORTH,Krating Daeng 250,TV Ad,60,600,36028.69,2,9.0
RB07985,2024-03-27,TH-EAST,Tropical Edition,TV Ad,85,519,55068.86,1,8.0
RB00624,2024-03-26,TH-CENTRAL,Original Blue,f1 sponsorship,80,442,22694.47,2,6.0
RB08050,2024-08-29,ASIA-PACIFIC,Sugarfree,extreme sports,90,480,33145.1,3,6.0
RB06904,2023-04-26,TH-EAST,Krating Daeng 250,TV Ad,60,615,17975.67,4,2.0
RB07036,2023-11-08,TH-EAST,Original Blue,in-store promo,80,459,29292.24,3,6.0
RB04908,2023-06-21,TH-EAST,Tropical Edition,extreme sports,85,487,55838.89,1,7.0
RB05871,2024-03-06,TH-CENTRAL,Sugarfree,f1 sponsorship,90,514,36255.08,1,6.0
RB01302,2024-11-27,USA-WEST,Sugarfree,in-store promo,90,646,14955.77,3,7.0
RB01508,2024-07-28,USA-EAST,Original Blue,in-store promo,80,430,7234.02,0,8.0
RB04531,2024-06-09,USA-WEST,Red Edition,extreme sports,75,596,39658.42,2,8.0
RB08423,2023-03-02,TH-NORTH,Red Edition,TV Ad,75,657,13888.26,2,7.0
RB03775,2024-03-05,USA-EAST,Sugarfree,extreme sports,90,651,34820.52,2,8.0
RB03153,2024-07-02,USA-EAST,Krating Daeng 250,TV Ad,60,527,1523637.55,2,9.0
RB03579,2024-07-31,USA-EAST,Krating Daeng 250,extreme sports,60,585,17036.51,0,8.0
RB03233,2024-09-21,USA-EAST,Red Edition,f1 sponsorship,75,642,59099.81,3,5.0
RB02806,2024-01-24,TH-SOUTH,Sugarfree,f1 sponsorship,90,776,20048.35,2,5.0
RB08580,2023-05-12,TH-SOUTH,Tropical Edition,TV Ad,85,424,28275.06,3,10.0
RB00942,2024-08-31,TH-CENTRAL,Tropical Edition,f1 sponsorship,85,647,38148.53,2,6.0
RB02373,2024-12-24,USA-WEST,Original Blue,in-store promo,80,600,32352.15,2,10.0
RB04212,2024-08-06,USA-WEST,Sugarfree,TV Ad,90,785,32467.43,2,3.0
RB01615,2023-04-25,TH-SOUTH,Sugarfree,extreme sports,90,311,34144.83,1,7.0
RB01114,2023-01-30,TH-CENTRAL,Original Blue,f1 sponsorship,80,589,24437.23,2,6.0
RB04488-DUP,2023-01-22,ASIA-PACIFIC,Krating Daeng 250,f1 sponsorship,60,517,53877.52,2,7.0
RB06833,2023-03-21,USA-EAST,Red Edition,extreme sports,75,610,17117.81,4,7.0
RB01580,2023-01-02,ASIA-PACIFIC,Tropical Edition,Social Media,85,480,19030.62,3,6.0
RB07165,2023-08-02,TH-SOUTH,Sugarfree,extreme sports,90,331,53021.19,1,6.0
RB06069,2024-12-30,TH-EAST,Krating Daeng 250,TV Ad,60,698,16423.02,3,6.0
RB03586,2023-01-22,TH-NORTH,Original Blue,in-store promo,80,570,45063.36,3,8.0
RB08290,2023-12-04,ASIA-PACIFIC,Tropical Edition,extreme sports,85,460,50801.6,2,6.0
RB02778,2024-04-15,TH-SOUTH,Red Edition,f1 sponsorship,75,564,31052.02,2,6.0
RB06887,2023-10-13,TH-NORTH,Krating Daeng 250,f1 sponsorship,60,708,56302.17,2,5.0
RB06688,2023-11-10,USA-WEST,Tropical Edition,Social Media,85,510,21209.15,3,5.0
RB02060,2024-01-02,USA-EAST,Krating Daeng 250,in-store promo,60,546,8034.23,2,6.0
RB02333,2023-07-07,USA-WEST,Sugarfree,TV Ad,90,446,32742.29,5,6.0
RB02073,2023-06-03,TH-CENTRAL,Original Blue,extreme sports,80,579,56550.73,2,4.0
RB03884,2023-07-09,ASIA-PACIFIC,Original Blue,TV Ad,80,605,51544.0,1,10.0
RB06479,2024-01-01,TH-SOUTH,Red Edition,Social Media,75,508,25922.46,2,6.0
RB02699,2024-11-14,TH-NORTH,Original Blue,in-store promo,80,501,52738.28,2,8.0
RB08815,2024-03-25,TH-NORTH,Sugarfree,extreme sports,90,583,34772.9,4,6.0
RB00920,2023-07-09,TH-NORTH,Red Edition,f1 sponsorship,75,544,10109.83,1,3.0
RB00131,2024-08-19,ASIA-PACIFIC,Krating Daeng 250,in-store promo,60,468,33599.39,4,4.0
RB07310,2024-12-23,USA-EAST,Original Blue,Social Media,80,425,45778.76,5,6.0
RB08515,2023-07-18,USA-EAST,Red Edition,TV Ad,75,595,11926.45,1,2.0
RB06215,2023-01-17,USA-EAST,Sugarfree,Social Media,90,618,8733.21,1,8.0
RB02103,2023-10-18,USA-EAST,Original Blue,Social Media,80,602,50895.23,0,6.0
RB05969,2024-08-04,TH-CENTRAL,Tropical Edition,in-store promo,85,772,20974.94,2,5.0
RB00467,2024-09-04,EUROPE-EU,Tropical Edition,extreme sports,85,637,26170.06,3,3.0
RB03897,2023-03-27,TH-NORTH,Sugarfree,extreme sports,90,462,13932.72,2,8.0
RB08657,2023-05-24,USA-EAST,Red Edition,f1 sponsorship,75,608,13036.1,4,7.0
RB02538,2023-09-17,USA-EAST,Original Blue,Social Media,80,444,52293.96,1,7.0
RB08414,2024-12-01,TH-NORTH,Red Edition,Social Media,75,466,35144.36,3,5.0
RB01544,2024-06-25,TH-NORTH,Original Blue,extreme sports,80,499,25080.76,1,3.0
RB00380,2024-07-22,ASIA-PACIFIC,Red Edition,TV Ad,75,581,13759.75,3,7.0
RB05717,2024-01-28,ASIA-PACIFIC,Sugarfree,in-store promo,90,383,54099.22,2,7.0
RB07637,2023-03-19,TH-NORTH,Tropical Edition,TV Ad,85,705,50032.32,5,10.0
RB07672,2024-06-16,USA-WEST,Tropical Edition,extreme sports,85,554,29105.55,5,2.0
RB07882,2024-02-15,TH-EAST,Sugarfree,f1 sponsorship,90,597,5919.45,2,3.0
RB03082,2024-11-12,TH-NORTH,Tropical Edition,in-store promo,85,451,20053.84,0,7.0
RB00748,2023-05-15,ASIA-PACIFIC,Sugarfree,in-store promo,90,460,7025.77,1,9.0
RB03084,2024-06-13,TH-EAST,Krating Daeng 250,TV Ad,60,468,40489.87,2,2.0
RB00990,2023-07-30,TH-NORTH,Tropical Edition,extreme sports,85,525,16730.41,2,8.0
RB05113,2024-09-09,USA-EAST,Krating Daeng 250,Social Media,60,515,31248.45,1,5.0
RB03639,2023-03-26,EUROPE-EU,Krating Daeng 250,extreme sports,60,778,44681.32,2,8.0
RB07627,2023-06-09,EUROPE-EU,Krating Daeng 250,in-store promo,60,721,55686.74,3,10.0
RB00567,2023-02-02,TH-NORTH,Original Blue,extreme sports,80,698,12280.83,0,8.0
RB03624,2023-10-05,USA-EAST,Tropical Edition,in-store promo,85,543,59356.25,5,10.0
RB04756,2023-07-13,TH-CENTRAL,Red Edition,TV Ad,75,429,40503.03,3,6.0
RB03088,2023-04-06,TH-NORTH,Krating Daeng 250,TV Ad,60,348,24351.5,3,9.0
RB01852,2024-05-20,EUROPE-EU,Krating Daeng 250,f1 sponsorship,60,438,44092.71,3,4.0
RB03259,2024-03-26,EUROPE-EU,Tropical Edition,extreme sports,85,270,15003.12,1,7.0
RB02194,2023-02-03,TH-CENTRAL,Original Blue,in-store promo,80,292,39268.44,0,8.0
RB03896,2024-12-06,USA-EAST,Tropical Edition,in-store promo,85,570,12702.66,2,4.0
RB07441,2023-03-14,TH-EAST,Original Blue,Social Media,80,569,19843.1,1,5.0
RB01978,2024-01-29,USA-WEST,Tropical Edition,TV Ad,85,622,5994.99,4,8.0
RB08674,2024-03-12,TH-SOUTH,Red Edition,TV Ad,75,552,39575.58,2,5.0
RB06586,2023-05-03,USA-WEST,Tropical Edition,Social Media,85,656,55749.58,2,9.0
RB08438,2023-12-13,TH-NORTH,Original Blue,extreme sports,80,495,36952.89,3,6.0
RB08113,2023-01-08,TH-CENTRAL,Krating Daeng 250,TV Ad,60,660,5354.91,2,1.0
RB00664,2023-07-16,TH-NORTH,Tropical Edition,in-store promo,85,593,14121.58,4,9.0
RB06629,2023-06-16,TH-SOUTH,Tropical Edition,f1 sponsorship,85,493,54193.59,1,5.0
RB02158,2023-10-09,TH-SOUTH,Sugarfree,extreme sports,90,637,44934.76,3,2.0
RB03778,2023-01-04,USA-WEST,Red Edition,extreme sports,75,594,21173.12,2,5.0
RB02161,2023-06-20,EUROPE-EU,Red Edition,f1 sponsorship,75,479,53147.87,3,6.0
RB00931,2024-09-02,TH-CENTRAL,Krating Daeng 250,Social Media,60,648,43266.76,3,6.0
RB04615,2024-01-18,TH-CENTRAL,Red Edition,f1 sponsorship,75,739,32658.19,5,2.0
RB09564,2024-05-11,USA-EAST,Krating Daeng 250,extreme sports,60,852,35602.74,0,8.0
RB01614,2024-07-07,ASIA-PACIFIC,Red Edition,Social Media,75,391,5015.08,5,6.0
RB01415,2024-07-18,USA-WEST,Red Edition,extreme sports,75,484,5957.75,0,2.0
RB01315,2023-06-11,USA-WEST,Original Blue,f1 sponsorship,80,824,27263.68,2,10.0
RB06896,2023-06-08,TH-NORTH,Original Blue,in-store promo,80,313,34842.61,3,10.0
RB02611,2024-01-20,USA-WEST,Krating Daeng 250,f1 sponsorship,60,597,44030.23,1,5.0
RB02475,2023-11-24,USA-EAST,Sugarfree,in-store promo,90,502,8641.77,0,6.0
RB05022,2024-12-22,TH-NORTH,Red Edition,Social Media,75,345,56689.8,3,5.0
RB04715,2023-08-09,USA-WEST,Original Blue,Social Media,80,427,56010.06,5,6.0
RB08741,2023-10-03,EUROPE-EU,Red Edition,TV Ad,75,425,17564.82,0,2.0
RB07262,2024-07-15,USA-EAST,Sugarfree,Social Media,90,654,9037.49,3,4.0
RB06608,2024-11-17,USA-EAST,Tropical Edition,TV Ad,85,654,32658.19,1,5.0
RB06358,2023-06-28,ASIA-PACIFIC,Tropical Edition,extreme sports,85,665,11638.54,2,6.0
RB04631,2023-07-04,TH-CENTRAL,Tropical Edition,Social Media,85,447,48779.39,2,6.0
RB06150,2023-07-29,EUROPE-EU,Sugarfree,TV Ad,90,573,29354.19,5,8.0
RB08627,2024-12-04,TH-CENTRAL,Krating Daeng 250,in-store promo,60,693,43623.63,2,6.0
RB04854,2023-10-10,USA-EAST,Tropical Edition,TV Ad,85,588,26505.64,3,2.0
RB09249,2024-10-10,TH-NORTH,Tropical Edition,TV Ad,85,361,38477.65,5,8.0
RB08013,2024-03-14,ASIA-PACIFIC,Krating Daeng 250,extreme sports,60,523,42000.02,2,6.0
RB01221,2024-07-14,USA-WEST,Tropical Edition,in-store promo,85,780,11555.18,3,3.0
RB09317,2023-06-11,USA-EAST,Sugarfree,in-store promo,90,554,13908.79,1,2.0
RB05375,2023-05-03,USA-EAST,Red Edition,in-store promo,75,436,26083.27,1,10.0
RB01388,2023-08-05,TH-NORTH,Red Edition,TV Ad,75,515,23307.99,1,9.0
RB09427,2023-01-23,USA-EAST,Sugarfree,extreme sports,90,476,38884.76,4,9.0
RB09581,2024-11-14,TH-NORTH,Sugarfree,extreme sports,90,310,50657.19,1,6.0
RB09241,2023-04-05,TH-CENTRAL,Tropical Edition,in-store promo,85,529,40497.03,3,2.0
RB03991,2023-10-11,TH-NORTH,Original Blue,Social Media,80,554,32525.13,1,6.0
RB02385,2024-02-09,TH-SOUTH,Tropical Edition,extreme sports,85,413,58776.44,2,7.0
RB07548,2023-03-04,USA-WEST,Sugarfree,extreme sports,90,511,6501.55,1,9.0
RB01928,2023-06-10,TH-CENTRAL,Original Blue,Social Media,80,396,31336.11,1,5.0
RB05718,2024-01-07,USA-EAST,Tropical Edition,Social Media,85,684,42415.93,2,10.0
RB08647,2023-06-17,EUROPE-EU,Original Blue,Social Media,80,285,12727.43,5,6.0
RB08061,2023-09-08,TH-CENTRAL,Original Blue,in-store promo,80,728,32658.19,0,9.0
RB05123,2023-01-05,EUROPE-EU,Tropical Edition,TV Ad,85,200,51339.41,2,5.0
RB05651-DUP,2024-11-12,USA-EAST,Sugarfree,TV Ad,90,362,19760.51,0,4.0
RB09444,2024-12-10,USA-EAST,Tropical Edition,extreme sports,85,575,42343.72,3,9.0
RB07234,2023-06-27,USA-EAST,Sugarfree,f1 sponsorship,90,714,18547.79,3,7.0
RB06283,2024-07-19,USA-WEST,Krating Daeng 250,Social Media,60,262,10379.04,3,6.0
RB02003,2023-07-09,TH-NORTH,Sugarfree,f1 sponsorship,90,630,10147.75,3,8.0
RB04764,2024-10-01,TH-CENTRAL,Tropical Edition,TV Ad,85,420,40904.86,1,9.0
RB02897,2024-03-04,TH-NORTH,Tropical Edition,Social Media,85,358,44929.02,0,2.0
RB06172,2024-06-18,USA-EAST,Krating Daeng 250,in-store promo,60,582,24962.8,2,10.0
RB01668,2024-06-20,TH-CENTRAL,Original Blue,TV Ad,80,565,25722.44,5,8.0
RB03367,2024-10-11,EUROPE-EU,Red Edition,f1 sponsorship,75,452,17460.81,4,5.0
RB09200-DUP,2023-04-13,TH-EAST,Sugarfree,TV Ad,90,374,15866.37,1,7.0
RB06303,2023-08-09,TH-EAST,Red Edition,extreme sports,75,456,57966.9,2,5.0
RB02963,2024-10-20,TH-EAST,Red Edition,Social Media,75,690,38494.03,2,2.0
RB03822,2024-05-18,ASIA-PACIFIC,Tropical Edition,f1 sponsorship,85,466,45650.26,4,4.0
RB04078,2024-04-26,TH-SOUTH,Original Blue,extreme sports,80,731,11614.6,3,9.0
RB07200,2024-08-12,TH-CENTRAL,Krating Daeng 250,in-store promo,60,433,18699.25,5,7.0
RB09247,2024-08-24,USA-EAST,Krating Daeng 250,in-store promo,60,606,59166.83,2,7.0
RB06641,2023-07-20,USA-EAST,Original Blue,in-store promo,80,539,15209.62,2,10.0
RB06932,2024-10-18,TH-EAST,Krating Daeng 250,f1 sponsorship,60,349,37662.44,2,8.0
RB02086,2024-05-26,USA-EAST,Krating Daeng 250,in-store promo,60,360,34599.7,3,9.0
RB07447,2023-08-14,ASIA-PACIFIC,Original Blue,in-store promo,80,559,16890.89,2,7.0
RB01687,2024-02-25,USA-WEST,Tropical Edition,TV Ad,85,468,52062.15,2,6.0
RB00248,2023-06-02,TH-EAST,Original Blue,Social Media,80,494,53190.39,5,4.0
RB01887,2024-02-04,EUROPE-EU,Krating Daeng 250,in-store promo,60,694,40119.66,2,6.0
RB02226,2023-12-12,TH-CENTRAL,Sugarfree,f1 sponsorship,90,586,13834.9,5,4.0
RB03608,2023-06-29,TH-NORTH,Tropical Edition,extreme sports,85,564,28104.18,2,5.0
RB07638,2023-12-09,USA-WEST,Krating Daeng 250,Social Media,60,482,7816.49,2,10.0
RB09037,2024-06-22,TH-SOUTH,Sugarfree,in-store promo,90,477,58163.32,2,3.0
RB09374,2023-11-21,USA-EAST,Original Blue,Social Media,80,567,51492.82,2,9.0
RB00751,2023-03-06,TH-SOUTH,Sugarfree,TV Ad,90,553,49458.53,1,8.0
RB08430,2024-10-12,TH-NORTH,Original Blue,f1 sponsorship,80,431,26187.34,2,2.0
RB01110,2023-04-18,TH-NORTH,Krating Daeng 250,f1 sponsorship,60,560,43970.03,0,7.0
RB01345,2024-01-17,TH-SOUTH,Sugarfree,extreme sports,90,813,32863.87,2,6.0
RB08311,2024-08-11,TH-EAST,Original Blue,Social Media,80,584,44639.82,5,1.0
RB08998,2023-07-22,USA-EAST,Sugarfree,in-store promo,90,401,37130.33,5,3.0
RB04933-DUP,2024-07-12,EUROPE-EU,Red Edition,Social Media,75,523,12362.47,0,9.0
RB02794,2024-08-04,ASIA-PACIFIC,Tropical Edition,extreme sports,85,605,18856.07,2,1.0
RB00459,2023-11-21,TH-CENTRAL,Sugarfree,Social Media,90,631,15084.73,2,9.0
RB08578,2023-08-01,TH-NORTH,Original Blue,f1 sponsorship,80,481,13540.61,2,9.0
RB07420,2023-04-29,USA-EAST,Original Blue,Social Media,80,669,12066.75,2,4.0
RB02845,2023-12-26,EUROPE-EU,Red Edition,in-store promo,75,313,21776.74,3,6.0
RB06913,2023-06-05,TH-EAST,Tropical Edition,Social Media,85,577,19017.97,2,1.0
RB00625,2024-05-20,EUROPE-EU,Krating Daeng 250,TV Ad,60,737,10200.82,1,6.0
RB03989,2023-09-16,TH-CENTRAL,Tropical Edition,TV Ad,85,483,34285.3,2,7.0
RB01997,2023-06-01,TH-NORTH,Original Blue,in-store promo,80,563,47215.18,2,6.0
RB02109,2024-01-17,ASIA-PACIFIC,Sugarfree,Social Media,90,538,32359.53,4,8.0
RB06346,2023-08-04,TH-SOUTH,Sugarfree,TV Ad,90,483,47817.55,4,6.0
RB03456,2023-02-18,TH-SOUTH,Tropical Edition,Social Media,85,632,7494.13,1,5.0
RB03228,2024-06-03,USA-WEST,Krating Daeng 250,extreme sports,60,634,54787.7,5,6.0
RB05192-DUP,2024-07-29,TH-CENTRAL,Red Edition,in-store promo,75,720,10408.21,2,8.0
RB01672,2024-08-14,TH-NORTH,Krating Daeng 250,f1 sponsorship,60,647,26774.65,2,8.0
RB03101,2023-11-13,USA-EAST,Red Edition,in-store promo,75,552,37914.75,4,3.0
RB07982,2024-06-27,ASIA-PACIFIC,Red Edition,extreme sports,75,607,36171.71,5,3.0
RB09421,2024-08-07,USA-WEST,Krating Daeng 250,f1 sponsorship,60,601,29766.15,4,7.0
RB04346,2024-10-17,EUROPE-EU,Sugarfree,TV Ad,90,638,24158.42,2,9.0
RB05609,2024-07-12,USA-WEST,Krating Daeng 250,Social Media,60,474,55199.37,2,4.0
RB01364,2024-02-22,TH-CENTRAL,Original Blue,Social Media,80,449,45568.34,5,9.0
RB01081,2023-09-14,EUROPE-EU,Sugarfree,in-store promo,90,414,11312.18,4,2.0
RB03932,2023-02-19,TH-SOUTH,Sugarfree,TV Ad,90,514,32713.07,3,2.0
RB04878,2024-11-17,TH-SOUTH,Sugarfree,Social Media,90,615,53723.91,0,5.0
RB06149,2024-04-13,TH-CENTRAL,Sugarfree,Social Media,90,353,24835.44,5,3.0
RB03444,2024-09-27,USA-EAST,Krating Daeng 250,TV Ad,60,622,32658.19,2,10.0
RB01683,2023-06-20,USA-WEST,Red Edition,in-store promo,75,485,40967.21,2,3.0
RB06336,2024-04-11,TH-NORTH,Krating Daeng 250,Social Media,60,644,50755.87,3,7.0
RB06316,2023-05-02,TH-EAST,Original Blue,TV Ad,80,458,13677.82,0,4.0
RB07897,2023-08-04,TH-EAST,Krating Daeng 250,extreme sports,60,410,35866.76,2,10.0
RB03135,2023-11-29,USA-EAST,Tropical Edition,Social Media,85,570,36533.38,2,8.0
RB02916,2024-05-10,EUROPE-EU,Original Blue,in-store promo,80,569,48978.57,60,8.0
RB06743,2023-08-11,TH-CENTRAL,Sugarfree,in-store promo,90,527,32658.19,2,7.0
RB05175,2023-07-04,TH-CENTRAL,Tropical Edition,TV Ad,85,482,17834.8,1,7.0
RB01942,2024-12-07,USA-EAST,Original Blue,extreme sports,80,549,47533.02,2,7.0
RB09527,2023-01-23,USA-EAST,Krating Daeng 250,Social Media,60,625,52736.35,2,3.0
RB00470,2024-10-31,TH-SOUTH,Krating Daeng 250,f1 sponsorship,60,500,56984.2,0,7.0
RB02498,2023-02-27,EUROPE-EU,Tropical Edition,Social Media,85,647,17396.82,2,8.0
RB04295,2023-05-25,TH-SOUTH,Krating Daeng 250,extreme sports,60,631,36818.67,1,6.0
RB07058,2024-07-28,TH-CENTRAL,Red Edition,Social Media,75,571,38394.9,0,5.0
RB07154,2024-05-09,TH-SOUTH,Krating Daeng 250,Social Media,60,435,27453.94,3,1.0
RB08125,2024-06-05,USA-WEST,Krating Daeng 250,f1 sponsorship,60,341,27726.22,4,1.0
RB09152,2024-12-30,TH-SOUTH,Sugarfree,in-store promo,90,696,51169.98,3,9.0
RB03692,2023-08-20,TH-CENTRAL,Krating Daeng 250,TV Ad,60,628,53311.83,1,5.0
RB05019,2023-06-30,ASIA-PACIFIC,Red Edition,in-store promo,75,649,55697.3,4,5.0
RB06524,2023-05-05,USA-EAST,Tropical Edition,TV Ad,85,497,13400.07,1,5.0
RB08112,2023-05-01,EUROPE-EU,Red Edition,extreme sports,75,369,32658.19,1,2.0
RB07289,2023-01-05,ASIA-PACIFIC,Tropical Edition,extreme sports,85,526,58155.24,2,2.0
RB08873,2024-04-02,USA-EAST,Sugarfree,f1 sponsorship,90,488,12611.25,3,6.0
RB05800,2024-05-04,USA-EAST,Tropical Edition,Social Media,85,11842,19949.63,2,8.0
RB03865,2024-09-20,USA-EAST,Sugarfree,f1 sponsorship,90,332,8321.63,2,4.0
RB08241,2023-05-15,TH-CENTRAL,Tropical Edition,in-store promo,85,478,59391.5,0,5.0
RB00947,2023-08-28,TH-CENTRAL,Sugarfree,TV Ad,90,484,8128.44,1,5.0
RB05970,2024-12-08,TH-NORTH,Red Edition,Social Media,75,832,34689.03,0,4.0
RB07326,2023-10-05,TH-NORTH,Sugarfree,in-store promo,90,466,1371614.15,3,8.0
RB03638,2024-06-17,TH-NORTH,Krating Daeng 250,Social Media,60,546,45245.4,5,8.0
RB03782,2023-05-22,TH-CENTRAL,Sugarfree,Social Media,90,282,11294.77,1,6.0
RB00089,2024-11-13,ASIA-PACIFIC,Original Blue,Social Media,80,622,20710.61,2,2.0
RB05062,2024-09-23,TH-CENTRAL,Original Blue,extreme sports,80,503,48476.25,1,10.0
RB04974,2023-09-28,USA-EAST,Sugarfree,f1 sponsorship,90,682,32658.19,0,10.0
RB02246,2023-11-28,EUROPE-EU,Red Edition,f1 sponsorship,75,459,13444.01,3,8.0
RB03472,2024-05-14,TH-NORTH,Tropical Edition,TV Ad,85,517,34297.33,1,7.0
RB08373,2023-05-31,TH-SOUTH,Original Blue,Social Media,80,407,20233.74,0,10.0
RB08696,2023-03-28,TH-SOUTH,Krating Daeng 250,extreme sports,60,439,51969.15,1,9.0
RB08231,2024-12-23,TH-SOUTH,Red Edition,Social Media,75,870,19046.68,3,5.0
RB08110,2024-07-27,TH-SOUTH,Red Edition,in-store promo,75,609,59304.09,4,6.0
RB02521,2023-03-28,TH-CENTRAL,Tropical Edition,TV Ad,85,552,37602.96,4,2.0
RB06888,2024-04-13,USA-EAST,Tropical Edition,TV Ad,85,567,10772.81,2,8.0
RB08902,2024-09-07,TH-CENTRAL,Original Blue,f1 sponsorship,80,404,58402.17,1,9.0
RB00326,2023-10-15,TH-NORTH,Krating Daeng 250,extreme sports,60,712,32658.19,2,6.0
RB09570,2024-11-05,TH-SOUTH,Sugarfree,in-store promo,90,241,44444.46,1,7.0
RB07233,2023-09-22,EUROPE-EU,Original Blue,Social Media,80,463,11657.35,4,5.0
RB08720,2024-11-27,TH-EAST,Tropical Edition,f1 sponsorship,85,200,37291.01,3,6.0
RB02342,2023-01-16,TH-EAST,Krating Daeng 250,extreme sports,60,865,56521.85,2,2.0
RB06809,2024-03-25,TH-NORTH,Red Edition,TV Ad,75,661,16989.53,1,6.0
RB07158,2024-11-20,USA-EAST,Original Blue,extreme sports,80,589,46799.36,2,10.0
RB09069,2024-08-20,ASIA-PACIFIC,Red Edition,in-store promo,75,422,18147.25,3,7.0
RB09433,2024-08-27,ASIA-PACIFIC,Krating Daeng 250,f1 sponsorship,60,458,59402.01,1,2.0
RB08106,2023-12-07,USA-EAST,Red Edition,extreme sports,75,457,12302.33,4,5.0
RB01044,2023-11-11,EUROPE-EU,Krating Daeng 250,in-store promo,60,498,13732.75,2,2.0
RB01197,2024-11-26,USA-WEST,Original Blue,TV Ad,80,622,13152.26,2,6.0
RB09365,2024-09-04,TH-SOUTH,Original Blue,TV Ad,80,478,47328.47,0,8.0
RB08476,2024-07-28,USA-EAST,Tropical Edition,TV Ad,85,617,40741.84,0,6.0
RB06675,2023-12-29,TH-NORTH,Krating Daeng 250,TV Ad,60,531,58171.49,4,8.0
RB07122,2023-06-27,TH-CENTRAL,Sugarfree,Social Media,90,480,44274.52,1,9.0
RB08490,2024-01-21,TH-CENTRAL,Krating Daeng 250,f1 sponsorship,60,454,36416.85,2,4.0
RB05837,2023-03-28,TH-CENTRAL,Red Edition,f1 sponsorship,75,555,8105.34,2,2.0
RB01523,2024-02-07,TH-CENTRAL,Sugarfree,f1 sponsorship,90,495,32658.19,2,4.0
RB02137,2023-08-19,TH-SOUTH,Sugarfree,f1 sponsorship,90,389,42621.06,2,5.0
RB09412,2023-05-07,TH-CENTRAL,Tropical Edition,Social Media,85,705,22411.49,3,6.0
RB01171,2023-05-02,TH-CENTRAL,Red Edition,extreme sports,75,581,5985.91,2,9.0
RB02395,2024-05-22,TH-EAST,Sugarfree,extreme sports,90,548,24175.04,4,6.0
RB07278,2023-01-04,TH-CENTRAL,Original Blue,TV Ad,80,492,16134.69,1,3.0
RB05910,2024-06-03,USA-WEST,Red Edition,TV Ad,75,588,48128.94,0,6.0
RB06262,2024-04-22,TH-CENTRAL,Tropical Edition,Social Media,85,586,16522.62,2,1.0
RB09449,2023-11-19,USA-WEST,Sugarfree,f1 sponsorship,90,469,22484.43,0,4.0
RB03648,2024-08-05,TH-CENTRAL,Tropical Edition,extreme sports,85,501,23125.4,1,1.0
RB06740,2023-08-03,TH-NORTH,Sugarfree,extreme sports,90,475,6862.45,2,6.0
RB08018,2023-01-31,USA-WEST,Sugarfree,extreme sports,90,514,12414.3,3,7.0
RB08884,2024-09-17,USA-EAST,Sugarfree,in-store promo,90,588,43395.88,3,8.0
RB00300,2024-03-21,TH-NORTH,Sugarfree,Social Media,90,387,50524.78,0,6.0
RB03302,2023-10-29,TH-NORTH,Sugarfree,extreme sports,90,542,50214.53,5,9.0
RB08530,2024-01-25,TH-CENTRAL,Original Blue,f1 sponsorship,80,440,53770.1,0,5.0
RB07593,2024-11-25,TH-CENTRAL,Tropical Edition,TV Ad,85,557,23759.34,4,6.0
RB09480,2023-01-24,TH-SOUTH,Original Blue,Social Media,80,615,34852.41,2,5.0
RB03198,2024-12-31,USA-EAST,Sugarfree,in-store promo,90,600,32340.91,0,6.0
RB07887,2024-07-18,TH-CENTRAL,Tropical Edition,in-store promo,85,541,29249.89,3,7.0
RB02704,2023-04-19,TH-NORTH,Sugarfree,Social Media,90,484,36405.03,3,7.0
RB05524,2023-06-27,TH-EAST,Sugarfree,in-store promo,90,372,36696.93,3,2.0
RB04307,2024-02-07,TH-SOUTH,Original Blue,in-store promo,80,636,37377.96,2,9.0
RB07795,2024-11-12,TH-EAST,Krating Daeng 250,TV Ad,60,524,6372.93,5,8.0
RB09407,2024-10-20,USA-EAST,Krating Daeng 250,f1 sponsorship,60,566,46999.21,2,8.0
RB02881,2024-11-11,TH-NORTH,Tropical Edition,f1 sponsorship,85,510,23775.65,2,9.0
RB06430,2024-10-31,TH-EAST,Original Blue,f1 sponsorship,80,522,11131.65,1,6.0
RB08105,2024-06-25,EUROPE-EU,Tropical Edition,f1 sponsorship,85,506,32658.19,2,5.0
RB00341,2024-12-22,USA-WEST,Sugarfree,TV Ad,90,335,21257.96,1,6.0
RB00425,2024-08-01,EUROPE-EU,Tropical Edition,in-store promo,85,642,47852.88,3,8.0
RB07343,2023-10-19,TH-NORTH,Red Edition,TV Ad,75,679,5799.03,2,6.0
RB07430,2024-11-04,TH-NORTH,Original Blue,Social Media,80,728,45920.07,2,6.0
RB00008,2024-01-16,USA-WEST,Original Blue,Social Media,80,524,21662.02,1,1.0
RB01880,2023-09-11,TH-NORTH,Sugarfree,TV Ad,90,583,47935.06,3,7.0
RB08957,2023-02-21,TH-NORTH,Tropical Edition,Social Media,85,507,44705.54,3,9.0
RB05689,2024-02-01,USA-EAST,Tropical Edition,extreme sports,85,511,24318.63,1,2.0
RB06821,2023-04-22,TH-CENTRAL,Red Edition,Social Media,75,392,58903.55,2,6.0
RB09019,2023-07-29,USA-EAST,Krating Daeng 250,extreme sports,60,539,28770.38,3,6.0
RB00778,2024-03-17,TH-NORTH,Original Blue,TV Ad,80,364,49705.95,4,5.0
RB08390,2024-01-14,TH-NORTH,Krating Daeng 250,extreme sports,60,621,14713.3,2,9.0
RB01549,2023-10-11,TH-NORTH,Original Blue,Social Media,80,721,47579.73,5,9.0
RB08631,2024-07-02,TH-NORTH,Tropical Edition,f1 sponsorship,85,607,50774.65,3,2.0
RB08875,2024-07-30,USA-EAST,Tropical Edition,f1 sponsorship,85,629,23781.16,0,3.0
RB01410,2023-07-28,USA-EAST,Sugarfree,extreme sports,90,504,57762.99,3,10.0
RB06300,2024-09-08,TH-CENTRAL,Red Edition,Social Media,75,523,47453.09,1,7.0
RB03806,2024-08-04,USA-WEST,Krating Daeng 250,extreme sports,60,714,28305.81,4,9.0
RB00088,2023-05-31,EUROPE-EU,Red Edition,Social Media,75,542,50918.31,5,8.0
RB06296,2024-01-03,TH-NORTH,Original Blue,TV Ad,80,682,33337.33,5,6.0
RB06766,2023-10-07,TH-NORTH,Tropical Edition,Social Media,85,620,45582.93,3,8.0
RB01362-DUP,2023-10-15,USA-WEST,Sugarfree,Social Media,90,643,35556.89,1,5.0
RB09033,2024-08-27,TH-CENTRAL,Red Edition,TV Ad,75,520,28874.73,1,4.0
RB00732,2023-07-04,TH-CENTRAL,Original Blue,extreme sports,80,680,37056.56,2,7.0
RB00500,2024-06-09,TH-NORTH,Original Blue,Social Media,80,516,42376.03,1,6.0
RB03655,2023-09-19,TH-NORTH,Krating Daeng 250,TV Ad,60,638,20928.4,5,9.0
RB00914,2023-02-27,USA-EAST,Original Blue,Social Media,80,567,52375.57,5,3.0
RB00834,2024-05-22,TH-NORTH,Krating Daeng 250,Social Media,60,498,25946.11,4,6.0
RB07761,2023-02-07,EUROPE-EU,Tropical Edition,extreme sports,85,657,33531.03,1,9.0
RB02813,2023-05-08,USA-EAST,Red Edition,extreme sports,75,715,1417166.55,3,5.0
RB08915,2023-12-17,USA-EAST,Original Blue,extreme sports,80,625,50629.3,5,7.0
RB07995,2024-12-12,TH-SOUTH,Sugarfree,TV Ad,90,747,20924.95,3,4.0
RB06556,2023-01-12,TH-NORTH,Original Blue,extreme sports,80,542,48401.46,3,9.0
RB03303,2024-04-10,TH-CENTRAL,Red Edition,TV Ad,75,531,53104.14,3,2.0
RB06412,2023-04-08,EUROPE-EU,Krating Daeng 250,extreme sports,60,589,20780.62,2,6.0
RB09529,2023-05-29,TH-CENTRAL,Sugarfree,in-store promo,90,270,56292.57,1,8.0
RB03447,2023-07-10,TH-SOUTH,Tropical Edition,TV Ad,85,596,20678.05,1,7.0
RB05079,2023-03-06,USA-WEST,Red Edition,TV Ad,75,646,45950.31,4,3.0
RB04177,2023-11-25,USA-EAST,Tropical Edition,in-store promo,85,455,39231.48,2,10.0
RB00515,2023-02-08,TH-EAST,Sugarfree,extreme sports,90,491,23433.24,0,6.0
RB01528,2023-03-31,TH-NORTH,Sugarfree,extreme sports,90,379,44523.33,5,6.0
RB09260,2024-04-22,TH-CENTRAL,Original Blue,extreme sports,80,433,6331.82,4,2.0
RB07720,2024-03-25,TH-SOUTH,Tropical Edition,TV Ad,85,504,47757.1,1,5.0
RB07990,2024-07-02,TH-CENTRAL,Krating Daeng 250,TV Ad,60,492,20223.12,0,9.0
RB06393,2023-10-08,USA-WEST,Red Edition,f1 sponsorship,75,634,25052.73,2,5.0
RB04331,2024-11-25,TH-NORTH,Original Blue,Social Media,80,534,48169.23,2,5.0
RB08851,2023-05-14,EUROPE-EU,Red Edition,in-store promo,75,515,48008.02,3,7.0
RB04918,2023-06-09,TH-CENTRAL,Krating Daeng 250,in-store promo,60,344,16564.98,1,7.0
RB06779,2024-06-05,TH-NORTH,Tropical Edition,TV Ad,85,429,51038.75,0,4.0
RB08109,2024-02-10,EUROPE-EU,Krating Daeng 250,extreme sports,60,530,23535.16,1,6.0
RB07450,2024-02-15,ASIA-PACIFIC,Tropical Edition,f1 sponsorship,85,349,49228.48,0,5.0
RB08989,2023-02-21,TH-CENTRAL,Red Edition,Social Media,75,500,53203.87,5,10.0
RB01557,2023-06-12,USA-WEST,Krating Daeng 250,TV Ad,60,418,33681.53,1,6.0
RB06762,2024-06-29,USA-EAST,Original Blue,extreme sports,80,484,20771.05,2,4.0
RB06095,2024-02-18,TH-EAST,Tropical Edition,extreme sports,85,511,59215.2,2,7.0
RB07931,2024-03-09,ASIA-PACIFIC,Sugarfree,in-store promo,90,631,22442.07,0,9.0
RB08345,2023-09-24,TH-SOUTH,Krating Daeng 250,f1 sponsorship,60,655,16968.82,1,6.0
RB00629-DUP,2024-07-15,USA-WEST,Red Edition,f1 sponsorship,75,244,9593.9,1,2.0
RB07510-DUP,2024-06-16,USA-WEST,Original Blue,extreme sports,80,517,41527.64,2,6.0
RB08226,2023-09-28,TH-NORTH,Tropical Edition,f1 sponsorship,85,591,37409.71,3,8.0
RB04351,2024-07-06,USA-EAST,Krating Daeng 250,extreme sports,60,374,22294.98,2,6.0
RB08817,2024-08-10,USA-WEST,Red Edition,f1 sponsorship,75,446,41087.82,1,3.0
RB06935,2023-09-30,USA-EAST,Red Edition,TV Ad,75,311,54971.39,2,10.0
RB00760,2023-05-26,TH-SOUTH,Red Edition,f1 sponsorship,75,485,1412259.98,2,3.0
RB08487,2024-10-16,TH-NORTH,Original Blue,extreme sports,80,535,37069.22,2,7.0
RB00238,2024-10-15,TH-NORTH,Krating Daeng 250,Social Media,60,475,32749.33,3,9.0
RB06954,2023-02-28,TH-EAST,Red Edition,extreme sports,75,519,26947.77,1,6.0
RB01341,2024-06-13,TH-SOUTH,Tropical Edition,Social Media,85,323,14812.31,1,10.0
RB05848,2024-02-26,TH-NORTH,Krating Daeng 250,f1 sponsorship,60,479,32658.19,2,6.0
RB00954,2024-03-29,TH-EAST,Red Edition,extreme sports,75,581,43248.27,5,3.0
RB08295,2024-01-04,TH-SOUTH,Tropical Edition,f1 sponsorship,85,574,43707.33,5,5.0
RB02924,2023-05-09,USA-WEST,Sugarfree,f1 sponsorship,90,682,18972.94,5,6.0
RB07412,2023-01-31,USA-WEST,Original Blue,TV Ad,80,298,32658.19,3,8.0
RB07844,2023-06-16,TH-CENTRAL,Sugarfree,in-store promo,90,710,26676.45,2,6.0
RB01186,2023-03-29,TH-SOUTH,Tropical Edition,in-store promo,85,476,38738.2,2,8.0
RB02077,2024-03-25,TH-NORTH,Red Edition,extreme sports,75,396,27940.45,2,10.0
RB05190,2024-01-18,USA-EAST,Sugarfree,Social Media,90,519,20802.94,0,8.0
RB08571,2023-08-21,TH-CENTRAL,Original Blue,TV Ad,80,605,10167.6,3,6.0
RB02569,2024-10-30,USA-WEST,Sugarfree,in-store promo,90,687,20371.54,1,7.0
RB03942,2024-12-08,TH-EAST,Krating Daeng 250,TV Ad,60,424,39294.94,3,7.0
RB01163,2023-11-29,EUROPE-EU,Tropical Edition,in-store promo,85,628,25760.75,0,6.0
RB05746,2024-08-08,EUROPE-EU,Sugarfree,Social Media,90,577,46601.83,0,7.0
RB07846,2024-03-09,TH-CENTRAL,Red Edition,extreme sports,75,532,32202.48,1,9.0
RB01367,2023-03-19,TH-CENTRAL,Tropical Edition,in-store promo,85,696,11084.63,5,7.0
RB06433,2023-08-16,TH-NORTH,Tropical Edition,TV Ad,85,577,23116.41,2,7.0
RB03064,2023-01-23,TH-CENTRAL,Sugarfree,f1 sponsorship,90,508,22065.62,2,6.0
RB07986,2024-05-13,EUROPE-EU,Krating Daeng 250,f1 sponsorship,60,582,40061.34,3,4.0
RB05321,2023-10-30,TH-NORTH,Original Blue,TV Ad,80,524,5462.99,2,1.0
RB02749,2023-12-03,ASIA-PACIFIC,Original Blue,TV Ad,80,637,32121.52,1,5.0
RB00466,2023-08-05,EUROPE-EU,Sugarfree,extreme sports,90,495,29066.6,0,2.0
RB08508,2023-08-26,TH-CENTRAL,Red Edition,in-store promo,75,660,38469.08,5,4.0
RB02243,2024-08-04,TH-CENTRAL,Red Edition,Social Media,75,511,52995.57,3,5.0
RB06307,2023-10-24,USA-EAST,Red Edition,TV Ad,75,597,23609.13,1,1.0
RB01719,2024-12-21,TH-CENTRAL,Original Blue,in-store promo,80,709,48790.55,2,6.0
RB08486,2024-01-28,EUROPE-EU,Original Blue,TV Ad,80,319,11871.67,3,10.0
RB01492,2024-09-04,USA-WEST,Krating Daeng 250,in-store promo,60,640,34099.49,5,9.0
RB05823,2023-08-19,EUROPE-EU,Tropical Edition,f1 sponsorship,85,725,56211.18,3,3.0
RB01832,2024-07-05,TH-CENTRAL,Krating Daeng 250,f1 sponsorship,60,364,35082.38,2,6.0
RB04088,2023-10-06,TH-SOUTH,Krating Daeng 250,f1 sponsorship,60,394,19870.21,5,4.0
RB07046,2024-09-27,ASIA-PACIFIC,Krating Daeng 250,f1 sponsorship,60,622,20501.82,2,7.0
RB00831,2024-07-06,TH-SOUTH,Krating Daeng 250,extreme sports,60,566,8724.0,2,9.0
RB03397,2024-04-11,USA-EAST,Original Blue,TV Ad,80,515,39623.51,2,7.0
RB05916,2024-05-17,TH-SOUTH,Krating Daeng 250,Social Media,60,504,5388.61,2,8.0
RB09509,2024-07-06,TH-NORTH,Tropical Edition,TV Ad,85,567,5032.6,3,2.0
RB01067,2024-04-05,TH-SOUTH,Red Edition,extreme sports,75,514,36239.09,3,10.0
RB02487,2024-12-15,TH-NORTH,Red Edition,in-store promo,75,594,47503.35,5,8.0
RB06912,2024-05-28,TH-CENTRAL,Tropical Edition,in-store promo,85,545,29608.82,1,6.0
RB02255,2024-01-25,EUROPE-EU,Krating Daeng 250,in-store promo,60,720,58230.24,3,5.0
RB07774,2023-11-16,TH-NORTH,Tropical Edition,TV Ad,85,516,46862.4,5,10.0
RB02788,2024-07-10,TH-SOUTH,Sugarfree,f1 sponsorship,90,478,34962.65,2,10.0
RB06351,2023-09-12,USA-WEST,Red Edition,f1 sponsorship,75,646,40257.38,2,5.0
RB07784,2024-05-18,USA-WEST,Original Blue,in-store promo,80,513,31115.9,1,7.0
RB06128,2024-04-30,EUROPE-EU,Tropical Edition,extreme sports,85,543,34522.82,0,4.0
RB08268,2023-07-09,TH-NORTH,Sugarfree,TV Ad,90,410,32658.19,3,8.0
RB03285,2024-12-24,TH-CENTRAL,Tropical Edition,in-store promo,85,419,33111.04,1,7.0
RB06622,2024-01-26,TH-EAST,Krating Daeng 250,TV Ad,60,344,35957.92,3,7.0
RB01625,2024-08-07,TH-CENTRAL,Sugarfree,extreme sports,90,582,57896.14,3,1.0
RB00329,2024-12-02,TH-SOUTH,Tropical Edition,Social Media,85,614,22247.99,0,5.0
RB06075,2023-08-26,USA-WEST,Tropical Edition,TV Ad,85,589,54575.18,4,1.0
RB04728,2023-09-23,TH-SOUTH,Tropical Edition,TV Ad,85,430,21151.95,2,10.0
RB06361,2023-11-30,EUROPE-EU,Red Edition,f1 sponsorship,75,486,16003.12,2,6.0
RB07561-DUP,2024-10-09,USA-WEST,Red Edition,extreme sports,75,509,15426.89,3,9.0
RB06541,2024-04-09,TH-CENTRAL,Tropical Edition,Social Media,85,426,11855.5,3,7.0
RB04062,2024-12-20,TH-CENTRAL,Red Edition,TV Ad,75,581,32658.19,1,7.0
RB02492,2024-08-25,EUROPE-EU,Original Blue,Social Media,80,499,11171.27,1,6.0
RB01071,2023-11-01,TH-NORTH,Krating Daeng 250,TV Ad,60,412,24840.96,5,1.0
RB04960,2023-08-15,EUROPE-EU,Original Blue,f1 sponsorship,80,481,26299.4,3,6.0
RB00295,2024-11-15,USA-WEST,Original Blue,in-store promo,80,738,41108.33,4,7.0
RB07259,2024-01-01,TH-NORTH,Sugarfree,in-store promo,90,603,11816.54,3,7.0
RB04525,2023-04-23,TH-NORTH,Krating Daeng 250,extreme sports,60,512,21721.15,4,3.0
RB04961,2023-07-24,TH-EAST,Krating Daeng 250,f1 sponsorship,60,520,35340.49,1,1.0
RB03431,2024-02-10,EUROPE-EU,Tropical Edition,in-store promo,85,559,35425.97,2,7.0
RB04719,2024-10-18,USA-WEST,Krating Daeng 250,f1 sponsorship,60,508,17993.28,4,5.0
RB00414,2023-06-30,TH-EAST,Red Edition,Social Media,75,421,53815.48,2,6.0
RB02198,2024-01-14,EUROPE-EU,Tropical Edition,TV Ad,85,546,31838.37,2,6.0
RB03417,2023-04-12,TH-CENTRAL,Red Edition,TV Ad,75,571,19711.3,1,10.0
RB02085,2023-07-15,USA-EAST,Sugarfree,extreme sports,90,543,49539.03,2,5.0
RB06939,2023-07-15,ASIA-PACIFIC,Tropical Edition,in-store promo,85,695,28703.92,1,9.0
RB05106,2023-02-28,TH-SOUTH,Sugarfree,extreme sports,90,495,28463.48,2,5.0
RB09489,2024-03-21,EUROPE-EU,Red Edition,Social Media,75,463,19741.27,3,2.0
RB09182,2024-04-19,TH-SOUTH,Krating Daeng 250,f1 sponsorship,60,486,10668.66,2,10.0
RB05456,2024-02-03,EUROPE-EU,Krating Daeng 250,f1 sponsorship,60,535,19648.56,2,7.0
RB02995,2023-01-12,TH-NORTH,Krating Daeng 250,in-store promo,60,425,28118.41,3,4.0
RB08108,2023-05-07,EUROPE-EU,Krating Daeng 250,in-store promo,60,422,35644.62,3,7.0
RB08446,2024-02-29,TH-NORTH,Sugarfree,Social Media,90,421,32831.52,2,4.0
RB04243,2023-04-27,USA-EAST,Tropical Edition,in-store promo,85,747,40239.08,4,7.0
RB00897,2024-09-11,TH-CENTRAL,Original Blue,f1 sponsorship,80,559,35681.91,5,7.0
RB03874,2023-01-07,TH-EAST,Sugarfree,in-store promo,90,623,28566.24,3,4.0
RB07164,2023-07-03,TH-CENTRAL,Red Edition,in-store promo,75,601,13481.49,1,6.0
RB06305,2024-08-31,TH-NORTH,Krating Daeng 250,Social Media,60,486,6379.53,0,7.0
RB08071,2023-05-01,USA-EAST,Krating Daeng 250,f1 sponsorship,60,493,35903.49,2,10.0
RB05236,2023-10-22,TH-EAST,Krating Daeng 250,TV Ad,60,519,49828.94,1,9.0
RB08694,2023-11-17,TH-SOUTH,Red Edition,in-store promo,75,574,20084.21,2,9.0
RB08052,2023-08-27,EUROPE-EU,Red Edition,extreme sports,75,259,12278.73,3,1.0
RB02804,2023-09-19,TH-CENTRAL,Tropical Edition,in-store promo,85,758,30807.39,1,6.0
RB00865,2023-01-03,EUROPE-EU,Red Edition,f1 sponsorship,75,516,1412864.55,3,3.0
RB07909,2023-01-24,TH-CENTRAL,Sugarfree,f1 sponsorship,90,612,36961.06,0,8.0
RB01473,2024-12-31,TH-CENTRAL,Red Edition,extreme sports,75,348,24251.22,4,6.0
RB01730,2023-05-18,ASIA-PACIFIC,Red Edition,TV Ad,75,501,6688.19,0,5.0
RB02374,2023-02-10,EUROPE-EU,Tropical Edition,f1 sponsorship,85,483,47144.77,2,9.0
RB05074,2023-08-13,TH-CENTRAL,Tropical Edition,extreme sports,85,766,41528.92,1,4.0
RB04461,2024-12-29,TH-CENTRAL,Tropical Edition,in-store promo,85,483,17543.5,2,6.0
RB05671,2024-04-14,TH-SOUTH,Red Edition,f1 sponsorship,75,694,20333.19,0,6.0
RB01219,2023-08-23,TH-NORTH,Krating Daeng 250,TV Ad,60,594,18811.22,5,7.0
RB03737,2024-11-28,USA-EAST,Krating Daeng 250,in-store promo,60,818,18457.46,2,8.0
RB02340,2024-08-22,USA-WEST,Original Blue,Social Media,80,464,59174.73,3,7.0
RB08612,2024-05-23,ASIA-PACIFIC,Red Edition,in-store promo,75,648,15749.0,3,10.0
RB04344,2023-05-08,TH-NORTH,Original Blue,Social Media,80,729,30679.07,2,9.0
RB07184,2023-03-20,TH-CENTRAL,Krating Daeng 250,in-store promo,60,649,45626.62,3,8.0
RB02859,2024-09-05,EUROPE-EU,Tropical Edition,in-store promo,85,598,41499.07,4,4.0
RB07992,2024-07-10,ASIA-PACIFIC,Red Edition,Social Media,75,739,33346.62,2,7.0
RB02326,2023-02-10,USA-WEST,Tropical Edition,extreme sports,85,624,28704.92,2,3.0
RB03232,2024-03-25,USA-EAST,Red Edition,Social Media,75,403,58944.32,4,8.0
RB01178,2024-06-19,TH-CENTRAL,Red Edition,Social Media,75,525,32658.19,2,8.0
RB03251,2023-10-04,TH-SOUTH,Tropical Edition,extreme sports,85,562,12248.31,4,2.0
RB07384,2024-05-27,USA-WEST,Original Blue,TV Ad,80,379,50253.62,4,1.0
RB02467,2024-08-27,TH-CENTRAL,Sugarfree,in-store promo,90,554,59320.54,1,6.0
RB01842,2023-12-04,TH-EAST,Sugarfree,Social Media,90,608,32307.54,5,7.0
RB06504,2024-11-05,TH-EAST,Sugarfree,in-store promo,90,341,35098.17,2,3.0
RB00419,2023-07-16,USA-WEST,Sugarfree,TV Ad,90,613,59017.37,5,9.0
RB01710,2024-09-16,TH-CENTRAL,Krating Daeng 250,f1 sponsorship,60,593,13322.91,2,5.0
RB06211,2023-03-28,TH-NORTH,Original Blue,f1 sponsorship,80,616,54136.64,2,5.0
RB06192,2024-07-11,TH-NORTH,Red Edition,TV Ad,75,575,32658.19,3,4.0
RB09194,2023-07-29,TH-NORTH,Tropical Edition,Social Media,85,486,49837.65,3,6.0
RB00571,2023-11-06,USA-EAST,Original Blue,extreme sports,80,708,56641.35,1,3.0
RB08731,2024-11-24,TH-EAST,Red Edition,Social Media,75,505,52863.51,3,5.0
RB00956,2023-05-30,TH-NORTH,Sugarfree,extreme sports,90,638,44979.7,5,3.0
RB05580,2023-11-08,TH-CENTRAL,Sugarfree,in-store promo,90,726,23311.73,2,6.0
RB08169,2023-01-24,TH-NORTH,Krating Daeng 250,f1 sponsorship,60,375,24378.13,1,10.0
RB00456,2024-12-04,EUROPE-EU,Original Blue,TV Ad,80,617,39666.65,4,3.0
RB00191,2023-04-27,TH-NORTH,Tropical Edition,TV Ad,85,625,32658.19,1,10.0
RB04479,2024-04-12,TH-EAST,Original Blue,f1 sponsorship,80,421,25405.28,2,7.0
RB04952,2023-12-06,TH-CENTRAL,Red Edition,extreme sports,75,444,41196.07,2,9.0
RB07894,2023-10-01,TH-NORTH,Red Edition,f1 sponsorship,75,548,45451.17,1,5.0
RB09009,2023-05-04,TH-NORTH,Krating Daeng 250,Social Media,60,501,27726.8,2,6.0
RB05192,2024-07-29,TH-CENTRAL,Red Edition,in-store promo,75,720,10408.21,2,8.0
RB07752,2023-07-11,USA-EAST,Red Edition,extreme sports,75,681,39878.8,4,9.0
RB07711,2024-02-28,TH-NORTH,Sugarfree,TV Ad,90,710,15503.9,2,8.0
RB04533,2023-02-21,TH-CENTRAL,Original Blue,f1 sponsorship,80,408,5182.2,3,10.0
RB05682,2024-01-05,TH-NORTH,Tropical Edition,f1 sponsorship,85,529,35167.47,1,3.0
RB04194,2024-01-22,USA-EAST,Sugarfree,Social Media,90,512,32658.19,4,6.0
RB08931,2024-06-29,TH-NORTH,Red Edition,TV Ad,75,567,32190.5,2,10.0
RB04444,2024-11-13,TH-NORTH,Sugarfree,in-store promo,90,491,33570.84,2,1.0
RB05596,2024-04-06,TH-CENTRAL,Red Edition,f1 sponsorship,75,619,15444.57,2,5.0
RB07488,2023-03-18,EUROPE-EU,Tropical Edition,Social Media,85,433,5751.23,2,6.0
RB01925,2023-07-18,USA-WEST,Red Edition,in-store promo,75,474,31080.55,4,9.0
RB08021,2024-09-21,ASIA-PACIFIC,Sugarfree,Social Media,90,464,33979.47,2,8.0
RB01662,2023-01-08,TH-EAST,Sugarfree,extreme sports,90,522,5866.93,3,6.0
RB03269,2023-05-16,USA-WEST,Sugarfree,in-store promo,90,407,17217.26,2,4.0
RB00103,2024-08-07,TH-CENTRAL,Sugarfree,in-store promo,90,588,56563.87,1,8.0
RB08807,2024-10-11,TH-CENTRAL,Sugarfree,TV Ad,90,704,34357.86,3,9.0
RB05724,2023-05-27,ASIA-PACIFIC,Original Blue,in-store promo,80,719,53952.45,2,6.0
RB07444,2024-09-30,TH-NORTH,Original Blue,Social Media,80,376,49829.12,3,6.0
RB06070,2023-01-03,TH-NORTH,Krating Daeng 250,TV Ad,60,441,44242.37,1,9.0
RB07068,2023-05-22,USA-WEST,Krating Daeng 250,TV Ad,60,367,8092.78,2,6.0
RB04792,2024-09-08,TH-CENTRAL,Tropical Edition,f1 sponsorship,85,547,5438.86,1,3.0
RB05424,2024-03-01,TH-NORTH,Sugarfree,f1 sponsorship,90,702,37826.61,5,5.0
RB07072,2023-09-07,USA-EAST,Tropical Edition,f1 sponsorship,85,494,35709.47,1,5.0
RB05701,2024-12-18,USA-EAST,Krating Daeng 250,extreme sports,60,712,44325.86,3,9.0
RB00875,2024-03-07,TH-NORTH,Red Edition,in-store promo,75,444,26713.01,0,6.0
RB09488,2023-03-09,TH-CENTRAL,Red Edition,extreme sports,75,222,28210.28,2,1.0
RB07976,2023-09-01,TH-NORTH,Krating Daeng 250,extreme sports,60,587,21798.74,0,9.0
RB02196,2024-05-23,TH-NORTH,Krating Daeng 250,f1 sponsorship,60,605,21835.38,76,9.0
RB01633,2023-10-02,TH-CENTRAL,Tropical Edition,in-store promo,85,522,19466.08,2,9.0
RB06973,2024-01-12,USA-EAST,Krating Daeng 250,extreme sports,60,558,31147.67,1,7.0
RB00771-DUP,2023-06-22,TH-EAST,Tropical Edition,in-store promo,85,381,35073.28,1,8.0
RB09482,2023-06-13,TH-SOUTH,Original Blue,f1 sponsorship,80,603,25281.99,2,3.0
RB01459,2023-05-23,TH-SOUTH,Red Edition,in-store promo,75,638,53145.19,2,7.0
RB01561,2024-04-06,TH-CENTRAL,Tropical Edition,Social Media,85,534,53182.44,5,8.0
RB05082,2023-09-13,USA-EAST,Red Edition,extreme sports,75,578,32658.19,2,6.0
RB05149-DUP,2024-02-22,TH-NORTH,Krating Daeng 250,extreme sports,60,541,20286.07,2,6.0
RB02412,2024-10-14,TH-NORTH,Original Blue,extreme sports,80,525,34858.28,1,7.0
RB00610,2024-03-01,USA-EAST,Tropical Edition,TV Ad,85,418,48240.13,5,9.0
RB09029,2023-03-23,USA-WEST,Krating Daeng 250,TV Ad,60,580,51108.17,2,6.0
RB04881,2023-11-07,TH-EAST,Tropical Edition,in-store promo,85,825,50638.21,1,5.0
RB03477,2024-01-08,TH-NORTH,Krating Daeng 250,extreme sports,60,11805,27916.5,2,8.0
RB04696,2023-12-27,TH-CENTRAL,Red Edition,f1 sponsorship,75,643,27128.76,2,10.0
RB01356,2024-08-27,TH-CENTRAL,Tropical Edition,in-store promo,85,596,34855.96,2,5.0
RB04532,2023-06-06,USA-WEST,Red Edition,in-store promo,75,581,49715.73,3,10.0
RB07652,2024-01-20,EUROPE-EU,Red Edition,in-store promo,75,395,5979.8,0,1.0
RB08375,2024-01-28,USA-EAST,Original Blue,extreme sports,80,639,44714.35,1,7.0
RB00177,2024-04-09,EUROPE-EU,Krating Daeng 250,in-store promo,60,300,49916.3,5,5.0
RB08396,2024-03-24,USA-WEST,Original Blue,extreme sports,80,606,32658.19,2,6.0
RB09414,2023-05-27,TH-CENTRAL,Red Edition,f1 sponsorship,75,528,32779.63,3,8.0
RB01649,2023-09-04,EUROPE-EU,Tropical Edition,TV Ad,85,531,18534.37,2,6.0
RB04789,2024-04-21,EUROPE-EU,Original Blue,extreme sports,80,301,10108.65,3,6.0
RB09066,2024-03-02,TH-EAST,Original Blue,extreme sports,80,301,15748.43,2,6.0
RB03843,2023-03-22,ASIA-PACIFIC,Original Blue,f1 sponsorship,80,521,57534.14,1,10.0
RB04018,2023-04-07,TH-EAST,Tropical Edition,f1 sponsorship,85,688,28642.51,5,5.0
RB00202,2023-04-15,TH-SOUTH,Sugarfree,extreme sports,90,674,36117.71,2,10.0
RB05453,2024-10-13,USA-EAST,Tropical Edition,extreme sports,85,563,12746.35,5,6.0
RB07227,2023-08-14,ASIA-PACIFIC,Krating Daeng 250,f1 sponsorship,60,409,15855.19,3,9.0
RB09022,2023-11-30,TH-SOUTH,Original Blue,f1 sponsorship,80,729,21430.5,0,6.0
RB07306,2024-07-22,TH-CENTRAL,Sugarfree,Social Media,90,500,27653.48,1,9.0
RB04217,2023-09-05,TH-CENTRAL,Sugarfree,in-store promo,90,589,58904.97,1,6.0
RB03044,2024-07-22,USA-WEST,Tropical Edition,in-store promo,85,426,29039.29,3,6.0
RB07683,2023-04-24,ASIA-PACIFIC,Original Blue,TV Ad,80,634,32658.19,2,6.0
RB09420,2024-07-06,TH-CENTRAL,Red Edition,f1 sponsorship,75,648,27903.99,1,7.0
RB05305,2024-03-01,TH-EAST,Sugarfree,extreme sports,90,591,51561.37,3,7.0
RB06214,2023-04-28,TH-CENTRAL,Sugarfree,in-store promo,90,543,18738.41,3,9.0
RB05586,2024-06-17,TH-EAST,Tropical Edition,Social Media,85,499,50460.49,1,3.0
RB01419,2023-05-04,USA-EAST,Original Blue,f1 sponsorship,80,526,49911.58,4,10.0
RB09441,2024-03-05,USA-WEST,Sugarfree,in-store promo,90,222,46741.56,2,9.0
RB01663,2024-11-04,TH-CENTRAL,Tropical Edition,TV Ad,85,585,57755.87,2,4.0
RB05396,2023-09-28,TH-SOUTH,Krating Daeng 250,f1 sponsorship,60,705,37238.79,2,8.0
RB02068,2024-02-17,EUROPE-EU,Original Blue,TV Ad,80,331,59137.93,5,3.0
RB02186,2024-08-28,USA-WEST,Krating Daeng 250,Social Media,60,491,53385.87,74,10.0
RB05435,2023-07-09,USA-EAST,Sugarfree,f1 sponsorship,90,700,37485.92,2,6.0
RB04462,2023-03-26,TH-NORTH,Sugarfree,TV Ad,90,856,21822.43,0,6.0
RB06074,2024-02-07,EUROPE-EU,Original Blue,TV Ad,80,401,53507.65,2,10.0
RB08722,2023-02-07,EUROPE-EU,Red Edition,f1 sponsorship,75,590,54414.82,1,5.0
RB02721,2023-04-29,USA-EAST,Original Blue,in-store promo,80,602,32658.19,2,10.0
RB07640,2024-07-04,TH-CENTRAL,Red Edition,in-store promo,75,588,16823.05,3,4.0
RB05488,2024-12-31,ASIA-PACIFIC,Tropical Edition,TV Ad,85,538,46055.72,3,2.0
RB05502,2023-09-29,TH-EAST,Sugarfree,f1 sponsorship,90,540,59472.8,3,5.0
RB07091,2024-03-02,TH-EAST,Original Blue,extreme sports,80,634,28977.99,3,3.0
RB03070,2024-07-14,TH-SOUTH,Red Edition,extreme sports,75,473,59921.9,2,3.0
RB07432,2024-10-10,TH-NORTH,Krating Daeng 250,in-store promo,60,658,31614.71,4,6.0
RB05261,2024-08-06,TH-NORTH,Red Edition,TV Ad,75,705,11395.17,2,8.0
RB01116,2023-02-01,TH-CENTRAL,Sugarfree,extreme sports,90,341,55005.31,3,6.0
RB04208,2023-02-05,TH-CENTRAL,Krating Daeng 250,in-store promo,60,544,12578.24,2,6.0
RB04664,2024-02-29,EUROPE-EU,Red Edition,Social Media,75,492,51746.49,1,8.0
RB00692,2023-06-18,TH-NORTH,Krating Daeng 250,extreme sports,60,690,54805.96,1,5.0
RB00528,2024-05-28,TH-EAST,Krating Daeng 250,extreme sports,60,590,32809.42,1,10.0
RB00155,2024-11-15,TH-NORTH,Tropical Edition,f1 sponsorship,85,662,23015.39,1,5.0
RB06722,2023-07-03,TH-CENTRAL,Tropical Edition,Social Media,85,469,12975.59,3,7.0
RB08335,2023-11-25,TH-NORTH,Red Edition,TV Ad,75,720,5217.37,2,3.0
RB02314,2023-05-01,USA-EAST,Sugarfree,in-store promo,90,495,30278.55,4,3.0
RB07136,2023-03-16,TH-NORTH,Sugarfree,TV Ad,90,578,12725.5,1,7.0
RB06961,2023-03-25,TH-NORTH,Krating Daeng 250,extreme sports,60,505,47266.36,2,10.0
RB08826,2023-03-17,USA-WEST,Sugarfree,extreme sports,90,793,19954.08,1,4.0
RB05133-DUP,2024-08-24,TH-NORTH,Tropical Edition,TV Ad,85,448,57830.48,1,5.0
RB08153,2023-09-06,TH-CENTRAL,Krating Daeng 250,f1 sponsorship,60,659,37437.36,2,4.0
RB01213,2024-11-20,USA-EAST,Tropical Edition,TV Ad,85,598,33407.28,1,5.0
RB02615,2024-09-06,TH-NORTH,Red Edition,f1 sponsorship,75,425,30384.07,2,5.0
RB03804,2023-01-12,TH-EAST,Red Edition,TV Ad,75,515,18985.19,5,10.0
RB08039,2023-03-04,USA-WEST,Tropical Edition,in-store promo,85,304,56134.86,2,7.0
RB02669,2023-09-03,ASIA-PACIFIC,Sugarfree,TV Ad,90,378,15642.85,2,4.0
RB05822,2023-08-21,TH-NORTH,Red Edition,f1 sponsorship,75,496,58164.95,4,7.0
RB03951,2024-07-09,USA-EAST,Red Edition,extreme sports,75,631,51692.48,5,10.0
RB06576,2024-10-20,USA-EAST,Tropical Edition,Social Media,85,768,32861.14,1,7.0
RB07745,2024-04-14,TH-NORTH,Original Blue,Social Media,80,532,39189.75,1,9.0
RB06941,2023-12-27,USA-WEST,Tropical Edition,Social Media,85,533,32658.19,3,7.0
RB08278,2024-02-19,TH-EAST,Tropical Edition,extreme sports,85,563,55190.09,0,7.0
RB08457,2024-05-28,TH-NORTH,Krating Daeng 250,TV Ad,60,562,45394.51,3,4.0
RB08469,2023-08-14,TH-NORTH,Original Blue,Social Media,80,575,9883.35,3,6.0
RB06342,2024-01-23,TH-EAST,Sugarfree,extreme sports,90,607,15583.84,2,8.0
RB07602,2023-06-15,USA-EAST,Original Blue,TV Ad,80,619,14916.94,3,4.0
RB05668,2024-10-25,USA-WEST,Original Blue,TV Ad,80,549,9596.12,2,6.0
RB03086,2024-01-02,EUROPE-EU,Krating Daeng 250,in-store promo,60,509,16822.62,1,9.0
RB09321,2023-05-06,TH-NORTH,Sugarfree,Social Media,90,688,26983.92,0,9.0
RB07359,2023-08-13,TH-CENTRAL,Tropical Edition,Social Media,85,705,30259.4,0,7.0
RB01825,2023-07-08,TH-SOUTH,Red Edition,extreme sports,75,656,39527.5,3,10.0
RB06413,2024-11-20,USA-WEST,Original Blue,in-store promo,80,462,11971.5,2,6.0
RB09205,2024-08-06,USA-EAST,Tropical Edition,f1 sponsorship,85,549,29321.76,1,6.0
RB08988,2024-07-30,TH-CENTRAL,Sugarfree,extreme sports,90,654,44114.31,1,8.0
RB05675,2023-04-04,EUROPE-EU,Sugarfree,TV Ad,90,727,28640.64,2,3.0
RB04552,2024-12-18,TH-CENTRAL,Original Blue,in-store promo,80,587,15171.39,3,6.0
RB07702,2023-05-19,TH-CENTRAL,Red Edition,TV Ad,75,549,20280.67,1,4.0
RB05209,2024-08-03,TH-CENTRAL,Krating Daeng 250,TV Ad,60,792,45296.92,3,2.0
RB05673,2024-04-06,TH-NORTH,Tropical Edition,Social Media,85,375,34555.53,3,10.0
RB02886,2024-10-03,TH-CENTRAL,Sugarfree,TV Ad,90,537,8983.99,2,4.0
RB09222,2024-04-19,ASIA-PACIFIC,Red Edition,Social Media,75,410,56728.27,4,8.0
RB03473,2023-12-09,TH-EAST,Tropical Edition,TV Ad,85,284,58555.31,3,9.0
RB01830,2023-11-06,TH-NORTH,Tropical Edition,in-store promo,85,508,59360.1,3,7.0
RB02173-DUP,2023-05-28,ASIA-PACIFIC,Tropical Edition,f1 sponsorship,85,508,32658.19,33,9.0
RB03933,2023-04-07,USA-EAST,Tropical Edition,Social Media,85,675,34315.91,2,9.0
RB09091,2024-07-02,USA-EAST,Original Blue,f1 sponsorship,80,603,40921.94,5,8.0
RB08534,2023-11-12,USA-EAST,Tropical Edition,f1 sponsorship,85,596,45731.69,3,4.0
RB07378,2023-03-17,TH-EAST,Red Edition,in-store promo,75,605,11242.24,3,8.0
RB04132,2023-06-30,TH-CENTRAL,Sugarfree,extreme sports,90,640,21912.26,1,7.0
RB02067,2024-07-13,TH-SOUTH,Sugarfree,extreme sports,90,537,51916.59,3,6.0
RB06427,2023-02-19,TH-EAST,Krating Daeng 250,extreme sports,60,844,48006.58,3,4.0
RB01917,2024-01-08,USA-EAST,Sugarfree,f1 sponsorship,90,426,59999.37,2,9.0
RB08774,2023-10-25,TH-CENTRAL,Sugarfree,extreme sports,90,528,5289.29,5,7.0
RB09086,2024-03-24,USA-WEST,Red Edition,in-store promo,75,530,36224.82,3,6.0
RB09199,2024-01-15,EUROPE-EU,Original Blue,TV Ad,80,597,54384.09,0,5.0
RB08040,2023-02-22,USA-EAST,Red Edition,f1 sponsorship,75,614,49244.73,3,10.0
RB01517,2023-11-12,USA-WEST,Tropical Edition,Social Media,85,472,19886.7,1,3.0
RB01598,2023-05-21,TH-CENTRAL,Tropical Edition,extreme sports,85,656,26679.39,1,4.0
RB04405,2024-02-27,TH-NORTH,Krating Daeng 250,Social Media,60,594,49693.69,3,10.0
RB07919,2023-06-02,TH-EAST,Sugarfree,f1 sponsorship,90,721,35432.3,2,9.0
RB03945,2023-01-04,TH-SOUTH,Krating Daeng 250,TV Ad,60,496,32060.36,1,10.0
RB09044,2024-08-23,TH-NORTH,Tropical Edition,TV Ad,85,624,25921.79,0,10.0
RB04474,2023-10-10,USA-EAST,Red Edition,extreme sports,75,578,44212.61,1,6.0
RB07678,2024-10-31,TH-CENTRAL,Original Blue,in-store promo,80,519,32658.19,2,6.0
RB09285,2023-10-05,TH-CENTRAL,Tropical Edition,TV Ad,85,341,16195.72,4,5.0
RB05514,2024-05-17,USA-EAST,Tropical Edition,in-store promo,85,886,17582.82,5,9.0
RB07490,2024-01-06,TH-CENTRAL,Tropical Edition,Social Media,85,362,33333.25,5,6.0
RB06530,2023-03-03,USA-EAST,Sugarfree,f1 sponsorship,90,498,14361.02,3,5.0
RB06966,2024-06-07,TH-EAST,Original Blue,extreme sports,80,586,50423.46,3,1.0
RB00819,2024-07-08,TH-NORTH,Krating Daeng 250,f1 sponsorship,60,590,23624.18,2,10.0
RB04441,2023-06-20,TH-NORTH,Red Edition,TV Ad,75,586,27533.54,1,1.0
RB03017,2023-07-11,TH-NORTH,Tropical Edition,TV Ad,85,602,21480.6,2,6.0
RB09103,2024-09-01,TH-NORTH,Krating Daeng 250,Social Media,60,468,45933.85,1,5.0
RB06019,2024-10-15,TH-CENTRAL,Red Edition,Social Media,75,601,35439.9,1,10.0
RB05179,2024-03-14,USA-EAST,Tropical Edition,extreme sports,85,426,57347.98,2,6.0
RB03694,2024-05-02,TH-CENTRAL,Sugarfree,TV Ad,90,540,58470.92,5,4.0
RB02012,2024-04-14,EUROPE-EU,Krating Daeng 250,Social Media,60,681,21139.37,5,8.0
RB05915,2024-01-29,ASIA-PACIFIC,Original Blue,TV Ad,80,654,16542.57,2,6.0
RB07987,2023-07-03,TH-NORTH,Krating Daeng 250,TV Ad,60,393,38755.93,2,1.0
RB00372,2024-09-24,TH-CENTRAL,Red Edition,f1 sponsorship,75,543,32658.19,4,6.0
RB02429,2023-03-25,TH-CENTRAL,Original Blue,in-store promo,80,524,32658.19,5,5.0
RB06254,2023-05-16,TH-SOUTH,Original Blue,in-store promo,80,450,13006.91,1,9.0
RB02473,2023-09-01,TH-NORTH,Krating Daeng 250,in-store promo,60,510,5070.75,1,7.0
RB03540,2023-02-12,TH-EAST,Sugarfree,Social Media,90,589,30413.21,0,7.0
RB04773,2023-01-14,TH-CENTRAL,Red Edition,TV Ad,75,669,17976.98,2,1.0
RB04701,2023-04-20,USA-WEST,Krating Daeng 250,f1 sponsorship,60,609,43093.63,2,5.0
RB02111,2024-02-29,TH-NORTH,Tropical Edition,TV Ad,85,671,28553.18,4,6.0
RB05590,2023-01-24,TH-NORTH,Original Blue,TV Ad,80,486,45382.41,1,10.0
RB04543,2024-09-08,USA-EAST,Red Edition,TV Ad,75,488,27459.86,1,8.0
RB00453,2023-09-25,TH-EAST,Tropical Edition,extreme sports,85,758,40866.09,3,6.0
RB03305,2023-01-08,ASIA-PACIFIC,Krating Daeng 250,in-store promo,60,391,47848.47,1,6.0
RB02222,2024-02-19,USA-WEST,Sugarfree,TV Ad,90,518,16085.98,5,9.0
RB05841,2024-01-12,TH-CENTRAL,Tropical Edition,in-store promo,85,712,49009.28,2,3.0
RB02855,2024-04-30,TH-CENTRAL,Sugarfree,Social Media,90,647,55798.07,2,9.0
RB04324,2024-11-27,TH-SOUTH,Tropical Edition,Social Media,85,590,13556.2,1,5.0
RB01616,2024-02-14,TH-NORTH,Original Blue,TV Ad,80,569,12248.73,5,6.0
RB05009,2024-05-07,TH-CENTRAL,Red Edition,Social Media,75,604,15317.47,2,3.0
RB07389,2023-08-02,TH-EAST,Krating Daeng 250,f1 sponsorship,60,632,55163.54,2,6.0
RB03247,2023-10-20,TH-CENTRAL,Tropical Edition,in-store promo,85,652,16754.05,4,6.0
RB08043,2023-04-19,USA-WEST,Original Blue,in-store promo,80,530,34691.38,5,10.0
RB00162,2024-07-24,USA-EAST,Red Edition,Social Media,75,603,17492.65,1,10.0
RB04489,2024-02-14,TH-CENTRAL,Sugarfree,TV Ad,90,724,30264.07,3,6.0
RB08810,2024-04-24,USA-EAST,Tropical Edition,extreme sports,85,660,8941.04,2,8.0
RB04853,2024-12-26,USA-EAST,Red Edition,extreme sports,75,647,53138.81,2,6.0
RB06521,2023-01-28,USA-EAST,Tropical Edition,Social Media,85,599,34361.28,1,6.0
RB04959,2023-06-07,TH-EAST,Original Blue,extreme sports,80,570,12928.42,5,5.0
RB07681,2024-08-26,EUROPE-EU,Tropical Edition,Social Media,85,666,9282.9,1,6.0
RB02325,2024-01-16,USA-EAST,Red Edition,in-store promo,75,471,27798.05,3,5.0
RB00230,2024-07-29,TH-CENTRAL,Tropical Edition,TV Ad,85,426,51395.44,0,3.0
RB08302,2023-04-29,USA-EAST,Sugarfree,in-store promo,90,536,46501.36,0,6.0
RB06590,2023-04-07,TH-SOUTH,Tropical Edition,extreme sports,85,518,52564.57,5,6.0
RB09108-DUP,2024-02-24,USA-EAST,Krating Daeng 250,extreme sports,60,592,32658.19,3,8.0
RB02765,2023-05-03,USA-WEST,Tropical Edition,extreme sports,85,491,31431.12,0,7.0
RB04232,2023-12-14,TH-SOUTH,Tropical Edition,extreme sports,85,729,15016.93,1,6.0
RB00843,2023-05-07,ASIA-PACIFIC,Sugarfree,extreme sports,90,682,28981.04,2,5.0
RB08319,2024-11-17,TH-CENTRAL,Red Edition,f1 sponsorship,75,556,1040281.91,0,6.0
RB06679,2023-06-08,TH-SOUTH,Original Blue,f1 sponsorship,80,511,37757.55,0,4.0
RB05914,2024-10-17,USA-WEST,Red Edition,in-store promo,75,584,20267.45,3,5.0
RB01242,2023-11-04,TH-EAST,Tropical Edition,extreme sports,85,632,15673.86,2,6.0
RB01816,2024-02-26,USA-WEST,Original Blue,TV Ad,80,652,23471.24,1,10.0
RB04977,2023-10-14,TH-CENTRAL,Krating Daeng 250,extreme sports,60,599,10367.62,5,8.0
RB07767,2024-09-20,TH-SOUTH,Sugarfree,Social Media,90,683,58344.91,5,6.0
RB06301,2024-01-29,EUROPE-EU,Krating Daeng 250,extreme sports,60,414,57313.99,1,2.0
RB01131,2024-04-12,TH-NORTH,Tropical Edition,f1 sponsorship,85,393,46865.3,2,3.0
RB06302,2023-12-01,TH-CENTRAL,Red Edition,in-store promo,75,657,52089.32,3,9.0
RB07541,2024-09-07,EUROPE-EU,Original Blue,TV Ad,80,577,38412.21,2,9.0
RB01927,2024-07-07,USA-WEST,Sugarfree,extreme sports,90,417,17152.54,2,6.0
RB07066,2023-05-23,TH-CENTRAL,Red Edition,extreme sports,75,627,26519.3,2,4.0
RB02766,2024-05-18,TH-NORTH,Tropical Edition,TV Ad,85,596,40331.99,2,8.0
RB00784,2024-05-14,TH-NORTH,Sugarfree,in-store promo,90,555,52445.16,4,7.0
RB01274,2024-01-14,TH-NORTH,Tropical Edition,extreme sports,85,621,24334.07,3,7.0
RB06839,2023-12-27,TH-NORTH,Tropical Edition,TV Ad,85,629,55548.67,2,10.0
RB07082,2024-08-14,USA-WEST,Original Blue,extreme sports,80,673,9326.67,5,8.0
RB09596,2024-04-27,EUROPE-EU,Sugarfree,f1 sponsorship,90,869,11280.85,2,5.0
RB01148,2023-02-13,USA-EAST,Tropical Edition,f1 sponsorship,85,853,52201.65,3,5.0
RB06087,2024-07-19,USA-WEST,Krating Daeng 250,in-store promo,60,570,21999.42,2,6.0
RB02983,2023-11-13,USA-EAST,Krating Daeng 250,Social Media,60,466,46270.59,2,6.0
RB00127,2023-09-22,TH-EAST,Krating Daeng 250,extreme sports,60,457,58840.2,3,5.0
RB04379,2024-12-31,ASIA-PACIFIC,Krating Daeng 250,in-store promo,60,327,54271.47,2,5.0
RB08790,2023-04-27,TH-SOUTH,Tropical Edition,TV Ad,85,515,22176.64,1,7.0
RB00658,2024-02-26,TH-CENTRAL,Tropical Edition,Social Media,85,559,11039.96,5,6.0
RB05223,2024-10-20,TH-SOUTH,Sugarfree,f1 sponsorship,90,451,49639.44,2,6.0
RB01487,2024-02-11,USA-EAST,Tropical Edition,f1 sponsorship,85,599,40217.98,2,8.0
RB08252,2023-05-15,TH-CENTRAL,Sugarfree,TV Ad,90,476,5391.77,3,5.0
RB07610,2023-12-14,USA-EAST,Sugarfree,f1 sponsorship,90,533,24555.42,0,8.0
RB01089,2024-12-18,TH-NORTH,Krating Daeng 250,in-store promo,60,626,36432.54,4,7.0
RB04373,2024-07-05,TH-SOUTH,Red Edition,Social Media,75,511,32658.19,3,1.0
RB08002,2024-10-29,TH-NORTH,Original Blue,f1 sponsorship,80,796,41972.68,3,10.0
RB03262,2024-04-10,TH-CENTRAL,Original Blue,TV Ad,80,672,8589.86,3,3.0
RB02390,2023-02-25,USA-EAST,Red Edition,f1 sponsorship,75,607,41369.21,2,8.0
RB00192,2023-12-09,TH-NORTH,Original Blue,f1 sponsorship,80,699,6543.04,3,10.0
RB00062,2024-06-28,TH-EAST,Red Edition,in-store promo,75,512,42995.92,1,2.0
RB07860,2024-08-10,TH-SOUTH,Sugarfree,Social Media,90,487,47693.08,2,6.0
RB02026,2024-10-28,TH-CENTRAL,Red Edition,TV Ad,75,454,17766.06,2,8.0
RB08809,2023-04-19,TH-CENTRAL,Krating Daeng 250,in-store promo,60,572,53836.62,5,9.0
RB01923,2023-10-05,ASIA-PACIFIC,Original Blue,extreme sports,80,664,5277.76,4,5.0
RB03372,2024-07-26,TH-CENTRAL,Krating Daeng 250,f1 sponsorship,60,498,46277.74,1,5.0
RB06010,2024-08-18,TH-NORTH,Original Blue,f1 sponsorship,80,822,27758.55,2,6.0
RB05020,2024-02-29,TH-NORTH,Original Blue,in-store promo,80,628,23766.42,2,9.0
RB07794,2023-07-11,TH-NORTH,Sugarfree,TV Ad,90,722,44829.19,2,5.0
RB04992,2023-02-14,TH-NORTH,Red Edition,Social Media,75,519,32658.19,1,6.0
RB05322,2024-07-01,TH-NORTH,Sugarfree,in-store promo,90,403,32464.97,2,7.0
RB04637,2023-04-09,TH-EAST,Original Blue,Social Media,80,614,26688.01,1,9.0
RB02653,2023-12-07,USA-WEST,Sugarfree,TV Ad,90,722,20213.57,1,7.0
RB08935,2024-04-27,TH-NORTH,Tropical Edition,f1 sponsorship,85,264,19011.9,1,6.0
RB04310,2023-03-08,TH-NORTH,Tropical Edition,Social Media,85,590,35362.39,4,6.0
RB00999,2023-08-05,EUROPE-EU,Krating Daeng 250,in-store promo,60,605,59786.16,3,2.0
RB06295,2023-04-22,USA-EAST,Krating Daeng 250,extreme sports,60,423,6793.66,1,6.0
RB08999,2024-09-29,EUROPE-EU,Red Edition,extreme sports,75,556,42387.9,68,10.0
RB02444,2023-05-19,USA-WEST,Krating Daeng 250,in-store promo,60,487,58797.89,2,4.0
RB05131,2023-12-03,TH-NORTH,Original Blue,TV Ad,80,502,43879.68,2,9.0
RB06804,2023-07-26,TH-NORTH,Tropical Edition,TV Ad,85,544,59908.12,2,4.0
RB03293,2024-02-14,TH-NORTH,Tropical Edition,extreme sports,85,600,57398.25,0,3.0
RB00892,2023-07-22,EUROPE-EU,Sugarfree,extreme sports,90,442,58390.4,5,10.0
RB04810,2024-03-28,TH-EAST,Sugarfree,TV Ad,90,479,52216.17,1,9.0
RB00770,2024-07-22,USA-WEST,Red Edition,in-store promo,75,9820,23059.28,2,9.0
RB06093,2023-05-06,TH-CENTRAL,Krating Daeng 250,in-store promo,60,753,40845.96,2,6.0
RB06991,2024-11-13,TH-SOUTH,Krating Daeng 250,extreme sports,60,376,20926.92,2,6.0
RB06314,2023-05-10,USA-EAST,Red Edition,TV Ad,75,19550,29709.66,2,3.0
RB07732,2023-02-02,EUROPE-EU,Original Blue,f1 sponsorship,80,450,34997.03,5,6.0
RB05947,2023-09-14,EUROPE-EU,Sugarfree,extreme sports,90,604,15681.91,3,6.0
RB05887,2023-05-05,ASIA-PACIFIC,Tropical Edition,TV Ad,85,394,5177.37,4,9.0
RB05693,2023-05-11,TH-SOUTH,Red Edition,TV Ad,75,601,58646.03,2,4.0
RB01485,2024-08-05,USA-EAST,Original Blue,in-store promo,80,719,40471.03,3,5.0
RB08435,2024-02-26,TH-CENTRAL,Original Blue,extreme sports,80,582,42423.52,3,8.0
RB06515,2024-01-21,USA-EAST,Red Edition,TV Ad,75,601,56555.47,3,6.0
RB02241,2024-08-16,TH-NORTH,Original Blue,f1 sponsorship,80,579,52125.23,0,6.0
RB08503,2024-02-12,USA-EAST,Original Blue,TV Ad,80,713,46042.22,0,3.0
RB02607,2023-06-16,TH-EAST,Sugarfree,Social Media,90,497,51743.31,4,4.0
RB05630,2023-05-12,USA-WEST,Original Blue,extreme sports,80,622,19729.73,5,3.0
RB01628,2023-07-03,TH-EAST,Original Blue,TV Ad,80,269,51269.49,2,3.0
RB05323,2024-09-20,USA-EAST,Tropical Edition,Social Media,85,399,24087.56,2,10.0
RB03929,2023-07-09,TH-CENTRAL,Sugarfree,TV Ad,90,802,54265.33,2,9.0
RB06225,2023-04-18,USA-WEST,Tropical Edition,in-store promo,85,462,32658.19,2,10.0
RB03677,2024-06-17,TH-SOUTH,Red Edition,extreme sports,75,352,53387.71,1,6.0
RB01620,2023-07-08,TH-SOUTH,Krating Daeng 250,extreme sports,60,453,8217.89,3,6.0
RB05619,2024-02-20,TH-NORTH,Original Blue,in-store promo,80,668,8353.17,3,4.0
RB00710,2024-06-07,TH-CENTRAL,Red Edition,TV Ad,75,518,20585.36,1,4.0
RB03378,2023-04-26,TH-CENTRAL,Tropical Edition,f1 sponsorship,85,441,19043.07,1,5.0
RB02717,2024-09-06,USA-EAST,Original Blue,Social Media,80,479,31248.06,1,5.0
RB01941,2024-04-06,TH-SOUTH,Sugarfree,f1 sponsorship,90,543,54746.82,1,10.0
RB07527,2024-07-10,TH-NORTH,Original Blue,Social Media,80,567,46868.07,2,6.0
RB03402,2024-11-08,USA-EAST,Original Blue,Social Media,80,684,9127.46,2,4.0
RB08968,2023-01-30,TH-NORTH,Tropical Edition,f1 sponsorship,85,506,44595.95,1,7.0
RB02649,2024-04-25,EUROPE-EU,Sugarfree,TV Ad,90,414,30936.68,2,5.0
RB04630,2024-07-05,TH-CENTRAL,Sugarfree,Social Media,90,678,25179.03,3,1.0
RB08173,2024-11-30,EUROPE-EU,Original Blue,TV Ad,80,493,12478.98,3,5.0
RB00815,2024-06-12,TH-NORTH,Krating Daeng 250,f1 sponsorship,60,730,28300.08,5,7.0
RB02221,2023-07-22,USA-EAST,Tropical Edition,f1 sponsorship,85,511,48812.24,1,7.0
RB00007,2023-01-01,TH-SOUTH,Original Blue,Social Media,80,635,23919.18,1,7.0
RB00980,2023-06-13,EUROPE-EU,Tropical Edition,Social Media,85,583,27208.81,2,3.0
RB07505,2023-04-05,TH-CENTRAL,Sugarfree,TV Ad,90,482,32247.49,2,3.0
RB00263,2024-06-21,TH-NORTH,Tropical Edition,TV Ad,85,711,56266.19,4,9.0
RB08890,2024-03-28,TH-CENTRAL,Sugarfree,extreme sports,90,658,21396.21,5,8.0
RB03938,2024-06-08,USA-EAST,Red Edition,TV Ad,75,711,17458.7,2,7.0
RB02673,2023-04-18,TH-EAST,Tropical Edition,Social Media,85,863,55168.28,5,2.0
RB06782,2023-07-11,USA-EAST,Red Edition,f1 sponsorship,75,615,11637.47,5,10.0
RB04817,2023-02-08,TH-NORTH,Sugarfree,TV Ad,90,459,27406.68,2,4.0
RB09558,2023-09-29,TH-NORTH,Sugarfree,f1 sponsorship,90,331,41108.81,1,2.0
RB05588,2023-08-17,TH-EAST,Red Edition,Social Media,75,407,21314.21,0,6.0
RB07078,2024-05-11,EUROPE-EU,Red Edition,in-store promo,75,312,33831.94,0,7.0
RB05766,2023-03-21,TH-SOUTH,Tropical Edition,Social Media,85,291,50471.32,3,9.0
RB06297,2024-08-06,TH-CENTRAL,Krating Daeng 250,Social Media,60,581,29785.88,2,8.0
RB02956,2024-03-25,ASIA-PACIFIC,Krating Daeng 250,in-store promo,60,421,35291.89,2,3.0
RB02224,2023-08-25,USA-WEST,Red Edition,TV Ad,75,617,14719.81,3,10.0
RB00551,2024-03-31,TH-NORTH,Original Blue,f1 sponsorship,80,747,23741.15,1,3.0
RB02210,2024-08-02,EUROPE-EU,Tropical Edition,TV Ad,85,515,19906.57,5,4.0
RB04477,2024-04-12,USA-EAST,Red Edition,f1 sponsorship,75,586,27130.84,2,3.0
RB04742,2023-09-25,TH-SOUTH,Tropical Edition,extreme sports,85,487,43269.37,0,9.0
RB07253,2023-04-21,TH-NORTH,Original Blue,extreme sports,80,427,45163.61,1,10.0
RB04033,2024-06-19,TH-CENTRAL,Sugarfree,in-store promo,90,556,39726.45,2,10.0
RB07771,2023-05-11,USA-EAST,Tropical Edition,f1 sponsorship,85,474,52641.85,4,9.0
RB04011,2023-09-10,TH-CENTRAL,Original Blue,TV Ad,80,559,10858.3,2,6.0
RB00512-DUP,2024-10-22,EUROPE-EU,Sugarfree,Social Media,90,396,20435.46,3,7.0
RB00822-DUP,2024-02-15,TH-SOUTH,Tropical Edition,Social Media,85,645,32658.19,3,9.0
RB07852,2024-04-21,TH-CENTRAL,Red Edition,f1 sponsorship,75,664,6090.71,3,3.0
RB09112,2024-01-24,TH-CENTRAL,Krating Daeng 250,in-store promo,60,388,22154.74,1,9.0
RB01324,2024-12-27,TH-SOUTH,Tropical Edition,TV Ad,85,815,16108.5,2,9.0
RB09507,2024-07-15,TH-CENTRAL,Tropical Edition,Social Media,85,791,29818.52,2,3.0
RB00862,2024-05-13,USA-WEST,Original Blue,extreme sports,80,443,40502.84,2,4.0
RB03369,2023-08-24,TH-EAST,Tropical Edition,in-store promo,85,601,21040.91,2,8.0
RB01570-DUP,2024-03-21,TH-NORTH,Krating Daeng 250,extreme sports,60,694,59330.95,2,9.0
RB04594,2023-02-13,TH-CENTRAL,Tropical Edition,f1 sponsorship,85,370,35605.85,2,6.0
RB09370,2023-04-24,TH-NORTH,Red Edition,f1 sponsorship,75,439,15110.17,0,4.0
RB08223,2023-05-15,TH-EAST,Krating Daeng 250,TV Ad,60,470,11050.34,4,6.0
RB07526,2023-02-23,TH-CENTRAL,Sugarfree,f1 sponsorship,90,511,23802.36,3,4.0
RB04193,2024-01-18,USA-WEST,Tropical Edition,in-store promo,85,513,13643.71,4,6.0
RB04300,2024-11-17,EUROPE-EU,Tropical Edition,Social Media,85,359,56049.41,5,4.0
RB08149,2024-06-11,TH-EAST,Sugarfree,extreme sports,90,485,23289.45,1,6.0
RB04765,2023-11-09,TH-CENTRAL,Sugarfree,Social Media,90,522,48425.62,1,4.0
RB07061,2023-03-09,TH-EAST,Krating Daeng 250,TV Ad,60,529,31122.49,3,10.0
RB05472,2024-05-21,TH-CENTRAL,Original Blue,in-store promo,80,600,48233.04,0,4.0
RB06355,2024-05-12,TH-EAST,Sugarfree,f1 sponsorship,90,542,40252.23,2,4.0
RB07934,2023-10-07,TH-EAST,Sugarfree,TV Ad,90,602,57348.48,1,9.0
RB02867,2024-04-21,USA-EAST,Tropical Edition,extreme sports,85,714,32658.19,4,6.0
RB01751,2024-03-16,EUROPE-EU,Krating Daeng 250,extreme sports,60,460,18902.3,2,10.0
RB00959,2024-10-04,TH-NORTH,Red Edition,TV Ad,75,565,20789.58,3,9.0
RB05944,2024-09-18,TH-EAST,Red Edition,Social Media,75,385,48011.49,1,6.0
RB07037,2023-10-28,TH-CENTRAL,Tropical Edition,Social Media,85,482,36695.42,2,6.0
RB07958,2024-10-17,USA-WEST,Red Edition,Social Media,75,538,25227.4,3,6.0
RB09250,2023-10-06,TH-EAST,Red Edition,f1 sponsorship,75,702,46435.0,2,6.0
RB07851,2024-08-24,TH-EAST,Krating Daeng 250,Social Media,60,453,51623.38,3,5.0
RB01205-DUP,2023-04-29,TH-NORTH,Krating Daeng 250,extreme sports,60,494,57033.76,4,3.0
RB02588,2023-02-03,EUROPE-EU,Original Blue,TV Ad,80,221,16047.41,3,10.0
RB00888,2024-08-04,TH-CENTRAL,Tropical Edition,f1 sponsorship,85,537,55548.12,2,5.0
RB08292,2024-03-17,TH-NORTH,Tropical Edition,TV Ad,85,585,10657.11,1,6.0
RB07588,2023-11-15,TH-SOUTH,Sugarfree,TV Ad,90,658,32455.53,5,5.0
RB04357,2024-03-26,USA-WEST,Tropical Edition,TV Ad,85,559,50390.02,5,4.0
RB01154,2023-01-06,TH-EAST,Tropical Edition,Social Media,85,680,45408.84,2,6.0
RB06517,2024-12-25,TH-NORTH,Krating Daeng 250,in-store promo,60,488,45215.46,2,8.0
RB01791,2024-01-28,TH-NORTH,Original Blue,extreme sports,80,466,15911.43,4,8.0
RB00073,2024-09-18,USA-WEST,Tropical Edition,in-store promo,85,725,59460.35,1,5.0
RB09027,2023-01-24,TH-SOUTH,Sugarfree,extreme sports,90,595,45024.11,2,9.0
RB03120,2024-12-12,USA-EAST,Original Blue,f1 sponsorship,80,519,52458.95,1,8.0
RB08788,2024-07-09,USA-EAST,Sugarfree,extreme sports,90,476,58567.81,1,4.0
RB05770,2023-11-10,USA-EAST,Red Edition,Social Media,75,459,49727.67,3,6.0
RB08511,2024-03-18,TH-NORTH,Original Blue,TV Ad,80,543,35083.58,5,3.0
RB06050,2024-10-19,EUROPE-EU,Tropical Edition,in-store promo,85,692,12793.87,2,5.0
RB08672,2024-10-23,TH-NORTH,Krating Daeng 250,TV Ad,60,552,8914.24,3,6.0
RB03499,2024-10-23,TH-NORTH,Red Edition,extreme sports,75,406,31165.66,2,6.0
RB06747,2023-05-07,EUROPE-EU,Red Edition,f1 sponsorship,75,666,30333.96,4,7.0
RB07687,2024-12-04,ASIA-PACIFIC,Red Edition,extreme sports,75,462,39724.0,3,5.0
RB01641,2024-05-22,EUROPE-EU,Sugarfree,in-store promo,90,501,15193.1,1,5.0
RB07124,2024-01-17,TH-EAST,Red Edition,TV Ad,75,453,59501.24,2,6.0
RB00746,2023-12-24,TH-EAST,Red Edition,f1 sponsorship,75,567,48277.06,4,5.0
RB04708,2024-12-18,TH-CENTRAL,Red Edition,Social Media,75,299,32658.19,1,6.0
RB07347,2024-06-18,TH-CENTRAL,Red Edition,in-store promo,75,421,17581.56,1,9.0
RB03105,2024-04-19,TH-CENTRAL,Sugarfree,Social Media,90,706,34855.41,3,3.0
RB08591,2023-12-31,TH-NORTH,Original Blue,f1 sponsorship,80,547,29527.21,2,8.0
RB04601,2023-10-30,EUROPE-EU,Original Blue,Social Media,80,601,18388.51,2,5.0
RB02763,2023-05-12,USA-EAST,Krating Daeng 250,in-store promo,60,309,28833.68,0,6.0
RB08959,2024-06-18,EUROPE-EU,Krating Daeng 250,f1 sponsorship,60,664,46424.81,2,8.0
RB00915,2023-10-28,TH-CENTRAL,Krating Daeng 250,in-store promo,60,651,23372.71,3,7.0
RB06137,2023-07-17,TH-EAST,Krating Daeng 250,TV Ad,60,479,40493.63,1,8.0
RB05298,2023-02-11,USA-EAST,Sugarfree,Social Media,90,656,45177.12,2,6.0
RB05946,2023-01-27,USA-WEST,Krating Daeng 250,Social Media,60,531,23354.37,3,8.0
RB03460,2023-08-10,TH-CENTRAL,Krating Daeng 250,in-store promo,60,471,31135.0,3,6.0
RB06674,2024-02-29,TH-CENTRAL,Original Blue,Social Media,80,616,37655.11,0,9.0
RB02352,2024-11-15,TH-NORTH,Krating Daeng 250,TV Ad,60,614,24939.48,3,5.0
RB03742,2024-06-06,EUROPE-EU,Red Edition,f1 sponsorship,75,560,46317.99,2,9.0
RB03743,2024-11-18,TH-CENTRAL,Sugarfree,Social Media,90,673,7626.01,0,3.0
RB06230,2024-09-22,USA-EAST,Krating Daeng 250,TV Ad,60,565,31726.85,4,9.0
RB04228,2024-06-18,ASIA-PACIFIC,Krating Daeng 250,f1 sponsorship,60,335,51427.52,0,7.0
RB06191,2023-01-15,USA-EAST,Original Blue,Social Media,80,706,46805.04,2,1.0
RB02155,2023-08-27,TH-SOUTH,Sugarfree,TV Ad,90,391,51328.37,4,8.0
RB09508,2024-05-18,USA-EAST,Sugarfree,TV Ad,90,483,26915.95,2,6.0
RB06446,2024-07-06,TH-NORTH,Sugarfree,Social Media,90,484,57745.95,4,8.0
RB01792,2023-04-15,USA-EAST,Krating Daeng 250,TV Ad,60,407,13009.26,3,1.0
RB05043,2024-06-02,USA-WEST,Red Edition,in-store promo,75,482,50612.31,2,7.0
RB00005,2023-06-27,TH-EAST,Red Edition,Social Media,75,277,51852.7,5,9.0
RB04929,2024-07-03,TH-NORTH,Krating Daeng 250,Social Media,60,708,47081.57,4,3.0
RB05254,2024-09-16,TH-NORTH,Sugarfree,f1 sponsorship,90,600,39505.33,3,2.0
RB05639,2023-11-27,TH-EAST,Tropical Edition,f1 sponsorship,85,397,8483.76,0,6.0
RB05579,2023-02-08,USA-EAST,Red Edition,Social Media,75,251,20068.88,3,3.0
RB03842,2023-02-22,TH-NORTH,Original Blue,Social Media,80,685,43205.85,1,3.0
RB00773,2024-08-21,ASIA-PACIFIC,Red Edition,Social Media,75,642,14679.35,5,7.0
RB07804,2023-07-23,USA-EAST,Sugarfree,TV Ad,90,317,26684.66,3,6.0
RB07772,2024-01-12,TH-NORTH,Krating Daeng 250,in-store promo,60,760,19644.3,4,4.0
RB03767,2024-07-05,TH-CENTRAL,Red Edition,Social Media,75,498,30575.96,2,8.0
RB00745,2024-05-01,TH-EAST,Original Blue,in-store promo,80,594,50268.26,2,3.0
RB03054,2023-12-27,TH-NORTH,Sugarfree,TV Ad,90,698,56379.3,5,7.0
RB04345,2023-08-07,TH-SOUTH,Original Blue,Social Media,80,485,26467.47,2,9.0
RB07249,2024-01-18,TH-CENTRAL,Red Edition,in-store promo,75,512,7262.1,0,8.0
RB08437,2023-04-01,TH-CENTRAL,Krating Daeng 250,Social Media,60,522,48784.47,5,6.0
RB05672,2024-10-09,ASIA-PACIFIC,Sugarfree,in-store promo,90,216,47057.13,4,6.0
RB04726,2023-04-09,TH-CENTRAL,Original Blue,extreme sports,80,438,11153.99,2,3.0
RB05782,2024-01-28,EUROPE-EU,Krating Daeng 250,in-store promo,60,611,8144.83,2,5.0
RB06077,2023-06-02,EUROPE-EU,Krating Daeng 250,TV Ad,60,581,53652.61,3,10.0
RB06026,2024-03-21,EUROPE-EU,Sugarfree,extreme sports,90,580,48572.68,4,6.0
RB05366,2024-12-29,TH-SOUTH,Original Blue,TV Ad,80,362,57411.67,2,7.0
RB03099,2023-10-17,TH-NORTH,Sugarfree,f1 sponsorship,90,542,32658.19,2,6.0
RB00035,2024-04-16,TH-EAST,Krating Daeng 250,extreme sports,60,667,46490.76,4,8.0
RB09549,2024-01-21,USA-EAST,Krating Daeng 250,f1 sponsorship,60,423,40340.91,1,9.0
RB02654,2024-01-21,TH-NORTH,Red Edition,f1 sponsorship,75,200,26061.64,1,10.0
RB02978,2023-02-10,TH-NORTH,Krating Daeng 250,extreme sports,60,781,16262.12,5,4.0
RB00507,2023-07-12,TH-CENTRAL,Krating Daeng 250,in-store promo,60,684,19925.21,3,4.0
RB06195,2023-06-30,TH-CENTRAL,Red Edition,TV Ad,75,565,32658.19,5,1.0
RB07586,2023-08-09,TH-CENTRAL,Sugarfree,Social Media,90,679,49080.97,1,1.0
RB04160,2023-03-02,ASIA-PACIFIC,Krating Daeng 250,extreme sports,60,509,33142.44,2,6.0
RB04572,2024-04-01,TH-NORTH,Original Blue,in-store promo,80,576,56722.6,5,7.0
RB08394,2024-04-08,TH-EAST,Original Blue,in-store promo,80,517,39916.17,5,8.0
RB02652,2023-03-11,TH-NORTH,Red Edition,extreme sports,75,520,24592.07,2,6.0
RB02071,2024-05-12,EUROPE-EU,Red Edition,Social Media,75,485,24597.78,3,9.0
RB01794,2024-10-07,TH-EAST,Tropical Edition,f1 sponsorship,85,498,7942.39,1,3.0
RB01943,2024-07-24,TH-CENTRAL,Original Blue,f1 sponsorship,80,473,5821.46,1,8.0
RB02601,2023-03-01,USA-WEST,Sugarfree,in-store promo,90,310,59914.01,2,7.0
RB04042,2023-03-25,ASIA-PACIFIC,Red Edition,Social Media,75,651,25856.86,2,1.0
RB06229,2023-08-19,TH-EAST,Original Blue,in-store promo,80,434,13049.24,5,3.0
RB01442,2023-04-03,USA-WEST,Sugarfree,extreme sports,90,538,25429.65,2,4.0
RB03419,2024-07-28,TH-CENTRAL,Red Edition,extreme sports,75,700,55489.36,3,6.0
RB08871,2023-08-24,USA-EAST,Tropical Edition,extreme sports,85,774,5310.41,3,4.0
RB06277,2024-03-02,TH-CENTRAL,Tropical Edition,TV Ad,85,607,25023.18,0,6.0
RB01529,2023-10-10,USA-WEST,Krating Daeng 250,in-store promo,60,416,14328.93,1,3.0
RB09043,2023-10-17,EUROPE-EU,Red Edition,f1 sponsorship,75,585,19198.1,2,7.0
RB07662,2024-02-15,TH-CENTRAL,Sugarfree,TV Ad,90,679,37020.63,1,9.0
RB05601,2023-09-26,TH-CENTRAL,Krating Daeng 250,extreme sports,60,759,26572.27,0,10.0
RB03471,2024-06-28,TH-SOUTH,Red Edition,f1 sponsorship,75,581,37127.76,4,5.0
RB05816,2024-01-07,TH-NORTH,Sugarfree,Social Media,90,542,13087.0,4,6.0
RB00874,2024-01-09,USA-WEST,Krating Daeng 250,f1 sponsorship,60,488,47820.99,3,7.0
RB02828,2023-02-13,USA-EAST,Tropical Edition,f1 sponsorship,85,893,16521.19,2,9.0
RB07361,2024-03-12,TH-EAST,Sugarfree,Social Media,90,606,40501.73,5,7.0
RB07553,2024-12-01,TH-EAST,Krating Daeng 250,TV Ad,60,590,49416.4,2,7.0
RB07341,2023-09-09,TH-CENTRAL,Original Blue,f1 sponsorship,80,590,9429.08,5,8.0
RB02544,2024-09-13,TH-NORTH,Tropical Edition,in-store promo,85,587,55542.27,3,1.0
RB09393,2023-03-18,ASIA-PACIFIC,Red Edition,Social Media,75,661,17124.65,1,5.0
RB08610,2024-04-28,TH-CENTRAL,Krating Daeng 250,TV Ad,60,531,54170.33,82,7.0
RB08699,2024-11-04,USA-WEST,Original Blue,extreme sports,80,612,24089.68,3,7.0
RB03661,2024-03-25,USA-EAST,Red Edition,extreme sports,75,655,34515.9,3,6.0
RB01753,2023-08-23,TH-SOUTH,Krating Daeng 250,extreme sports,60,385,54589.62,3,7.0
RB04378,2024-09-17,TH-EAST,Original Blue,TV Ad,80,780,6367.97,3,6.0
RB04030,2024-04-02,TH-NORTH,Original Blue,Social Media,80,542,39101.66,3,7.0
RB05127,2023-12-18,USA-WEST,Original Blue,TV Ad,80,685,32658.19,1,8.0
RB07277,2023-08-08,TH-EAST,Krating Daeng 250,extreme sports,60,419,48041.52,1,6.0
RB06990,2024-11-30,TH-SOUTH,Original Blue,TV Ad,80,567,12827.32,1,6.0
RB06554,2023-11-16,TH-NORTH,Red Edition,extreme sports,75,537,52399.94,2,6.0
RB02820,2023-07-04,USA-WEST,Original Blue,Social Media,80,312,25709.36,3,6.0
RB04770,2024-12-26,TH-SOUTH,Red Edition,Social Media,75,565,47648.78,1,1.0
RB05805,2023-08-04,USA-EAST,Tropical Edition,Social Media,85,412,49320.12,3,10.0
RB01650,2024-05-14,USA-EAST,Original Blue,in-store promo,80,637,23650.5,1,5.0
RB08288,2023-05-13,TH-NORTH,Sugarfree,Social Media,90,480,25254.91,3,2.0
RB03353,2024-11-07,TH-NORTH,Krating Daeng 250,f1 sponsorship,60,672,23554.04,1,8.0
RB03666,2024-09-22,USA-WEST,Original Blue,extreme sports,80,379,48285.69,4,6.0
RB03181,2024-09-19,EUROPE-EU,Krating Daeng 250,extreme sports,60,553,24889.79,2,9.0
RB02668,2024-09-30,ASIA-PACIFIC,Tropical Edition,in-store promo,85,654,52036.36,3,3.0
RB01916,2023-10-12,TH-NORTH,Krating Daeng 250,extreme sports,60,678,42063.44,5,10.0
RB00943,2023-11-05,EUROPE-EU,Original Blue,TV Ad,80,581,33084.89,2,9.0
RB03029,2023-06-14,EUROPE-EU,Tropical Edition,in-store promo,85,650,45153.26,2,4.0
RB09299,2023-07-26,TH-NORTH,Tropical Edition,f1 sponsorship,85,581,44002.98,3,10.0
RB04512,2024-04-09,TH-NORTH,Red Edition,in-store promo,75,529,41113.71,1,6.0
RB00012,2023-03-09,EUROPE-EU,Krating Daeng 250,Social Media,60,645,54844.59,2,2.0
RB07569,2024-11-04,EUROPE-EU,Krating Daeng 250,extreme sports,60,573,59958.73,2,10.0
RB01795,2023-01-11,TH-CENTRAL,Sugarfree,in-store promo,90,425,16822.93,2,9.0
RB05028,2024-05-13,TH-CENTRAL,Sugarfree,f1 sponsorship,90,631,8696.96,1,9.0
RB04434,2023-03-26,TH-CENTRAL,Red Edition,TV Ad,75,435,23964.53,4,9.0
RB07582,2024-03-10,TH-CENTRAL,Krating Daeng 250,Social Media,60,401,21829.79,2,6.0
RB05401,2023-12-19,USA-WEST,Krating Daeng 250,TV Ad,60,668,30650.56,3,6.0
RB01035,2023-06-16,TH-EAST,Tropical Edition,extreme sports,85,652,20078.13,1,6.0
RB06329,2024-03-09,TH-NORTH,Tropical Edition,extreme sports,85,537,25244.52,3,7.0
RB03769,2024-05-09,EUROPE-EU,Red Edition,in-store promo,75,762,7177.47,2,6.0
RB06245,2024-09-07,EUROPE-EU,Krating Daeng 250,TV Ad,60,11634,36837.35,2,6.0
RB07320,2023-12-21,USA-EAST,Krating Daeng 250,in-store promo,60,583,51483.52,5,6.0
RB02939,2024-02-18,TH-SOUTH,Krating Daeng 250,Social Media,60,455,32658.19,5,6.0
RB04291,2023-11-09,TH-CENTRAL,Red Edition,Social Media,75,467,15255.48,2,2.0
RB05821,2024-01-25,USA-WEST,Krating Daeng 250,f1 sponsorship,60,518,8748.12,3,2.0
RB06261,2023-06-06,ASIA-PACIFIC,Tropical Edition,f1 sponsorship,85,557,9846.15,2,10.0
RB02468-DUP,2024-01-07,EUROPE-EU,Krating Daeng 250,f1 sponsorship,60,399,36411.17,2,7.0
RB03868,2024-08-04,TH-EAST,Sugarfree,TV Ad,90,599,46341.29,0,5.0
RB09593,2024-06-23,TH-SOUTH,Original Blue,in-store promo,80,433,23330.5,0,1.0
RB04475,2024-05-30,EUROPE-EU,Sugarfree,f1 sponsorship,90,373,26335.13,3,9.0
RB02176,2023-07-27,USA-WEST,Original Blue,in-store promo,80,432,43771.66,5,5.0
RB01029,2023-08-04,EUROPE-EU,Tropical Edition,in-store promo,85,513,30958.84,0,3.0
RB08208,2023-11-10,TH-EAST,Sugarfree,in-store promo,90,422,53979.49,2,3.0
RB02917,2024-01-30,TH-CENTRAL,Red Edition,extreme sports,75,276,21774.87,45,4.0
RB02760,2024-01-06,TH-NORTH,Red Edition,TV Ad,75,771,19191.8,2,10.0
RB04680,2023-06-15,TH-SOUTH,Red Edition,f1 sponsorship,75,592,24516.92,2,3.0
RB00675,2023-09-05,TH-NORTH,Tropical Edition,in-store promo,85,645,24369.03,4,6.0
RB05045,2023-05-06,TH-SOUTH,Krating Daeng 250,in-store promo,60,696,22674.5,0,7.0
RB03173,2023-09-20,TH-NORTH,Krating Daeng 250,f1 sponsorship,60,539,28707.91,1,7.0
RB03437,2023-03-09,TH-CENTRAL,Tropical Edition,extreme sports,85,641,13725.61,2,6.0
RB06356,2023-03-10,TH-SOUTH,Original Blue,Social Media,80,493,24706.02,1,4.0
RB07050,2024-05-31,TH-CENTRAL,Red Edition,extreme sports,75,592,27948.54,1,5.0
RB01276,2023-11-27,TH-EAST,Original Blue,f1 sponsorship,80,550,7237.58,1,8.0
RB06376,2024-11-08,USA-WEST,Tropical Edition,Social Media,85,433,7921.9,5,3.0
RB07639,2023-07-20,TH-SOUTH,Sugarfree,extreme sports,90,829,52215.19,2,7.0
RB05831,2024-04-12,USA-EAST,Sugarfree,TV Ad,90,745,40631.75,1,5.0
RB01955,2024-03-31,TH-CENTRAL,Krating Daeng 250,Social Media,60,423,12803.41,1,3.0
RB05473,2024-01-17,TH-NORTH,Sugarfree,Social Media,90,505,32658.19,1,7.0
RB02367-DUP,2024-11-02,USA-WEST,Red Edition,Social Media,75,544,36001.21,5,6.0
RB05997,2024-09-07,TH-EAST,Red Edition,extreme sports,75,607,24775.18,1,3.0
RB04077,2024-06-27,USA-WEST,Tropical Edition,Social Media,85,793,7668.18,0,9.0
RB01137,2024-10-19,TH-NORTH,Sugarfree,TV Ad,90,306,39364.79,2,7.0
RB00821,2024-04-01,TH-NORTH,Tropical Edition,Social Media,85,730,32658.19,2,4.0
RB05620,2024-12-24,TH-NORTH,Red Edition,Social Media,75,662,49028.18,2,4.0
RB01728,2024-03-01,TH-NORTH,Sugarfree,extreme sports,90,200,50842.82,84,1.0
RB06761,2023-12-10,EUROPE-EU,Red Edition,Social Media,75,633,58505.85,3,7.0
RB02674,2023-11-02,USA-EAST,Sugarfree,Social Media,90,493,21029.09,4,5.0
RB05483,2024-12-24,TH-EAST,Red Edition,extreme sports,75,567,33261.87,4,10.0
RB00657,2023-07-16,TH-EAST,Tropical Edition,in-store promo,85,440,49756.19,3,3.0
RB04714,2023-06-16,TH-CENTRAL,Krating Daeng 250,TV Ad,60,523,45900.08,2,7.0
RB08304,2024-06-08,TH-NORTH,Original Blue,extreme sports,80,553,11000.25,4,4.0
RB01612,2023-05-28,TH-CENTRAL,Krating Daeng 250,f1 sponsorship,60,579,39379.27,3,4.0
RB08606,2023-11-04,ASIA-PACIFIC,Original Blue,Social Media,80,776,59949.85,2,9.0
RB08688,2024-09-13,EUROPE-EU,Sugarfree,Social Media,90,516,43975.07,3,5.0
RB02253,2023-10-13,TH-NORTH,Sugarfree,Social Media,90,808,58455.7,5,8.0
RB09357,2023-08-04,TH-NORTH,Red Edition,in-store promo,75,557,55639.42,0,8.0
RB07781,2023-10-25,USA-EAST,Original Blue,in-store promo,80,720,20194.13,2,8.0
RB03087,2024-02-09,TH-CENTRAL,Red Edition,f1 sponsorship,75,569,59508.99,3,7.0
RB01899,2024-08-03,TH-NORTH,Tropical Edition,in-store promo,85,589,16812.82,2,6.0
RB04431,2024-01-29,TH-CENTRAL,Tropical Edition,TV Ad,85,459,48993.67,0,5.0
RB01167,2024-09-01,TH-NORTH,Krating Daeng 250,Social Media,60,609,1003571.46,2,8.0
RB09465,2023-11-28,TH-CENTRAL,Original Blue,in-store promo,80,466,30131.51,0,7.0
RB00081,2023-06-14,TH-NORTH,Krating Daeng 250,Social Media,60,451,10653.56,3,5.0
RB07790,2024-05-11,USA-WEST,Tropical Edition,f1 sponsorship,85,572,22326.79,0,8.0
RB08899,2024-09-16,TH-CENTRAL,Tropical Edition,in-store promo,85,458,24769.76,0,6.0
RB03995,2023-10-23,EUROPE-EU,Original Blue,extreme sports,80,10640,6136.94,5,4.0
RB00333,2023-02-28,USA-EAST,Original Blue,extreme sports,80,459,16064.76,85,7.0
RB04695,2024-07-24,TH-NORTH,Original Blue,in-store promo,80,640,58952.09,4,8.0
RB08818,2023-01-30,EUROPE-EU,Sugarfree,in-store promo,90,551,17248.06,5,6.0
RB07040,2024-06-04,TH-SOUTH,Tropical Edition,Social Media,85,511,28442.06,4,7.0
RB04448,2023-01-08,TH-NORTH,Sugarfree,extreme sports,90,542,35028.19,2,6.0
RB00975,2024-07-26,TH-SOUTH,Sugarfree,extreme sports,90,246,19773.66,2,6.0
RB05441,2024-05-16,TH-NORTH,Sugarfree,extreme sports,90,423,17782.45,2,5.0
RB08727,2024-01-18,TH-NORTH,Original Blue,f1 sponsorship,80,694,21966.69,2,8.0
RB08055,2024-06-07,USA-EAST,Original Blue,f1 sponsorship,80,680,45105.7,1,10.0
RB05080,2024-12-24,TH-SOUTH,Krating Daeng 250,f1 sponsorship,60,684,8050.91,2,9.0
RB01608,2024-09-18,TH-CENTRAL,Red Edition,f1 sponsorship,75,584,29709.99,1,8.0
RB02281,2023-08-07,TH-CENTRAL,Red Edition,TV Ad,75,503,54282.46,1,8.0
RB07891,2024-08-15,USA-EAST,Red Edition,f1 sponsorship,75,600,23679.98,0,9.0
RB02744,2023-06-08,USA-EAST,Original Blue,TV Ad,80,417,50094.04,1,3.0
RB07960,2024-08-30,USA-EAST,Tropical Edition,extreme sports,85,456,9283.17,4,7.0
RB07376,2023-03-20,TH-CENTRAL,Krating Daeng 250,Social Media,60,402,31365.96,3,4.0
RB04304,2023-08-26,TH-EAST,Red Edition,in-store promo,75,489,14224.14,4,7.0
RB07267,2024-02-27,TH-SOUTH,Red Edition,f1 sponsorship,75,643,21180.71,2,9.0
RB07487,2024-09-14,TH-NORTH,Red Edition,f1 sponsorship,75,653,9457.91,2,5.0
RB05894,2023-02-04,TH-NORTH,Krating Daeng 250,TV Ad,60,566,13255.97,2,4.0
RB06495,2023-04-21,EUROPE-EU,Sugarfree,Social Media,90,440,59814.48,1,6.0
RB07731,2024-01-20,TH-CENTRAL,Krating Daeng 250,f1 sponsorship,60,697,36982.88,3,7.0
RB00848,2023-09-22,TH-NORTH,Original Blue,extreme sports,80,509,45304.9,1,2.0
RB02853,2024-10-16,TH-EAST,Red Edition,in-store promo,75,575,57484.13,4,9.0
RB01691,2023-07-12,TH-SOUTH,Krating Daeng 250,TV Ad,60,387,31548.18,3,4.0
RB04901,2023-10-07,USA-WEST,Tropical Edition,f1 sponsorship,85,487,1578929.01,4,5.0
RB02682,2024-03-09,TH-EAST,Tropical Edition,TV Ad,85,607,25829.96,1,4.0
RB03917,2023-05-09,TH-CENTRAL,Red Edition,f1 sponsorship,75,503,29623.08,2,5.0
RB06506,2023-06-12,ASIA-PACIFIC,Tropical Edition,f1 sponsorship,85,680,42695.38,0,5.0
RB08719,2024-09-11,TH-EAST,Tropical Edition,TV Ad,85,621,10421.17,3,3.0
RB00799,2024-09-11,ASIA-PACIFIC,Original Blue,Social Media,80,608,42651.38,3,6.0
RB08449,2023-11-25,TH-CENTRAL,Sugarfree,TV Ad,90,565,45849.21,4,4.0
RB06208,2023-10-04,TH-EAST,Krating Daeng 250,TV Ad,60,484,58159.33,5,10.0
RB00310,2023-05-20,USA-WEST,Sugarfree,f1 sponsorship,90,575,12399.47,2,4.0
RB01382,2023-08-21,ASIA-PACIFIC,Original Blue,Social Media,80,816,37629.28,2,4.0
RB08928,2024-09-25,USA-EAST,Red Edition,Social Media,75,517,20753.25,5,4.0
RB01293,2024-06-13,TH-NORTH,Sugarfree,f1 sponsorship,90,524,42256.44,0,9.0
RB00550,2023-06-13,TH-SOUTH,Krating Daeng 250,Social Media,60,548,11750.0,2,9.0
RB06268,2023-07-30,USA-EAST,Krating Daeng 250,TV Ad,60,734,23315.82,1,4.0
RB07658,2023-10-25,TH-CENTRAL,Krating Daeng 250,in-store promo,60,552,30721.78,0,3.0
RB08317,2023-01-18,USA-EAST,Tropical Edition,f1 sponsorship,85,499,11844.41,1,5.0
RB00064,2024-02-13,TH-CENTRAL,Red Edition,f1 sponsorship,75,639,40658.18,2,8.0
RB05372,2023-04-08,TH-EAST,Tropical Edition,extreme sports,85,496,42953.37,3,8.0
RB09592,2023-04-23,TH-CENTRAL,Red Edition,f1 sponsorship,75,676,15344.83,1,2.0
RB01692,2024-01-27,EUROPE-EU,Original Blue,f1 sponsorship,80,736,58924.51,2,7.0
RB00107,2023-12-18,TH-SOUTH,Krating Daeng 250,f1 sponsorship,60,626,40142.25,1,10.0
RB09032,2023-05-03,EUROPE-EU,Krating Daeng 250,extreme sports,60,528,32658.19,1,9.0
RB03234-DUP,2023-12-03,TH-CENTRAL,Original Blue,in-store promo,80,721,6395.9,4,2.0
RB03151,2023-01-14,ASIA-PACIFIC,Original Blue,f1 sponsorship,80,494,42605.51,2,4.0
RB04296,2023-03-12,TH-NORTH,Sugarfree,in-store promo,90,653,39780.33,1,8.0
RB07207,2023-08-08,TH-SOUTH,Sugarfree,in-store promo,90,714,28134.23,2,5.0
RB02635,2023-08-01,EUROPE-EU,Original Blue,TV Ad,80,539,53147.8,2,8.0
RB08359,2023-09-11,USA-WEST,Sugarfree,f1 sponsorship,90,682,12588.37,2,4.0
RB08365,2024-10-05,TH-NORTH,Tropical Edition,in-store promo,85,524,49725.94,1,5.0
RB09151,2024-07-30,USA-EAST,Original Blue,extreme sports,80,466,40211.29,3,4.0
RB04150,2024-11-05,TH-NORTH,Red Edition,TV Ad,75,490,25831.4,2,6.0
RB00446,2024-08-20,TH-CENTRAL,Tropical Edition,TV Ad,85,555,10895.28,5,6.0
RB02616,2023-07-13,TH-CENTRAL,Red Edition,TV Ad,75,611,7539.43,2,2.0
RB01253,2023-10-12,TH-NORTH,Tropical Edition,in-store promo,85,539,32404.71,5,6.0
RB00854,2023-09-06,EUROPE-EU,Sugarfree,extreme sports,90,378,36191.01,0,2.0
RB00009,2024-01-20,ASIA-PACIFIC,Tropical Edition,in-store promo,85,627,38810.14,5,5.0
RB06663,2023-02-01,TH-EAST,Red Edition,TV Ad,75,609,30350.84,2,6.0
RB07365,2023-03-06,EUROPE-EU,Tropical Edition,extreme sports,85,596,42940.82,3,6.0
RB05280,2023-06-22,TH-NORTH,Original Blue,in-store promo,80,594,40060.75,0,3.0
RB00452,2023-01-10,USA-EAST,Red Edition,Social Media,75,397,35293.7,5,6.0
RB03591,2023-01-13,TH-EAST,Original Blue,extreme sports,80,349,30887.83,2,8.0
RB03535,2023-02-11,TH-SOUTH,Tropical Edition,TV Ad,85,645,33698.66,3,6.0
RB01458,2023-12-13,USA-WEST,Tropical Edition,f1 sponsorship,85,594,54963.17,3,4.0
RB02850,2023-11-03,TH-CENTRAL,Sugarfree,in-store promo,90,503,41099.12,2,6.0
RB01248,2023-10-23,TH-NORTH,Krating Daeng 250,in-store promo,60,528,54965.31,2,7.0
RB07043,2023-04-08,EUROPE-EU,Tropical Edition,Social Media,85,558,20343.94,1,6.0
RB03287,2023-02-24,TH-NORTH,Red Edition,Social Media,75,542,45560.88,0,9.0
RB05310,2023-06-11,USA-EAST,Sugarfree,Social Media,90,431,46251.06,3,7.0
RB01673,2023-01-31,TH-NORTH,Sugarfree,TV Ad,90,356,9033.46,3,6.0
RB01463,2024-07-21,ASIA-PACIFIC,Red Edition,extreme sports,75,591,5997.09,2,5.0
RB09030,2024-02-28,TH-EAST,Tropical Edition,extreme sports,85,353,25366.81,3,6.0
RB01184,2024-09-09,TH-EAST,Krating Daeng 250,TV Ad,60,667,56128.69,2,9.0
RB01553,2024-03-26,EUROPE-EU,Sugarfree,Social Media,90,238,55966.72,2,5.0
RB04146,2024-09-19,USA-EAST,Original Blue,in-store promo,80,626,35971.86,2,6.0
RB01634,2023-10-26,TH-CENTRAL,Sugarfree,in-store promo,90,570,38776.26,2,3.0
RB04541,2024-11-17,ASIA-PACIFIC,Red Edition,TV Ad,75,513,22479.24,0,4.0
RB03239,2024-03-10,TH-SOUTH,Red Edition,in-store promo,75,699,8487.77,3,7.0
RB01853,2023-04-11,TH-NORTH,Sugarfree,Social Media,90,738,27090.13,3,7.0
RB02948,2024-12-17,ASIA-PACIFIC,Krating Daeng 250,f1 sponsorship,60,566,26609.48,3,8.0
RB01342,2023-04-11,TH-CENTRAL,Sugarfree,extreme sports,90,506,37139.14,0,4.0
RB02894,2023-07-22,TH-CENTRAL,Krating Daeng 250,extreme sports,60,831,20086.25,3,7.0
RB03546,2023-09-20,TH-EAST,Krating Daeng 250,f1 sponsorship,60,727,27610.86,1,10.0
RB04905,2023-05-02,TH-CENTRAL,Tropical Edition,extreme sports,85,496,15851.37,2,6.0
RB06702,2023-09-24,TH-EAST,Tropical Edition,in-store promo,85,363,59958.39,2,6.0
RB08539,2023-01-07,ASIA-PACIFIC,Red Edition,in-store promo,75,579,46381.47,0,5.0
RB08514,2023-09-01,TH-NORTH,Tropical Edition,in-store promo,85,595,24759.98,4,10.0
RB06922,2023-08-23,TH-NORTH,Tropical Edition,extreme sports,85,574,10184.89,2,7.0
RB07576,2024-03-13,TH-NORTH,Sugarfree,in-store promo,90,415,43650.58,0,4.0
RB07648,2024-12-12,USA-EAST,Red Edition,in-store promo,75,356,30241.26,0,9.0
RB00493,2024-10-19,TH-CENTRAL,Sugarfree,f1 sponsorship,90,489,8665.73,1,3.0
RB02175,2024-12-06,USA-WEST,Krating Daeng 250,extreme sports,60,773,37462.01,1,8.0
RB09545,2023-10-04,TH-SOUTH,Red Edition,f1 sponsorship,75,468,36558.66,1,6.0
RB01537,2024-04-02,USA-EAST,Red Edition,TV Ad,75,810,56345.18,5,6.0
RB08174,2024-02-12,TH-CENTRAL,Krating Daeng 250,TV Ad,60,406,52936.54,5,9.0
RB05121,2024-07-18,TH-NORTH,Sugarfree,extreme sports,90,432,30100.54,1,9.0
RB08131,2024-02-22,EUROPE-EU,Krating Daeng 250,in-store promo,60,469,40661.49,3,3.0
RB05217,2024-06-10,USA-EAST,Tropical Edition,Social Media,85,396,55468.64,3,6.0
RB02876,2023-10-20,USA-EAST,Tropical Edition,f1 sponsorship,85,631,19790.72,1,7.0
RB01170,2023-04-08,TH-NORTH,Red Edition,f1 sponsorship,75,487,35661.7,0,7.0
RB01386,2023-10-14,TH-CENTRAL,Original Blue,in-store promo,80,372,49482.93,2,7.0
RB00150,2023-07-08,TH-SOUTH,Tropical Edition,extreme sports,85,547,30454.77,1,4.0
RB04964,2024-09-04,TH-SOUTH,Krating Daeng 250,in-store promo,60,560,49629.13,4,7.0
RB05342,2024-01-24,TH-SOUTH,Sugarfree,in-store promo,90,742,32354.06,4,6.0
RB02462,2023-09-17,TH-CENTRAL,Red Edition,in-store promo,75,473,55343.93,4,6.0
RB08787-DUP,2024-01-01,ASIA-PACIFIC,Tropical Edition,f1 sponsorship,85,653,56215.68,4,4.0
RB03338,2024-11-18,TH-CENTRAL,Sugarfree,extreme sports,90,637,12796.86,3,5.0
RB04732,2023-04-27,USA-WEST,Tropical Edition,f1 sponsorship,85,617,40903.2,4,6.0
RB03568,2023-09-30,TH-EAST,Red Edition,Social Media,75,611,37351.51,2,9.0
RB00634,2023-02-22,USA-WEST,Sugarfree,f1 sponsorship,90,449,12614.64,1,6.0
RB09517,2023-10-02,TH-SOUTH,Tropical Edition,TV Ad,85,623,23171.78,1,8.0
RB05764,2023-05-26,TH-SOUTH,Red Edition,f1 sponsorship,75,627,23389.12,2,4.0
RB04466,2024-08-05,TH-CENTRAL,Krating Daeng 250,Social Media,60,681,51785.82,4,3.0
RB00359,2023-10-02,TH-SOUTH,Sugarfree,extreme sports,90,620,53821.25,2,6.0
RB09500,2024-05-10,TH-CENTRAL,Red Edition,Social Media,75,519,11329.99,1,6.0
RB05696,2023-12-31,USA-EAST,Tropical Edition,f1 sponsorship,85,558,51425.69,2,5.0
RB01300,2023-11-25,TH-EAST,Krating Daeng 250,in-store promo,60,581,36906.76,2,3.0
RB04171,2023-10-30,TH-CENTRAL,Original Blue,TV Ad,80,498,18742.03,2,3.0
RB03077,2024-07-18,TH-SOUTH,Red Edition,TV Ad,75,626,32463.51,2,7.0
RB09261,2023-10-05,TH-SOUTH,Tropical Edition,extreme sports,85,479,13623.87,3,5.0
RB07151,2024-12-03,TH-CENTRAL,Sugarfree,extreme sports,90,811,53946.2,3,3.0
RB04953,2024-04-26,TH-CENTRAL,Original Blue,in-store promo,80,365,15503.68,3,7.0
RB03177,2024-01-08,TH-EAST,Tropical Edition,Social Media,85,600,30116.35,0,9.0
RB07334,2024-06-21,USA-EAST,Original Blue,extreme sports,80,727,43163.42,2,9.0
RB00314,2023-09-29,TH-NORTH,Tropical Edition,TV Ad,85,449,32658.19,5,4.0
RB05865,2023-06-12,USA-WEST,Sugarfree,f1 sponsorship,90,689,53300.17,5,1.0
RB03609,2023-05-03,TH-CENTRAL,Original Blue,Social Media,80,529,10676.28,2,1.0
RB03376,2024-02-27,USA-WEST,Krating Daeng 250,extreme sports,60,528,48334.06,2,6.0
RB08888,2024-02-13,TH-SOUTH,Krating Daeng 250,extreme sports,60,695,13211.75,5,2.0
RB00736,2024-05-23,EUROPE-EU,Tropical Edition,f1 sponsorship,85,399,48294.69,4,5.0
RB06420,2023-08-27,TH-CENTRAL,Red Edition,extreme sports,75,709,32658.19,5,9.0
RB07414,2023-03-29,TH-EAST,Tropical Edition,f1 sponsorship,85,494,6040.23,2,10.0
RB06923,2024-06-08,EUROPE-EU,Original Blue,TV Ad,80,552,30252.62,0,7.0
RB05709,2023-07-04,USA-EAST,Tropical Edition,TV Ad,85,618,40874.46,2,6.0
RB08315,2023-06-15,EUROPE-EU,Red Edition,TV Ad,75,571,13719.3,2,4.0
RB04864,2024-04-29,TH-SOUTH,Original Blue,TV Ad,80,514,25439.83,1,2.0
RB09600,2024-10-19,TH-NORTH,Sugarfree,in-store promo,90,850,33951.34,2,4.0
RB05369,2023-06-21,EUROPE-EU,Sugarfree,in-store promo,90,775,33414.6,3,6.0
RB07646,2024-02-24,TH-NORTH,Krating Daeng 250,TV Ad,60,386,59095.82,4,6.0
RB02814,2024-10-21,TH-EAST,Tropical Edition,TV Ad,85,681,5515.1,2,8.0
RB03240,2023-05-15,TH-NORTH,Red Edition,TV Ad,75,602,54689.51,3,6.0
RB02627,2024-04-11,USA-EAST,Sugarfree,TV Ad,90,664,54084.15,0,7.0
RB02425,2023-12-14,TH-CENTRAL,Tropical Edition,in-store promo,85,477,51618.43,2,6.0
RB07173,2024-01-10,TH-EAST,Original Blue,in-store promo,80,528,49055.91,3,5.0
RB08728,2024-08-20,USA-EAST,Sugarfree,extreme sports,90,429,46671.43,4,7.0
RB07421,2024-10-18,USA-EAST,Tropical Edition,in-store promo,85,676,14026.75,0,6.0
RB08031-DUP,2023-02-03,EUROPE-EU,Original Blue,in-store promo,80,499,10368.15,2,5.0
RB04330,2024-10-20,TH-NORTH,Sugarfree,f1 sponsorship,90,384,29192.32,2,5.0
RB02384,2024-05-08,USA-WEST,Original Blue,extreme sports,80,374,13107.27,4,8.0
RB03729,2024-04-11,TH-NORTH,Sugarfree,f1 sponsorship,90,550,22504.43,3,9.0
RB03387,2024-12-10,TH-NORTH,Red Edition,TV Ad,75,534,32658.19,2,6.0
RB02898,2023-05-05,USA-WEST,Krating Daeng 250,TV Ad,60,602,7281.78,2,8.0
RB02167,2024-10-14,ASIA-PACIFIC,Krating Daeng 250,in-store promo,60,623,18444.71,0,4.0
RB02884,2023-06-05,TH-SOUTH,Red Edition,Social Media,75,575,11562.07,2,8.0
RB04917,2024-09-08,TH-SOUTH,Sugarfree,f1 sponsorship,90,532,15089.68,2,6.0
RB02533,2023-04-23,USA-EAST,Red Edition,in-store promo,75,469,26044.42,2,6.0
RB00863,2024-10-03,TH-NORTH,Krating Daeng 250,extreme sports,60,441,9347.36,5,7.0
RB01400,2024-09-13,USA-EAST,Tropical Edition,Social Media,85,571,39809.97,2,6.0
RB00589,2023-12-08,USA-WEST,Red Edition,in-store promo,75,573,6686.56,3,4.0
RB05335,2024-01-10,TH-EAST,Tropical Edition,extreme sports,85,553,29773.23,5,9.0
RB05559,2023-04-20,TH-EAST,Original Blue,extreme sports,80,704,35751.83,2,9.0
RB06682,2024-06-09,USA-EAST,Tropical Edition,TV Ad,85,534,20205.42,2,6.0
RB09283,2024-02-24,TH-CENTRAL,Original Blue,extreme sports,80,411,10007.68,2,10.0
RB05551,2023-02-22,TH-NORTH,Sugarfree,in-store promo,90,381,20414.55,2,9.0
RB03051,2024-11-07,TH-CENTRAL,Red Edition,Social Media,75,678,54500.76,4,8.0
RB04389,2023-05-20,TH-NORTH,Original Blue,in-store promo,80,663,31020.97,4,2.0
RB06759,2023-10-02,TH-NORTH,Red Edition,extreme sports,75,442,7523.36,2,6.0
RB05015,2023-01-31,TH-SOUTH,Krating Daeng 250,Social Media,60,401,25078.36,5,8.0
RB06756,2023-06-06,ASIA-PACIFIC,Tropical Edition,TV Ad,85,720,12328.06,0,4.0
RB07632,2023-01-26,USA-WEST,Krating Daeng 250,extreme sports,60,563,34585.29,5,5.0
RB09355,2024-09-11,TH-CENTRAL,Sugarfree,in-store promo,90,671,13539.29,3,3.0
RB08266,2024-04-09,EUROPE-EU,Original Blue,extreme sports,80,749,38722.21,1,10.0
RB01642,2023-06-23,ASIA-PACIFIC,Original Blue,TV Ad,80,631,10262.14,2,8.0
RB06784,2024-09-28,TH-EAST,Red Edition,in-store promo,75,497,51631.39,2,6.0
RB07651,2023-03-17,TH-SOUTH,Krating Daeng 250,extreme sports,60,564,6132.49,4,4.0
RB04079,2023-11-18,TH-CENTRAL,Original Blue,f1 sponsorship,80,394,6811.9,3,7.0
RB09171,2024-11-25,ASIA-PACIFIC,Original Blue,extreme sports,80,511,12120.97,4,6.0
RB00640,2023-08-24,TH-EAST,Original Blue,TV Ad,80,588,36595.02,2,4.0
RB05981,2024-08-22,USA-EAST,Red Edition,f1 sponsorship,75,658,30719.42,3,10.0
RB06210,2023-04-14,USA-WEST,Sugarfree,extreme sports,90,814,41587.84,4,9.0
RB07813,2023-08-14,TH-NORTH,Sugarfree,in-store promo,90,599,32658.19,1,6.0
RB03313,2023-03-27,USA-EAST,Red Edition,f1 sponsorship,75,569,28031.91,3,3.0
RB08012,2024-03-22,EUROPE-EU,Original Blue,in-store promo,80,606,11077.28,2,4.0
RB08800,2023-03-23,TH-NORTH,Red Edition,in-store promo,75,555,21755.1,0,3.0
RB02135,2023-12-16,TH-CENTRAL,Original Blue,f1 sponsorship,80,659,10127.66,5,6.0
RB07497,2024-05-17,TH-CENTRAL,Krating Daeng 250,in-store promo,60,529,51220.61,3,10.0
RB04249,2024-11-17,TH-NORTH,Krating Daeng 250,in-store promo,60,498,42745.94,2,8.0
RB00280,2023-04-26,USA-EAST,Sugarfree,in-store promo,90,603,49733.74,2,10.0
RB02756,2023-06-17,USA-EAST,Sugarfree,in-store promo,90,842,12814.36,1,10.0
RB05191,2023-10-31,USA-EAST,Krating Daeng 250,extreme sports,60,910,47743.23,1,6.0
RB06819,2024-04-02,TH-NORTH,Original Blue,extreme sports,80,495,35851.14,2,8.0
RB02162,2024-01-05,TH-SOUTH,Tropical Edition,TV Ad,85,597,37175.76,3,5.0
RB02836,2023-07-03,TH-SOUTH,Red Edition,in-store promo,75,542,44088.92,2,6.0
RB08225,2024-12-10,TH-SOUTH,Krating Daeng 250,extreme sports,60,638,39892.1,2,8.0
RB04286,2023-05-17,TH-EAST,Krating Daeng 250,f1 sponsorship,60,581,29091.59,1,8.0
RB08886,2024-04-20,USA-WEST,Tropical Edition,Social Media,85,521,39579.5,0,7.0
RB02602,2024-06-11,TH-EAST,Tropical Edition,in-store promo,85,576,24435.35,2,6.0
RB07835,2023-06-26,TH-SOUTH,Red Edition,TV Ad,75,534,49193.05,2,7.0
RB02289,2024-06-24,TH-NORTH,Krating Daeng 250,in-store promo,60,499,56067.37,4,4.0
RB01288,2023-06-06,EUROPE-EU,Red Edition,TV Ad,75,556,21258.09,3,4.0
RB04651,2024-03-26,ASIA-PACIFIC,Original Blue,in-store promo,80,509,25198.88,2,6.0
RB00096,2023-01-01,TH-SOUTH,Sugarfree,f1 sponsorship,90,559,44888.97,2,5.0
RB07386,2023-05-09,ASIA-PACIFIC,Krating Daeng 250,TV Ad,60,346,14205.75,1,6.0
RB03105-DUP,2024-04-19,TH-CENTRAL,Sugarfree,Social Media,90,706,34855.41,3,3.0
RB06664,2024-02-20,USA-EAST,Original Blue,TV Ad,80,459,55749.85,5,4.0
RB07757,2024-05-28,TH-CENTRAL,Krating Daeng 250,in-store promo,60,672,6352.25,0,5.0
RB07411,2024-07-10,USA-EAST,Original Blue,Social Media,80,640,53164.47,5,8.0
RB05464,2024-12-28,ASIA-PACIFIC,Red Edition,Social Media,75,480,28716.34,3,9.0
RB06958,2023-01-21,TH-EAST,Sugarfree,TV Ad,90,477,47955.27,0,8.0
RB06971,2023-04-27,TH-NORTH,Tropical Edition,extreme sports,85,503,43747.44,3,6.0
RB05713,2023-08-21,TH-CENTRAL,Tropical Edition,TV Ad,85,580,52751.68,2,10.0
RB01162,2024-03-16,TH-CENTRAL,Sugarfree,f1 sponsorship,90,592,52139.23,3,8.0
RB01498,2024-07-22,TH-EAST,Sugarfree,f1 sponsorship,90,789,31445.43,1,8.0
RB06204,2023-11-23,TH-NORTH,Krating Daeng 250,in-store promo,60,720,35586.08,4,6.0
RB07171,2023-09-10,TH-CENTRAL,Sugarfree,Social Media,90,497,34253.43,3,6.0
RB01496,2023-04-27,ASIA-PACIFIC,Krating Daeng 250,TV Ad,60,599,52628.09,5,6.0
RB04515,2024-07-24,TH-EAST,Original Blue,in-store promo,80,451,33684.88,1,4.0
RB03990,2023-06-19,TH-CENTRAL,Original Blue,TV Ad,80,770,55521.41,1,7.0
RB06767,2024-11-04,TH-NORTH,Red Edition,f1 sponsorship,75,464,53662.35,2,7.0
RB08730,2023-09-18,EUROPE-EU,Red Edition,TV Ad,75,414,55628.77,4,9.0
RB09292,2023-11-20,ASIA-PACIFIC,Krating Daeng 250,Social Media,60,453,49831.13,0,6.0
RB01281,2024-05-11,TH-CENTRAL,Sugarfree,extreme sports,90,506,7893.49,2,8.0
RB09389,2024-03-02,TH-EAST,Red Edition,f1 sponsorship,75,385,24565.71,3,8.0
RB03275,2023-12-15,USA-WEST,Tropical Edition,extreme sports,85,688,18375.29,0,5.0
RB02623,2023-12-26,ASIA-PACIFIC,Tropical Edition,TV Ad,85,530,42506.94,1,8.0
RB03875,2024-12-24,TH-SOUTH,Krating Daeng 250,in-store promo,60,458,5596.73,2,4.0
RB05899,2024-07-08,TH-SOUTH,Tropical Edition,extreme sports,85,547,21026.13,0,7.0
RB02503,2024-10-30,TH-CENTRAL,Krating Daeng 250,TV Ad,60,546,42475.34,2,8.0
RB06311,2024-04-29,TH-SOUTH,Red Edition,extreme sports,75,488,11602.62,2,4.0
RB00476,2024-11-07,TH-SOUTH,Sugarfree,in-store promo,90,538,32475.47,2,6.0
RB09180,2023-10-25,EUROPE-EU,Sugarfree,extreme sports,90,418,32095.05,2,3.0
RB02362,2024-04-12,TH-EAST,Tropical Edition,TV Ad,85,406,49459.3,2,2.0
RB05477,2024-10-20,USA-EAST,Original Blue,Social Media,80,593,29339.29,3,6.0
RB04113,2024-05-01,TH-NORTH,Krating Daeng 250,TV Ad,60,256,54978.29,2,5.0
RB04778,2024-10-05,USA-EAST,Krating Daeng 250,Social Media,60,644,37915.65,0,6.0
RB06546,2023-06-12,TH-NORTH,Red Edition,f1 sponsorship,75,495,27243.37,2,3.0
RB09466,2024-05-10,TH-CENTRAL,Original Blue,Social Media,80,585,6067.22,2,8.0
RB02022,2023-05-20,EUROPE-EU,Sugarfree,Social Media,90,641,57394.48,2,7.0
RB08194,2023-08-01,TH-CENTRAL,Sugarfree,Social Media,90,477,35342.31,0,9.0
RB01460,2023-02-02,USA-WEST,Sugarfree,in-store promo,90,518,36141.14,5,10.0
RB07714,2023-03-12,TH-SOUTH,Krating Daeng 250,TV Ad,60,353,47755.42,2,6.0
RB03435,2023-08-16,TH-EAST,Krating Daeng 250,in-store promo,60,596,54664.68,1,7.0
RB03020-DUP,2024-10-10,EUROPE-EU,Tropical Edition,Social Media,85,600,20579.52,0,8.0
RB05525,2023-03-19,TH-EAST,Sugarfree,f1 sponsorship,90,562,45675.2,0,10.0
RB03634,2024-04-02,USA-WEST,Tropical Edition,f1 sponsorship,85,470,24703.87,1,2.0
RB03508,2023-11-03,ASIA-PACIFIC,Tropical Edition,extreme sports,85,646,32711.67,2,4.0
RB04320,2024-10-08,ASIA-PACIFIC,Tropical Edition,in-store promo,85,711,54054.6,2,6.0
RB06785,2023-07-07,EUROPE-EU,Original Blue,TV Ad,80,555,56544.74,5,6.0
RB07410,2024-07-24,USA-WEST,Original Blue,TV Ad,80,682,7480.4,2,8.0
RB08837,2023-10-14,TH-CENTRAL,Krating Daeng 250,in-store promo,60,739,8928.85,2,8.0
RB07112,2024-01-20,ASIA-PACIFIC,Original Blue,f1 sponsorship,80,746,54439.67,5,5.0
RB08912,2023-01-04,TH-NORTH,Tropical Edition,extreme sports,85,450,59579.19,2,6.0
RB08260,2023-03-25,TH-SOUTH,Sugarfree,in-store promo,90,500,56616.73,3,6.0
RB08850,2024-12-18,USA-EAST,Krating Daeng 250,extreme sports,60,601,59671.05,5,5.0
RB06180,2023-09-17,TH-EAST,Red Edition,Social Media,75,561,45957.64,2,6.0
RB00845,2023-07-04,TH-NORTH,Red Edition,Social Media,75,565,12197.29,2,6.0
RB06581,2024-11-04,USA-WEST,Krating Daeng 250,Social Media,60,558,17400.54,2,4.0
RB01269,2024-09-27,TH-NORTH,Krating Daeng 250,extreme sports,60,303,42787.53,2,8.0
RB03808,2024-03-09,TH-EAST,Krating Daeng 250,Social Media,60,642,31407.78,3,9.0
RB06292,2023-02-18,ASIA-PACIFIC,Original Blue,Social Media,80,724,23879.33,2,2.0
RB06818,2023-01-22,TH-CENTRAL,Red Edition,in-store promo,75,452,37477.97,2,4.0
RB03323,2024-07-03,TH-SOUTH,Original Blue,extreme sports,80,337,30495.53,2,6.0
RB01406,2024-01-27,TH-EAST,Krating Daeng 250,TV Ad,60,508,48781.23,0,8.0
RB09577,2024-09-23,TH-CENTRAL,Sugarfree,extreme sports,90,977,40579.11,1,1.0
RB06043,2023-08-31,TH-CENTRAL,Red Edition,TV Ad,75,497,17396.86,3,3.0
RB04438,2024-06-12,TH-NORTH,Sugarfree,in-store promo,90,593,32426.76,4,4.0
RB00594,2024-11-22,USA-WEST,Red Edition,TV Ad,75,523,29031.62,1,6.0
RB08905,2024-03-28,TH-NORTH,Sugarfree,in-store promo,90,755,47085.39,1,6.0
RB08165,2023-10-01,USA-WEST,Tropical Edition,TV Ad,85,676,40834.19,1,3.0
RB03123,2024-12-27,TH-CENTRAL,Original Blue,Social Media,80,622,34169.73,2,9.0
RB09203,2024-03-31,TH-NORTH,Krating Daeng 250,Social Media,60,423,6826.52,0,2.0
RB08267,2024-01-17,ASIA-PACIFIC,Krating Daeng 250,Social Media,60,544,26841.92,2,8.0
RB09311,2023-03-18,TH-CENTRAL,Original Blue,Social Media,80,397,10010.31,2,6.0
RB00147,2023-08-23,TH-NORTH,Red Edition,f1 sponsorship,75,545,28736.93,1,3.0
RB00475,2023-12-29,TH-NORTH,Tropical Edition,Social Media,85,660,28154.57,0,4.0
RB08838,2024-07-31,USA-WEST,Sugarfree,in-store promo,90,591,55929.94,2,3.0
RB03130,2023-07-10,USA-EAST,Tropical Edition,Social Media,85,731,49924.79,2,1.0
RB04829,2024-06-16,TH-SOUTH,Tropical Edition,Social Media,85,779,29276.79,5,4.0
RB09097-DUP,2024-07-10,EUROPE-EU,Sugarfree,in-store promo,90,732,53378.68,3,6.0
RB00633,2023-01-09,TH-EAST,Tropical Edition,Social Media,85,380,5997.42,2,6.0
RB04314,2024-07-17,USA-EAST,Krating Daeng 250,f1 sponsorship,60,550,5796.41,2,6.0
RB06284,2024-10-24,TH-NORTH,Krating Daeng 250,in-store promo,60,545,26699.9,3,6.0
RB04417,2024-03-18,USA-EAST,Red Edition,TV Ad,75,637,27662.47,0,5.0
RB01948,2024-12-25,TH-CENTRAL,Krating Daeng 250,Social Media,60,360,54771.58,1,9.0
RB04967,2024-11-19,TH-NORTH,Sugarfree,in-store promo,90,407,35880.77,3,2.0
RB07849,2023-08-03,TH-NORTH,Krating Daeng 250,in-store promo,60,653,28863.58,5,3.0
RB06561,2024-03-13,TH-NORTH,Original Blue,Social Media,80,577,29572.08,1,10.0
RB05326,2023-10-09,TH-NORTH,Original Blue,extreme sports,80,582,12146.52,1,5.0
RB08546,2023-05-06,USA-WEST,Tropical Edition,f1 sponsorship,85,444,9227.85,2,9.0
RB08557,2023-11-24,TH-CENTRAL,Tropical Edition,extreme sports,85,668,24550.94,1,6.0
RB08950,2024-11-27,USA-EAST,Red Edition,f1 sponsorship,75,685,39012.48,5,3.0
RB02079,2023-08-12,EUROPE-EU,Krating Daeng 250,f1 sponsorship,60,690,14645.55,0,5.0
RB02541,2024-10-01,TH-EAST,Sugarfree,f1 sponsorship,90,592,35321.59,2,6.0
RB08385,2024-11-11,ASIA-PACIFIC,Tropical Edition,extreme sports,85,819,32658.19,3,1.0
RB08438-DUP,2023-12-13,TH-NORTH,Original Blue,extreme sports,80,495,36952.89,3,6.0
RB01156,2024-06-05,USA-EAST,Red Edition,TV Ad,75,510,26562.89,70,4.0
RB01174,2023-10-12,TH-SOUTH,Sugarfree,Social Media,90,505,57147.32,1,6.0
RB02864,2024-06-22,TH-CENTRAL,Original Blue,Social Media,80,695,23587.73,3,10.0
RB08992,2023-02-10,EUROPE-EU,Sugarfree,in-store promo,90,536,45531.18,4,8.0
RB06738,2023-02-18,TH-NORTH,Tropical Edition,f1 sponsorship,85,515,54678.23,4,9.0
RB01121,2023-02-10,EUROPE-EU,Red Edition,f1 sponsorship,75,563,31893.76,4,6.0
RB04301,2024-05-19,TH-CENTRAL,Tropical Edition,Social Media,85,485,14565.58,4,2.0
RB08160,2023-07-11,TH-NORTH,Original Blue,in-store promo,80,350,26896.06,2,6.0
RB08423-DUP,2023-03-02,TH-NORTH,Red Edition,TV Ad,75,657,13888.26,2,7.0
RB05775,2023-11-09,EUROPE-EU,Original Blue,f1 sponsorship,80,783,12627.38,5,2.0
RB01829,2024-08-30,USA-EAST,Original Blue,in-store promo,80,469,15015.4,3,5.0
RB06801,2023-01-18,TH-NORTH,Krating Daeng 250,extreme sports,60,390,58179.38,1,4.0
RB06366,2023-12-17,TH-NORTH,Red Edition,f1 sponsorship,75,793,33238.92,1,6.0
RB02923,2023-05-26,USA-EAST,Tropical Edition,Social Media,85,347,37877.12,4,10.0
RB01452,2024-11-12,TH-EAST,Tropical Edition,Social Media,85,452,51200.6,5,7.0
RB03690,2024-04-11,TH-EAST,Tropical Edition,extreme sports,85,563,58143.55,3,5.0
RB09381,2024-06-21,TH-CENTRAL,Red Edition,TV Ad,75,429,5124.52,2,8.0
RB08695,2023-03-16,TH-NORTH,Krating Daeng 250,extreme sports,60,483,58824.11,2,6.0
RB00905,2023-08-02,TH-NORTH,Original Blue,Social Media,80,459,20988.73,2,4.0
RB05476,2023-07-07,TH-CENTRAL,Tropical Edition,f1 sponsorship,85,572,55649.57,3,2.0
RB05155,2024-02-24,TH-SOUTH,Krating Daeng 250,Social Media,60,521,39419.21,3,8.0
RB06602,2023-04-21,TH-CENTRAL,Tropical Edition,extreme sports,85,687,23065.4,0,1.0
RB01591,2023-07-12,EUROPE-EU,Tropical Edition,in-store promo,85,703,40518.88,5,6.0
RB03958,2024-04-13,TH-NORTH,Original Blue,TV Ad,80,481,42049.77,4,6.0
RB08840,2024-06-15,TH-NORTH,Red Edition,in-store promo,75,229,13927.97,3,6.0
RB04930,2024-05-28,TH-CENTRAL,Tropical Edition,TV Ad,85,658,21171.86,1,9.0
RB07023,2024-09-19,TH-CENTRAL,Original Blue,Social Media,80,432,35839.91,2,6.0
RB00670,2024-08-14,TH-CENTRAL,Sugarfree,f1 sponsorship,90,657,17112.3,5,7.0
RB02227,2023-07-29,TH-NORTH,Sugarfree,Social Media,90,670,53551.66,2,6.0
RB06429,2023-09-19,TH-CENTRAL,Tropical Edition,Social Media,85,763,55567.92,3,9.0
RB05834,2024-10-29,USA-EAST,Sugarfree,TV Ad,90,535,20223.04,5,9.0
RB08093,2024-11-08,TH-CENTRAL,Sugarfree,in-store promo,90,423,20995.45,3,5.0
RB04837,2024-05-30,EUROPE-EU,Sugarfree,in-store promo,90,504,15325.47,1,1.0
RB01894,2024-01-04,USA-EAST,Red Edition,in-store promo,75,802,12565.25,1,8.0
RB05478,2023-01-14,TH-SOUTH,Tropical Edition,TV Ad,85,625,49487.28,4,3.0
RB04804,2023-01-21,TH-NORTH,Original Blue,in-store promo,80,628,12621.15,4,6.0
RB01021,2023-07-17,TH-EAST,Sugarfree,in-store promo,90,671,5949.29,0,7.0
RB02676,2023-07-02,USA-WEST,Original Blue,Social Media,80,687,48588.02,2,5.0
RB07392,2024-03-03,TH-SOUTH,Red Edition,TV Ad,75,781,37924.86,0,9.0
RB06478,2023-11-11,TH-CENTRAL,Original Blue,Social Media,80,560,56629.76,2,3.0
RB05987,2024-01-10,EUROPE-EU,Tropical Edition,f1 sponsorship,85,634,6048.3,1,7.0
RB08975,2023-09-13,TH-NORTH,Sugarfree,extreme sports,90,541,13256.49,1,10.0
RB09228,2023-08-04,TH-CENTRAL,Red Edition,in-store promo,75,757,39937.92,1,9.0
RB00135,2023-06-26,TH-SOUTH,Krating Daeng 250,extreme sports,60,574,46166.62,2,9.0
RB01037,2023-04-29,TH-SOUTH,Tropical Edition,extreme sports,85,640,21811.29,0,6.0
RB03281,2023-09-29,USA-EAST,Krating Daeng 250,extreme sports,60,533,28558.82,1,7.0
RB06909,2024-07-17,TH-CENTRAL,Tropical Edition,in-store promo,85,655,41771.29,3,6.0
RB06179,2023-02-01,TH-SOUTH,Original Blue,in-store promo,80,627,24319.46,2,2.0
RB02807,2023-11-05,TH-CENTRAL,Original Blue,f1 sponsorship,80,768,6541.7,0,1.0
RB09295,2023-11-04,USA-WEST,Sugarfree,extreme sports,90,539,12185.38,0,5.0
RB00708,2023-11-09,TH-CENTRAL,Krating Daeng 250,Social Media,60,596,26661.9,5,3.0
RB03879,2023-11-28,EUROPE-EU,Sugarfree,f1 sponsorship,90,548,59007.71,5,8.0
RB05677,2024-11-07,TH-NORTH,Red Edition,Social Media,75,422,32658.19,4,9.0
RB01737,2024-04-28,USA-EAST,Sugarfree,extreme sports,90,602,53291.7,0,7.0
RB04640,2024-07-11,TH-NORTH,Original Blue,in-store promo,80,654,30868.95,0,2.0
RB08818-DUP,2023-01-30,EUROPE-EU,Sugarfree,in-store promo,90,551,17248.06,5,6.0
RB04210,2024-05-17,TH-NORTH,Tropical Edition,Social Media,85,360,56958.57,2,5.0
RB02183,2023-11-07,USA-EAST,Sugarfree,extreme sports,90,402,38480.11,3,9.0
RB04191,2023-11-12,TH-EAST,Krating Daeng 250,f1 sponsorship,60,499,6102.93,2,2.0
RB00697,2023-07-06,USA-EAST,Original Blue,extreme sports,80,541,20604.4,5,7.0
RB04614,2024-07-30,TH-NORTH,Sugarfree,in-store promo,90,470,5487.01,0,2.0
RB08914,2023-08-24,ASIA-PACIFIC,Tropical Edition,f1 sponsorship,85,571,20439.39,2,9.0
RB00744,2023-03-15,TH-NORTH,Original Blue,extreme sports,80,546,8206.38,2,9.0
RB04888,2023-02-15,TH-SOUTH,Red Edition,f1 sponsorship,75,342,30734.09,5,10.0
RB03512,2023-12-19,TH-CENTRAL,Krating Daeng 250,f1 sponsorship,60,519,47648.81,4,6.0
RB07053,2024-01-11,ASIA-PACIFIC,Tropical Edition,Social Media,85,576,48894.86,2,7.0
RB08424,2023-06-05,TH-CENTRAL,Tropical Edition,TV Ad,85,475,1265536.08,4,8.0
RB05589,2023-07-20,TH-CENTRAL,Krating Daeng 250,TV Ad,60,313,10164.15,2,4.0
RB04410,2024-01-15,TH-SOUTH,Red Edition,f1 sponsorship,75,567,36661.58,1,2.0
RB06649-DUP,2024-10-22,USA-WEST,Sugarfree,extreme sports,90,370,34924.97,4,10.0
RB00853,2024-07-21,USA-EAST,Sugarfree,TV Ad,90,583,8964.08,3,10.0
RB04000,2024-01-21,TH-NORTH,Tropical Edition,f1 sponsorship,85,661,25392.35,2,5.0
RB05989,2023-06-09,USA-EAST,Tropical Edition,extreme sports,85,528,11958.97,3,6.0
RB05882,2024-12-28,USA-EAST,Krating Daeng 250,Social Media,60,629,29434.64,5,7.0
RB00881,2024-05-09,TH-NORTH,Krating Daeng 250,extreme sports,60,478,9388.88,4,7.0
RB02065,2023-08-06,TH-CENTRAL,Sugarfree,TV Ad,90,499,18662.33,2,4.0
RB05143,2023-08-16,EUROPE-EU,Tropical Edition,f1 sponsorship,85,538,21978.97,1,3.0
RB00292,2023-09-19,TH-CENTRAL,Sugarfree,Social Media,90,708,18836.03,0,7.0
RB04954,2024-06-23,TH-CENTRAL,Krating Daeng 250,TV Ad,60,604,18930.73,3,4.0
RB08862,2023-10-04,USA-EAST,Red Edition,f1 sponsorship,75,860,16210.09,4,6.0
RB04731,2024-09-14,TH-CENTRAL,Tropical Edition,in-store promo,85,374,40911.83,3,7.0
RB03000,2023-10-19,TH-SOUTH,Krating Daeng 250,Social Media,60,652,15861.91,4,7.0
RB00709,2024-12-14,TH-CENTRAL,Original Blue,in-store promo,80,502,13474.17,2,2.0
RB09060,2024-02-05,TH-CENTRAL,Krating Daeng 250,TV Ad,60,636,17459.48,2,3.0
RB03108,2024-07-17,TH-CENTRAL,Sugarfree,TV Ad,90,421,12491.89,3,9.0
RB04656,2024-06-21,TH-EAST,Sugarfree,f1 sponsorship,90,643,42189.71,1,3.0
RB07454,2024-09-26,TH-SOUTH,Krating Daeng 250,TV Ad,60,502,38294.88,0,7.0
RB08010,2024-08-24,TH-CENTRAL,Tropical Edition,TV Ad,85,679,18027.65,2,7.0
RB07789,2023-04-27,USA-EAST,Red Edition,Social Media,75,657,45651.81,3,8.0
RB01629,2023-08-23,TH-CENTRAL,Tropical Edition,Social Media,85,555,7680.66,2,7.0
RB04972,2023-03-20,USA-EAST,Sugarfree,in-store promo,90,657,15137.65,1,3.0
RB08417,2024-09-06,USA-WEST,Sugarfree,TV Ad,90,582,47338.8,0,10.0
RB03092,2024-01-02,USA-EAST,Tropical Edition,in-store promo,85,633,11412.75,1,8.0
RB03745,2024-07-07,EUROPE-EU,Tropical Edition,TV Ad,85,425,5374.07,5,9.0
RB03008,2023-12-21,TH-EAST,Original Blue,in-store promo,80,583,13655.11,0,10.0
RB03200,2024-04-26,ASIA-PACIFIC,Tropical Edition,in-store promo,85,671,31087.12,0,6.0
RB07886,2023-01-01,USA-EAST,Krating Daeng 250,Social Media,60,660,54418.83,1,4.0
RB06771,2023-09-09,USA-EAST,Original Blue,in-store promo,80,500,54430.15,1,8.0
RB07113,2023-11-29,TH-SOUTH,Tropical Edition,in-store promo,85,516,30082.3,1,7.0
RB03272,2024-06-15,TH-CENTRAL,Krating Daeng 250,extreme sports,60,708,32658.19,0,4.0
RB00302,2023-06-24,TH-EAST,Tropical Edition,Social Media,85,363,5897.64,3,6.0
RB06512,2024-03-06,EUROPE-EU,Original Blue,extreme sports,80,542,37427.81,4,8.0
RB00422,2023-11-06,TH-SOUTH,Sugarfree,TV Ad,90,482,32658.19,5,8.0
RB01707,2023-10-09,TH-EAST,Original Blue,f1 sponsorship,80,371,27196.41,1,5.0
RB05650,2023-05-29,TH-NORTH,Krating Daeng 250,extreme sports,60,458,35944.45,1,7.0
RB02147,2024-11-04,USA-EAST,Original Blue,extreme sports,80,447,59236.45,4,9.0
RB08201,2023-10-05,TH-NORTH,Red Edition,TV Ad,75,461,51228.34,1,5.0
RB03425,2024-11-30,TH-CENTRAL,Tropical Edition,extreme sports,85,621,46365.12,3,8.0
RB01316,2024-12-18,USA-EAST,Red Edition,Social Media,75,527,16025.42,2,5.0
RB03757,2023-01-18,TH-EAST,Sugarfree,TV Ad,90,688,47120.42,0,4.0
RB01189,2023-09-28,TH-CENTRAL,Original Blue,extreme sports,80,558,48102.42,2,6.0
RB06453,2023-03-06,TH-NORTH,Krating Daeng 250,TV Ad,60,667,45808.14,3,6.0
RB01043,2023-01-28,TH-NORTH,Tropical Edition,extreme sports,85,536,43845.63,5,4.0
RB09075,2024-05-21,USA-WEST,Tropical Edition,extreme sports,85,456,32658.19,3,7.0
RB08272,2024-10-22,TH-NORTH,Tropical Edition,Social Media,85,482,47495.83,2,5.0
RB06519,2023-12-20,EUROPE-EU,Original Blue,Social Media,80,404,30672.55,3,5.0
RB06614-DUP,2024-07-25,EUROPE-EU,Red Edition,TV Ad,75,470,48592.16,1,8.0
RB04397,2023-05-28,USA-EAST,Original Blue,extreme sports,80,484,25293.01,3,5.0
RB00606,2023-01-09,TH-SOUTH,Krating Daeng 250,TV Ad,60,655,55853.92,2,9.0
RB00169,2024-06-13,TH-SOUTH,Sugarfree,extreme sports,90,397,55728.29,1,5.0
RB09472,2024-08-16,TH-EAST,Sugarfree,TV Ad,90,493,34115.58,0,8.0
RB00826,2023-05-16,USA-WEST,Red Edition,in-store promo,75,637,26075.5,3,4.0
RB06443,2023-11-08,TH-NORTH,Original Blue,f1 sponsorship,80,383,14860.27,2,2.0
RB06282,2023-04-29,USA-EAST,Original Blue,in-store promo,80,662,29478.28,2,7.0
RB08115,2023-04-16,TH-SOUTH,Tropical Edition,extreme sports,85,464,5535.06,2,6.0
RB02431,2024-05-12,TH-CENTRAL,Tropical Edition,Social Media,85,691,54736.65,0,10.0
RB03318,2024-07-01,TH-CENTRAL,Original Blue,in-store promo,80,482,28595.48,3,9.0
RB06568,2024-05-13,TH-NORTH,Krating Daeng 250,f1 sponsorship,60,477,9086.72,2,9.0
RB06594,2024-04-15,TH-NORTH,Sugarfree,TV Ad,90,552,31397.76,2,9.0
RB06058,2023-04-28,USA-WEST,Original Blue,extreme sports,80,670,9642.77,1,6.0
RB03391,2023-11-02,TH-EAST,Krating Daeng 250,extreme sports,60,552,57160.33,1,6.0
RB00885,2023-02-10,TH-NORTH,Sugarfree,in-store promo,90,526,43950.93,1,4.0
RB03567-DUP,2024-11-24,TH-EAST,Original Blue,f1 sponsorship,80,750,33254.44,2,6.0
RB02949,2024-02-24,TH-NORTH,Sugarfree,extreme sports,90,498,53568.17,1,7.0
RB03698,2024-08-04,TH-CENTRAL,Krating Daeng 250,in-store promo,60,564,20791.41,4,3.0
RB07077,2024-11-06,TH-EAST,Red Edition,Social Media,75,293,32067.34,3,8.0
RB00327,2023-05-31,USA-WEST,Krating Daeng 250,f1 sponsorship,60,565,43883.94,3,4.0
RB01048,2024-07-19,EUROPE-EU,Original Blue,Social Media,80,354,24365.84,2,4.0
RB04884,2024-10-27,TH-CENTRAL,Sugarfree,extreme sports,90,736,53454.12,0,6.0
RB06156,2024-04-01,TH-NORTH,Tropical Edition,Social Media,85,381,43927.61,3,5.0
RB03308,2023-11-23,USA-WEST,Krating Daeng 250,extreme sports,60,744,21218.43,1,5.0
RB08877,2023-07-20,USA-EAST,Original Blue,TV Ad,80,534,28533.53,0,7.0
RB08015-DUP,2024-03-30,TH-NORTH,Tropical Edition,extreme sports,85,582,12123.63,3,6.0
RB01224,2023-11-16,TH-EAST,Tropical Edition,f1 sponsorship,85,233,58471.53,2,7.0
RB01617,2024-06-16,USA-EAST,Tropical Edition,extreme sports,85,435,39420.59,1,8.0
RB05474,2024-05-13,TH-NORTH,Original Blue,Social Media,80,551,26999.89,3,7.0
RB03889,2023-01-30,TH-NORTH,Krating Daeng 250,Social Media,60,546,32889.3,3,6.0
RB01187,2023-10-18,TH-CENTRAL,Krating Daeng 250,f1 sponsorship,60,517,28263.95,2,6.0
RB05429,2024-06-03,USA-EAST,Tropical Edition,Social Media,85,545,14343.15,2,6.0
RB01036,2023-07-19,EUROPE-EU,Sugarfree,Social Media,90,507,45833.27,2,7.0
RB05430,2024-08-18,USA-EAST,Tropical Edition,f1 sponsorship,85,704,13632.12,1,10.0
RB07236,2023-06-27,ASIA-PACIFIC,Tropical Edition,in-store promo,85,493,17358.26,2,6.0
RB04600,2023-01-24,TH-EAST,Original Blue,TV Ad,80,559,39295.84,3,6.0
RB03218,2024-10-04,TH-SOUTH,Tropical Edition,in-store promo,85,16190,15098.97,3,9.0
RB07998,2024-10-11,USA-EAST,Red Edition,in-store promo,75,655,32184.6,3,3.0
RB06817,2023-09-05,USA-EAST,Tropical Edition,Social Media,85,670,20410.86,3,10.0
RB08986,2024-05-05,USA-WEST,Red Edition,TV Ad,75,737,13859.46,0,7.0
RB06711,2023-09-29,TH-NORTH,Tropical Edition,f1 sponsorship,85,455,49321.86,3,8.0
RB08853,2024-05-31,USA-WEST,Original Blue,in-store promo,80,537,7578.84,0,10.0
RB02990,2023-10-12,TH-NORTH,Red Edition,in-store promo,75,578,14166.93,3,3.0
RB04976,2023-12-01,USA-EAST,Original Blue,extreme sports,80,547,35306.78,3,6.0
RB00059,2023-11-28,USA-EAST,Krating Daeng 250,Social Media,60,540,17565.89,2,5.0
RB00794,2024-03-21,USA-EAST,Original Blue,f1 sponsorship,80,518,43867.57,4,6.0
RB03975,2023-02-05,TH-NORTH,Sugarfree,f1 sponsorship,90,379,47562.58,2,4.0
RB03244,2023-01-30,TH-EAST,Tropical Edition,f1 sponsorship,85,710,42753.39,2,10.0
RB02833,2023-08-05,TH-EAST,Red Edition,in-store promo,75,503,35504.16,2,6.0
RB08188,2023-05-24,TH-CENTRAL,Original Blue,Social Media,80,379,9222.67,5,7.0
RB08195,2023-03-29,USA-EAST,Tropical Edition,f1 sponsorship,85,682,31368.58,1,6.0
RB09450,2023-08-18,TH-SOUTH,Original Blue,in-store promo,80,419,32161.41,3,8.0
RB06023,2023-10-10,USA-WEST,Original Blue,Social Media,80,526,57943.9,3,7.0
RB06893-DUP,2023-08-15,TH-NORTH,Krating Daeng 250,f1 sponsorship,60,578,42745.34,2,6.0
RB00072,2023-12-06,TH-CENTRAL,Sugarfree,f1 sponsorship,90,545,32563.1,3,9.0
RB05539,2024-06-13,TH-NORTH,Red Edition,in-store promo,75,659,32437.63,1,9.0
RB09440,2024-12-23,ASIA-PACIFIC,Krating Daeng 250,Social Media,60,621,8317.7,0,6.0
RB06900,2023-06-06,TH-CENTRAL,Red Edition,TV Ad,75,623,50005.91,3,2.0
RB02943,2023-05-25,USA-WEST,Sugarfree,in-store promo,90,721,44098.94,5,4.0
RB05575,2023-05-13,USA-EAST,Sugarfree,extreme sports,90,658,33292.57,2,2.0
RB08603,2024-08-07,TH-SOUTH,Red Edition,Social Media,75,356,49357.8,0,2.0
RB02556,2024-04-15,USA-EAST,Krating Daeng 250,TV Ad,60,481,9500.22,2,7.0
RB09244,2023-08-15,TH-CENTRAL,Red Edition,in-store promo,75,472,30329.98,4,3.0
RB04895,2023-12-10,EUROPE-EU,Red Edition,in-store promo,75,535,9656.53,2,10.0
RB09280,2023-04-04,TH-NORTH,Krating Daeng 250,f1 sponsorship,60,381,45751.46,3,8.0
RB07280,2023-04-30,TH-NORTH,Original Blue,TV Ad,80,545,48614.9,2,6.0
RB03891,2023-11-06,TH-EAST,Red Edition,TV Ad,75,518,28968.33,2,6.0
RB06501,2023-03-15,USA-EAST,Red Edition,f1 sponsorship,75,672,48587.87,0,6.0
RB02303,2023-03-21,TH-NORTH,Sugarfree,extreme sports,90,305,22663.8,0,5.0
RB03162,2023-04-14,TH-NORTH,Krating Daeng 250,Social Media,60,612,58638.31,3,2.0
RB07493,2023-06-19,TH-NORTH,Sugarfree,extreme sports,90,607,25767.6,1,7.0
RB08068,2023-01-09,TH-NORTH,Original Blue,f1 sponsorship,80,592,43053.36,2,8.0
RB09320,2024-06-04,TH-CENTRAL,Sugarfree,Social Media,90,526,14580.85,2,7.0
RB00410,2024-01-12,TH-CENTRAL,Krating Daeng 250,in-store promo,60,632,46749.12,0,9.0
RB07776,2024-09-08,USA-WEST,Krating Daeng 250,TV Ad,60,557,25168.14,1,8.0
RB03061,2023-09-09,TH-NORTH,Sugarfree,extreme sports,90,398,46438.53,5,4.0
RB09005,2023-07-23,TH-CENTRAL,Krating Daeng 250,TV Ad,60,676,57566.18,2,9.0
RB03852,2024-11-23,TH-CENTRAL,Sugarfree,Social Media,90,580,28798.6,3,5.0
RB01548,2024-04-27,TH-CENTRAL,Krating Daeng 250,TV Ad,60,665,46940.51,2,10.0
RB07621,2024-12-26,EUROPE-EU,Sugarfree,Social Media,90,616,6931.8,3,9.0
RB09530,2024-12-07,TH-NORTH,Krating Daeng 250,Social Media,60,752,23349.53,3,8.0
RB03525,2024-09-19,EUROPE-EU,Tropical Edition,Social Media,85,616,59661.12,4,6.0
RB00994,2023-09-07,TH-CENTRAL,Sugarfree,Social Media,90,652,49190.38,3,2.0
RB00039,2024-09-01,TH-CENTRAL,Krating Daeng 250,extreme sports,60,631,35612.6,1,10.0
RB04797,2024-10-18,TH-SOUTH,Krating Daeng 250,in-store promo,60,683,46861.9,2,6.0
RB04813,2024-02-08,TH-NORTH,Sugarfree,Social Media,90,432,31985.12,5,3.0
RB07552,2024-11-11,TH-CENTRAL,Krating Daeng 250,in-store promo,60,401,12614.62,2,5.0
RB04053,2024-10-08,TH-CENTRAL,Original Blue,Social Media,80,538,41456.84,4,6.0
RB01073,2023-09-11,TH-CENTRAL,Original Blue,f1 sponsorship,80,274,40625.06,2,7.0
RB03137,2024-12-04,USA-EAST,Sugarfree,extreme sports,90,599,6007.64,1,5.0
RB04997,2023-06-02,TH-SOUTH,Original Blue,TV Ad,80,665,41660.31,0,6.0
RB03982,2024-06-02,TH-NORTH,Krating Daeng 250,f1 sponsorship,60,407,48792.76,0,5.0
RB03725,2024-11-12,EUROPE-EU,Original Blue,in-store promo,80,710,18531.85,2,10.0
RB09569,2024-10-20,TH-SOUTH,Tropical Edition,TV Ad,85,225,9850.61,1,10.0
RB00269,2023-09-17,EUROPE-EU,Krating Daeng 250,in-store promo,60,404,7273.1,2,6.0
RB06671,2024-05-08,USA-EAST,Krating Daeng 250,in-store promo,60,452,8341.97,2,8.0
RB00607,2024-06-11,TH-CENTRAL,Original Blue,f1 sponsorship,80,556,53813.87,4,6.0
RB00962,2024-10-18,TH-CENTRAL,Sugarfree,Social Media,90,489,37050.95,2,8.0
RB03310,2023-10-30,TH-CENTRAL,Sugarfree,in-store promo,90,829,9265.82,1,6.0
RB08526,2024-12-27,TH-CENTRAL,Krating Daeng 250,f1 sponsorship,60,444,27632.69,3,6.0
RB01740,2023-02-23,TH-NORTH,Tropical Edition,extreme sports,85,599,9227.37,4,10.0
RB04686,2023-04-16,EUROPE-EU,Tropical Edition,TV Ad,85,681,39980.99,5,6.0
RB09371,2024-01-03,USA-WEST,Tropical Edition,extreme sports,85,617,23598.93,2,5.0
RB07595,2024-09-17,TH-CENTRAL,Tropical Edition,f1 sponsorship,85,792,15542.8,3,9.0
RB07701,2023-07-26,USA-WEST,Original Blue,f1 sponsorship,80,539,34322.61,5,7.0
RB04321,2024-06-24,TH-CENTRAL,Tropical Edition,f1 sponsorship,85,488,53529.55,5,5.0
RB02745-DUP,2023-03-08,TH-EAST,Original Blue,extreme sports,80,502,38975.63,1,6.0
RB09502,2024-06-16,TH-CENTRAL,Sugarfree,f1 sponsorship,90,481,23580.17,0,9.0
RB01603,2024-10-05,TH-CENTRAL,Red Edition,TV Ad,75,806,59589.64,0,9.0
RB03940,2023-07-22,EUROPE-EU,Red Edition,f1 sponsorship,75,464,19478.63,3,9.0
RB00827,2024-09-10,TH-CENTRAL,Krating Daeng 250,Social Media,60,622,56600.56,2,5.0
RB05088,2024-11-07,ASIA-PACIFIC,Red Edition,extreme sports,75,437,17773.67,4,8.0
RB06004,2023-09-15,TH-SOUTH,Sugarfree,TV Ad,90,783,57417.62,1,6.0
RB01478,2023-01-16,TH-NORTH,Krating Daeng 250,f1 sponsorship,60,534,7306.58,5,6.0
RB07975,2023-07-18,TH-NORTH,Original Blue,Social Media,80,660,55172.83,2,3.0
RB08714,2024-08-14,TH-EAST,Red Edition,TV Ad,75,563,54824.36,3,6.0
RB06035,2023-09-29,USA-EAST,Tropical Edition,extreme sports,85,875,38109.95,2,5.0
RB09202,2024-02-03,EUROPE-EU,Original Blue,f1 sponsorship,80,505,36385.14,1,6.0
RB02551,2024-02-26,TH-SOUTH,Tropical Edition,in-store promo,85,428,30585.87,5,10.0
RB08046,2024-12-28,TH-NORTH,Krating Daeng 250,TV Ad,60,571,36006.92,1,6.0
RB07011,2023-04-03,TH-NORTH,Red Edition,Social Media,75,602,28656.35,3,5.0
RB00622,2024-09-12,TH-NORTH,Original Blue,in-store promo,80,466,56148.37,1,6.0
RB07597,2024-08-05,USA-EAST,Tropical Edition,f1 sponsorship,85,571,14004.91,5,3.0
RB09402,2023-07-17,EUROPE-EU,Sugarfree,extreme sports,90,374,26599.2,2,5.0
RB05091,2024-12-05,TH-CENTRAL,Original Blue,f1 sponsorship,80,664,24251.03,1,2.0
RB01331,2023-03-18,TH-SOUTH,Krating Daeng 250,f1 sponsorship,60,456,7324.73,5,7.0
RB09272,2023-11-05,ASIA-PACIFIC,Original Blue,in-store promo,80,598,24011.19,2,5.0
RB00382,2024-11-20,USA-WEST,Krating Daeng 250,TV Ad,60,638,21150.7,1,6.0
RB04657,2024-12-16,USA-WEST,Original Blue,in-store promo,80,581,59299.05,3,4.0
RB00769,2023-01-04,USA-WEST,Red Edition,extreme sports,75,349,58201.65,3,8.0
RB02852,2024-11-27,EUROPE-EU,Tropical Edition,in-store promo,85,451,32658.19,2,4.0
RB08066,2023-02-21,USA-EAST,Krating Daeng 250,extreme sports,60,594,37869.81,2,3.0
RB05072,2023-03-29,TH-CENTRAL,Tropical Edition,TV Ad,85,412,39457.61,1,6.0
RB00363,2023-05-10,TH-CENTRAL,Original Blue,extreme sports,80,328,43659.74,2,10.0
RB00163,2023-08-22,USA-EAST,Tropical Edition,f1 sponsorship,85,535,32658.19,0,10.0
RB06656,2023-03-10,TH-CENTRAL,Red Edition,TV Ad,75,371,47170.99,5,6.0
RB07572,2023-07-23,TH-CENTRAL,Red Edition,f1 sponsorship,75,457,48289.14,2,5.0
RB03516,2024-12-07,EUROPE-EU,Red Edition,extreme sports,75,465,16179.89,4,3.0
RB05655,2024-06-14,USA-WEST,Sugarfree,in-store promo,90,663,29148.87,2,5.0
RB08481,2023-02-22,EUROPE-EU,Tropical Edition,in-store promo,85,841,54458.09,2,1.0
RB08189,2023-04-30,TH-NORTH,Sugarfree,Social Media,90,526,40389.4,5,5.0
RB05694,2024-09-11,TH-SOUTH,Tropical Edition,f1 sponsorship,85,724,22457.74,0,4.0
RB05066,2024-07-03,USA-EAST,Original Blue,in-store promo,80,420,21569.67,2,8.0
RB08921,2023-05-15,TH-NORTH,Tropical Edition,Social Media,85,576,15275.06,2,5.0
RB07424,2024-05-31,EUROPE-EU,Krating Daeng 250,extreme sports,60,648,15685.0,2,6.0
RB00278,2024-04-15,USA-WEST,Original Blue,in-store promo,80,418,43941.89,1,6.0
RB00923,2024-02-04,USA-EAST,Krating Daeng 250,in-store promo,60,449,19296.3,3,8.0
RB03222,2024-12-01,ASIA-PACIFIC,Original Blue,extreme sports,80,835,24737.35,4,3.0
RB06687,2023-02-24,TH-NORTH,Krating Daeng 250,Social Media,60,633,7306.56,1,6.0
RB08162,2023-09-11,TH-SOUTH,Original Blue,f1 sponsorship,80,323,54741.17,2,5.0
RB03416,2024-03-30,EUROPE-EU,Red Edition,TV Ad,75,548,32658.19,3,4.0
RB01158,2023-11-24,TH-EAST,Sugarfree,TV Ad,90,548,5100.9,2,5.0
RB02962,2023-05-11,TH-CENTRAL,Krating Daeng 250,Social Media,60,597,14866.98,1,10.0
RB07052,2024-09-17,USA-WEST,Original Blue,Social Media,80,742,23664.51,1,7.0
RB05272,2023-06-10,TH-EAST,Sugarfree,extreme sports,90,451,32658.19,1,9.0
RB00326-DUP,2023-10-15,TH-NORTH,Krating Daeng 250,extreme sports,60,712,32658.19,2,6.0
RB01558,2024-07-11,TH-EAST,Red Edition,extreme sports,75,603,29458.83,5,6.0
RB09105,2024-11-20,TH-CENTRAL,Original Blue,f1 sponsorship,80,503,29568.94,1,1.0
RB05104,2023-07-17,TH-CENTRAL,Sugarfree,f1 sponsorship,90,449,59110.78,5,5.0
RB03861,2023-04-21,TH-CENTRAL,Original Blue,Social Media,80,600,54288.03,5,9.0
RB04968,2024-11-06,TH-SOUTH,Original Blue,Social Media,80,485,56889.23,0,9.0
RB04159,2024-05-29,ASIA-PACIFIC,Red Edition,in-store promo,75,514,21367.09,0,8.0
RB05493,2023-04-26,TH-EAST,Original Blue,extreme sports,80,568,7737.37,3,5.0
RB07130,2024-08-02,USA-EAST,Krating Daeng 250,in-store promo,60,708,10819.55,2,5.0
RB08376,2024-07-24,TH-EAST,Tropical Edition,Social Media,85,573,53104.54,0,9.0
RB02893,2024-11-13,TH-CENTRAL,Red Edition,extreme sports,75,681,18138.87,3,6.0
RB01343,2023-12-26,TH-EAST,Krating Daeng 250,extreme sports,60,433,16485.83,2,10.0
RB06402,2024-01-22,EUROPE-EU,Red Edition,extreme sports,75,422,37073.73,4,5.0
RB03165,2024-09-06,TH-CENTRAL,Krating Daeng 250,Social Media,60,597,7512.09,2,7.0
RB05365,2024-12-16,EUROPE-EU,Krating Daeng 250,in-store promo,60,449,50583.35,1,8.0
RB00647,2023-02-14,TH-NORTH,Red Edition,TV Ad,75,344,44054.3,1,6.0
RB06927,2024-06-17,TH-CENTRAL,Original Blue,Social Media,80,695,10633.32,4,6.0
RB03301,2024-08-16,TH-NORTH,Original Blue,extreme sports,80,458,45220.32,2,6.0
RB01671,2024-05-25,TH-CENTRAL,Krating Daeng 250,TV Ad,60,814,53426.78,0,8.0
RB03027-DUP,2024-08-12,TH-CENTRAL,Original Blue,extreme sports,80,466,32658.19,5,10.0
RB06455,2023-07-21,TH-NORTH,Red Edition,Social Media,75,553,51017.64,1,3.0
RB06352,2023-08-16,EUROPE-EU,Sugarfree,in-store promo,90,593,19519.45,1,5.0
RB06266,2023-09-16,TH-CENTRAL,Sugarfree,Social Media,90,636,53761.05,3,6.0
RB01200,2023-02-28,TH-EAST,Red Edition,extreme sports,75,595,58676.06,1,10.0
RB07055,2024-11-03,TH-NORTH,Krating Daeng 250,f1 sponsorship,60,613,35055.96,3,7.0
RB04856,2024-08-28,TH-EAST,Sugarfree,f1 sponsorship,90,538,32658.19,2,5.0
RB01141,2024-12-11,TH-CENTRAL,Original Blue,TV Ad,80,511,5804.59,1,4.0
RB05240,2024-03-30,TH-NORTH,Krating Daeng 250,f1 sponsorship,60,701,11860.76,3,2.0
RB00672,2023-08-31,TH-CENTRAL,Red Edition,in-store promo,75,505,32519.93,1,6.0
RB08091,2024-08-11,EUROPE-EU,Red Edition,in-store promo,75,661,11246.15,1,3.0
RB05398,2023-11-23,TH-NORTH,Red Edition,Social Media,75,597,43765.07,3,7.0
RB03470,2024-02-04,TH-NORTH,Krating Daeng 250,f1 sponsorship,60,668,23615.78,2,8.0
RB04168,2024-03-15,USA-WEST,Tropical Edition,extreme sports,85,500,27834.24,3,6.0
RB04158,2024-09-03,TH-CENTRAL,Tropical Edition,TV Ad,85,293,32658.19,56,7.0
RB01094,2023-10-03,USA-WEST,Red Edition,in-store promo,75,662,28654.99,1,5.0
RB08136,2024-09-07,USA-EAST,Krating Daeng 250,f1 sponsorship,60,597,11568.24,0,3.0
RB06832,2024-01-09,ASIA-PACIFIC,Original Blue,f1 sponsorship,80,559,32658.19,1,6.0
RB01456,2024-06-19,TH-CENTRAL,Krating Daeng 250,Social Media,60,686,9528.59,2,4.0
RB02337-DUP,2023-02-07,TH-CENTRAL,Original Blue,TV Ad,80,473,52917.65,1,10.0
RB05779,2024-04-25,TH-SOUTH,Red Edition,in-store promo,75,405,35339.95,5,9.0
RB04768,2023-07-11,EUROPE-EU,Tropical Edition,extreme sports,85,344,5031.47,5,3.0
RB05042,2024-03-13,TH-CENTRAL,Original Blue,extreme sports,80,476,32658.19,2,9.0
RB04422,2024-06-18,TH-NORTH,Krating Daeng 250,TV Ad,60,581,34889.21,0,10.0
RB00782,2023-09-08,TH-EAST,Sugarfree,Social Media,90,503,25687.92,4,8.0
RB05654-DUP,2024-06-12,TH-EAST,Red Edition,TV Ad,75,487,34031.05,1,6.0
RB08593,2024-10-02,ASIA-PACIFIC,Original Blue,extreme sports,80,570,45556.07,1,5.0
RB05006,2023-08-21,TH-CENTRAL,Original Blue,f1 sponsorship,80,752,13589.69,3,6.0
RB03001,2024-12-22,USA-EAST,Sugarfree,Social Media,90,479,55355.63,4,6.0
RB00543,2023-09-06,ASIA-PACIFIC,Original Blue,f1 sponsorship,80,641,18856.05,3,9.0
RB07523,2023-05-16,USA-WEST,Original Blue,extreme sports,80,653,46917.47,3,6.0
RB07535,2024-12-11,EUROPE-EU,Tropical Edition,TV Ad,85,389,20137.15,1,10.0
RB00557,2023-10-15,TH-SOUTH,Sugarfree,Social Media,90,533,46432.31,2,8.0
RB01841,2023-05-06,TH-NORTH,Sugarfree,in-store promo,90,359,59661.29,1,9.0
RB09014,2023-11-05,EUROPE-EU,Krating Daeng 250,f1 sponsorship,60,498,32658.19,2,6.0
RB07693,2023-12-24,USA-EAST,Tropical Edition,in-store promo,85,675,32658.19,2,2.0
RB00867,2023-03-31,TH-NORTH,Tropical Edition,Social Media,85,693,27550.42,1,7.0
RB01601,2023-08-31,TH-EAST,Original Blue,extreme sports,80,459,27078.39,1,10.0
RB07238,2023-06-25,TH-CENTRAL,Red Edition,Social Media,75,786,40399.13,2,9.0
RB04782,2024-10-12,TH-SOUTH,Krating Daeng 250,Social Media,60,367,46257.46,2,6.0
RB05371,2024-05-13,USA-EAST,Original Blue,in-store promo,80,579,34217.09,4,6.0
RB07159,2023-02-13,EUROPE-EU,Krating Daeng 250,TV Ad,60,386,7623.93,0,6.0
RB04272,2024-05-04,TH-CENTRAL,Red Edition,f1 sponsorship,75,490,51100.69,2,6.0
RB00972,2023-08-19,ASIA-PACIFIC,Original Blue,TV Ad,80,478,44348.34,5,9.0
RB04451,2024-01-17,TH-SOUTH,Red Edition,Social Media,75,578,50540.86,3,9.0
RB04571,2023-05-29,TH-NORTH,Tropical Edition,TV Ad,85,621,6911.23,2,7.0
RB06582,2024-05-27,TH-CENTRAL,Sugarfree,f1 sponsorship,90,471,35648.92,1,6.0
RB08056,2023-03-30,TH-NORTH,Tropical Edition,Social Media,85,604,57545.52,3,2.0
RB05083,2023-01-19,EUROPE-EU,Krating Daeng 250,f1 sponsorship,60,437,59606.25,2,10.0
RB03794,2023-03-27,USA-EAST,Krating Daeng 250,in-store promo,60,611,41964.26,3,3.0
RB02169,2023-01-08,TH-SOUTH,Sugarfree,TV Ad,90,519,28906.34,2,4.0
RB04019,2024-05-14,TH-NORTH,Krating Daeng 250,Social Media,60,431,46410.6,4,10.0
RB03025,2023-07-10,TH-CENTRAL,Sugarfree,f1 sponsorship,90,770,32658.19,3,1.0
RB07565,2024-01-19,USA-EAST,Sugarfree,in-store promo,90,633,22030.42,5,4.0
RB02394,2023-09-08,TH-CENTRAL,Original Blue,extreme sports,80,395,18542.75,2,2.0
RB04309,2024-06-24,TH-NORTH,Red Edition,Social Media,75,821,25280.21,2,1.0
RB02460,2024-01-27,TH-CENTRAL,Krating Daeng 250,in-store promo,60,640,32658.19,1,7.0
RB04568,2024-01-22,TH-CENTRAL,Sugarfree,extreme sports,90,272,42042.57,5,8.0
RB03925,2023-08-22,TH-CENTRAL,Original Blue,extreme sports,80,455,21576.35,3,3.0
RB00386,2023-07-28,ASIA-PACIFIC,Sugarfree,in-store promo,90,537,31351.92,2,9.0
RB06947,2023-09-29,USA-EAST,Original Blue,f1 sponsorship,80,589,41852.9,1,7.0
RB08900,2023-01-27,TH-NORTH,Tropical Edition,TV Ad,85,531,51372.37,1,2.0
RB04263,2023-12-29,USA-EAST,Red Edition,in-store promo,75,770,53074.03,1,6.0
RB08094,2024-10-07,TH-NORTH,Krating Daeng 250,extreme sports,60,611,36338.97,4,4.0
RB04748,2024-05-18,USA-EAST,Krating Daeng 250,f1 sponsorship,60,753,24587.75,0,5.0
RB05317,2024-11-02,TH-NORTH,Sugarfree,f1 sponsorship,90,584,47629.02,5,6.0
RB07921,2023-04-10,USA-WEST,Sugarfree,Social Media,90,599,24674.71,5,5.0
RB05393,2023-05-07,TH-EAST,Sugarfree,f1 sponsorship,90,580,15773.72,3,5.0
RB08177-DUP,2024-03-10,TH-SOUTH,Original Blue,extreme sports,80,586,54327.42,1,10.0
RB06946,2023-03-30,TH-NORTH,Red Edition,in-store promo,75,432,27141.18,1,6.0
RB02123,2023-08-01,TH-SOUTH,Sugarfree,extreme sports,90,502,19613.45,3,6.0
RB02172,2023-06-20,TH-CENTRAL,Krating Daeng 250,extreme sports,60,684,24644.97,2,4.0
RB03486,2023-03-09,USA-EAST,Sugarfree,extreme sports,90,636,34182.24,1,4.0
RB04786,2024-05-21,EUROPE-EU,Original Blue,TV Ad,80,597,45349.9,2,6.0
RB01907,2023-01-17,USA-EAST,Krating Daeng 250,Social Media,60,445,50726.57,2,4.0
RB07750,2023-01-13,TH-NORTH,Red Edition,Social Media,75,799,39647.15,3,5.0
RB06125,2024-11-27,TH-NORTH,Krating Daeng 250,f1 sponsorship,60,395,59525.12,4,3.0
RB09302,2023-04-04,TH-CENTRAL,Red Edition,f1 sponsorship,75,700,32658.19,2,8.0
RB04124,2024-09-11,TH-CENTRAL,Red Edition,Social Media,75,754,8355.55,4,4.0
RB01271,2024-08-13,ASIA-PACIFIC,Original Blue,in-store promo,80,459,32658.19,1,7.0
RB02885,2023-05-26,TH-NORTH,Original Blue,f1 sponsorship,80,542,46396.04,3,5.0
RB03840,2023-03-02,USA-WEST,Krating Daeng 250,in-store promo,60,235,42366.08,1,7.0
RB08996,2024-04-27,TH-SOUTH,Red Edition,extreme sports,75,561,5590.65,2,6.0
RB08138,2024-06-08,TH-CENTRAL,Red Edition,f1 sponsorship,75,477,5560.43,0,10.0
RB07829-DUP,2024-11-09,TH-EAST,Sugarfree,extreme sports,90,603,32658.19,4,5.0
RB00517,2023-05-13,EUROPE-EU,Sugarfree,TV Ad,90,391,32164.15,1,7.0
RB08255,2024-07-26,USA-EAST,Red Edition,in-store promo,75,583,41127.26,1,3.0
RB02257,2024-04-19,TH-CENTRAL,Tropical Edition,f1 sponsorship,85,527,53767.0,5,5.0
RB07644,2023-08-17,USA-EAST,Red Edition,f1 sponsorship,75,605,20887.54,5,6.0
RB00512,2024-10-22,EUROPE-EU,Sugarfree,Social Media,90,396,20435.46,3,7.0
RB02737,2024-01-05,TH-NORTH,Red Edition,f1 sponsorship,75,456,59424.36,2,5.0
RB03268,2024-03-18,USA-EAST,Sugarfree,Social Media,90,457,21959.87,4,8.0
RB08074,2024-08-29,TH-CENTRAL,Original Blue,TV Ad,80,509,9981.8,3,4.0
RB01336,2024-05-03,TH-NORTH,Krating Daeng 250,f1 sponsorship,60,523,27678.42,0,3.0
RB05763,2023-01-24,TH-NORTH,Red Edition,extreme sports,75,504,49888.08,4,10.0
RB09257,2024-11-02,USA-EAST,Red Edition,TV Ad,75,499,48721.45,2,5.0
RB04069,2024-10-22,TH-NORTH,Krating Daeng 250,Social Media,60,538,16554.13,1,10.0
RB01344,2024-06-16,TH-NORTH,Tropical Edition,f1 sponsorship,85,548,52283.09,0,8.0
RB08953,2024-06-07,TH-NORTH,Krating Daeng 250,f1 sponsorship,60,669,5518.43,1,4.0
RB03119,2023-08-11,TH-NORTH,Sugarfree,f1 sponsorship,90,408,32658.19,2,2.0
RB06189,2023-09-13,TH-SOUTH,Tropical Edition,f1 sponsorship,85,497,50814.08,2,6.0
RB04007,2024-02-11,USA-EAST,Red Edition,in-store promo,75,646,32136.14,2,9.0
RB09547,2024-04-30,USA-EAST,Sugarfree,Social Media,90,379,11564.88,2,8.0
RB01690,2023-01-09,TH-NORTH,Original Blue,TV Ad,80,783,6760.6,0,10.0
RB00397,2024-07-22,ASIA-PACIFIC,Krating Daeng 250,in-store promo,60,298,20652.12,2,10.0
RB03102,2023-03-06,USA-WEST,Red Edition,f1 sponsorship,75,544,31969.28,2,6.0
RB08483,2024-12-12,TH-EAST,Original Blue,TV Ad,80,776,54984.83,4,6.0
RB05503,2023-12-07,TH-CENTRAL,Red Edition,Social Media,75,364,19933.1,2,5.0
RB03072,2023-06-28,USA-EAST,Original Blue,Social Media,80,598,8728.79,4,7.0
RB00676,2024-01-26,TH-NORTH,Red Edition,f1 sponsorship,75,307,39021.96,2,6.0
RB04483,2023-08-19,TH-CENTRAL,Red Edition,in-store promo,75,534,16577.75,1,9.0
RB03785,2023-09-25,TH-NORTH,Tropical Edition,f1 sponsorship,85,736,32658.19,1,8.0
RB06334,2024-02-05,EUROPE-EU,Red Edition,Social Media,75,572,50602.26,4,5.0
RB07307,2023-02-15,TH-EAST,Sugarfree,f1 sponsorship,90,638,12423.85,4,6.0
RB03034,2024-02-19,USA-EAST,Sugarfree,f1 sponsorship,90,679,53956.48,1,5.0
RB09487,2024-09-21,TH-SOUTH,Krating Daeng 250,extreme sports,60,546,50869.35,2,1.0
RB06736,2024-07-19,USA-WEST,Sugarfree,Social Media,90,613,53549.83,2,6.0
RB04713,2023-04-10,TH-EAST,Tropical Edition,TV Ad,85,685,52077.37,5,9.0
RB04356,2024-09-21,TH-CENTRAL,Tropical Edition,in-store promo,85,723,40085.06,5,6.0
RB08159,2023-04-20,USA-EAST,Original Blue,f1 sponsorship,80,618,47930.78,5,4.0
RB03764,2024-03-14,TH-NORTH,Krating Daeng 250,f1 sponsorship,60,416,44011.08,4,9.0
RB00626,2024-06-09,TH-NORTH,Sugarfree,Social Media,90,556,22371.04,1,5.0
RB03994,2024-03-10,TH-NORTH,Krating Daeng 250,in-store promo,60,674,11406.38,0,4.0
RB08755,2024-07-20,EUROPE-EU,Tropical Edition,extreme sports,85,499,50420.56,3,5.0
RB00531,2023-10-29,TH-CENTRAL,Red Edition,extreme sports,75,588,55800.08,3,6.0
RB06377,2024-12-06,USA-WEST,Original Blue,Social Media,80,634,14841.99,3,8.0
RB09562,2023-06-04,USA-EAST,Sugarfree,f1 sponsorship,90,924,53258.92,2,2.0
RB04871,2024-08-07,TH-EAST,Tropical Edition,in-store promo,85,293,31268.03,5,7.0
RB04409,2024-11-17,TH-NORTH,Red Edition,in-store promo,75,614,48143.08,3,6.0
RB01115,2024-05-17,ASIA-PACIFIC,Sugarfree,extreme sports,90,715,27662.88,0,10.0
RB07134,2024-06-16,TH-SOUTH,Red Edition,in-store promo,75,679,13059.88,2,9.0
RB05985,2023-01-01,TH-NORTH,Sugarfree,Social Media,90,530,39683.54,2,6.0
RB00779-DUP,2023-08-08,USA-EAST,Krating Daeng 250,extreme sports,60,333,6381.01,3,3.0
RB08942,2024-10-16,USA-EAST,Krating Daeng 250,Social Media,60,592,32658.19,5,10.0
RB00377,2023-02-22,TH-CENTRAL,Krating Daeng 250,in-store promo,60,468,53301.6,1,6.0
RB07237,2024-11-26,EUROPE-EU,Red Edition,f1 sponsorship,75,447,48611.11,5,10.0
RB03143,2023-06-03,TH-EAST,Krating Daeng 250,f1 sponsorship,60,628,22170.88,2,4.0
RB05808,2023-02-11,TH-CENTRAL,Original Blue,f1 sponsorship,80,453,34119.82,2,7.0
RB07876,2023-03-25,TH-NORTH,Krating Daeng 250,Social Media,60,764,8415.16,2,6.0
RB01054,2023-12-11,TH-CENTRAL,Sugarfree,f1 sponsorship,90,613,56759.54,2,3.0
RB00762,2023-05-04,EUROPE-EU,Krating Daeng 250,Social Media,60,652,44979.14,2,10.0
RB00158,2024-12-22,TH-NORTH,Original Blue,TV Ad,80,604,42232.84,2,10.0
RB07049,2024-02-19,TH-NORTH,Krating Daeng 250,Social Media,60,431,17964.95,2,5.0
RB09102,2024-11-01,USA-WEST,Original Blue,f1 sponsorship,80,485,5561.23,3,6.0
RB08752,2024-07-27,EUROPE-EU,Red Edition,Social Media,75,541,28039.64,4,9.0
RB05703,2023-08-25,TH-CENTRAL,Original Blue,extreme sports,80,549,38712.58,3,8.0
RB03015,2023-06-17,TH-CENTRAL,Krating Daeng 250,TV Ad,60,451,8356.93,2,8.0
RB02743-DUP,2024-05-20,USA-EAST,Red Edition,f1 sponsorship,75,418,32321.22,4,7.0
RB07191,2023-12-17,TH-EAST,Krating Daeng 250,TV Ad,60,367,19288.01,2,7.0
RB05509,2023-05-08,TH-SOUTH,Tropical Edition,f1 sponsorship,85,471,32658.19,2,8.0
RB04589,2023-01-20,TH-SOUTH,Krating Daeng 250,f1 sponsorship,60,520,9825.51,0,5.0
RB03713,2023-01-19,USA-EAST,Krating Daeng 250,TV Ad,60,346,37759.96,3,6.0
RB05613,2023-02-06,TH-CENTRAL,Tropical Edition,TV Ad,85,402,6020.69,2,3.0
RB04303,2023-09-30,USA-EAST,Krating Daeng 250,extreme sports,60,518,46648.66,2,7.0
RB07675,2023-11-17,TH-NORTH,Sugarfree,extreme sports,90,659,47538.54,2,3.0
RB06473-DUP,2023-11-18,EUROPE-EU,Krating Daeng 250,f1 sponsorship,60,431,50512.55,1,7.0
RB00289,2023-11-21,USA-EAST,Red Edition,in-store promo,75,507,37901.14,0,5.0
RB05027,2024-09-11,TH-EAST,Sugarfree,f1 sponsorship,90,564,39770.0,1,7.0
RB01982,2024-01-21,EUROPE-EU,Krating Daeng 250,in-store promo,60,480,6090.74,2,6.0
RB06876,2024-11-20,TH-NORTH,Original Blue,f1 sponsorship,80,440,18019.72,1,10.0
RB00409,2024-04-24,TH-NORTH,Red Edition,in-store promo,75,639,18495.98,1,3.0
RB07016,2024-11-23,TH-CENTRAL,Original Blue,Social Media,80,552,33502.04,4,2.0
RB02432,2024-09-14,USA-WEST,Red Edition,TV Ad,75,302,50635.36,4,10.0
RB01340,2023-01-29,TH-NORTH,Krating Daeng 250,extreme sports,60,548,20111.66,4,8.0
RB07510,2024-06-16,USA-WEST,Original Blue,extreme sports,80,517,41527.64,2,6.0
RB06577,2023-04-17,USA-EAST,Original Blue,in-store promo,80,541,43986.62,2,4.0
RB06388,2023-08-17,TH-CENTRAL,Sugarfree,in-store promo,90,733,13352.03,5,6.0
RB06117,2023-12-08,TH-EAST,Sugarfree,TV Ad,90,694,56113.35,2,4.0
RB00957,2023-09-16,TH-NORTH,Original Blue,f1 sponsorship,80,604,17378.37,4,8.0
RB02242,2023-03-20,TH-SOUTH,Original Blue,in-store promo,80,522,12229.4,1,8.0
RB08095,2024-02-26,USA-EAST,Red Edition,Social Media,75,861,9149.1,1,7.0
RB00056,2024-03-29,TH-EAST,Original Blue,f1 sponsorship,80,561,20125.66,4,9.0
RB06841,2023-07-13,USA-EAST,Krating Daeng 250,in-store promo,60,543,42083.31,4,6.0
RB07069,2024-11-18,EUROPE-EU,Krating Daeng 250,extreme sports,60,520,40351.01,2,5.0
RB02982,2024-08-06,TH-EAST,Sugarfree,Social Media,90,538,7528.58,1,8.0
RB05200,2024-01-10,TH-CENTRAL,Krating Daeng 250,TV Ad,60,306,14864.58,3,10.0
RB08325,2023-02-10,USA-EAST,Sugarfree,Social Media,90,445,45304.24,1,6.0
RB08467,2023-02-07,TH-NORTH,Red Edition,f1 sponsorship,75,375,45053.78,2,8.0
RB00217,2024-11-25,TH-SOUTH,Sugarfree,TV Ad,90,537,32658.19,1,10.0
RB04706,2023-02-16,TH-CENTRAL,Tropical Edition,TV Ad,85,528,16472.26,4,10.0
RB00722,2023-10-25,TH-EAST,Krating Daeng 250,f1 sponsorship,60,583,37136.93,3,6.0
RB05196,2023-09-23,EUROPE-EU,Red Edition,extreme sports,75,546,43983.73,1,4.0
RB06396,2023-05-16,EUROPE-EU,Red Edition,f1 sponsorship,75,558,53771.94,2,4.0
RB01802,2023-12-03,EUROPE-EU,Red Edition,extreme sports,75,656,55659.46,2,6.0
RB04216,2023-05-31,TH-EAST,Original Blue,extreme sports,80,539,23566.62,5,8.0
RB01065,2024-01-09,USA-EAST,Original Blue,TV Ad,80,379,18985.11,3,7.0
RB09064,2024-08-16,USA-WEST,Sugarfree,in-store promo,90,704,59975.9,0,7.0
RB05065,2023-09-25,EUROPE-EU,Original Blue,TV Ad,80,432,20605.84,3,5.0
RB00986,2024-05-17,TH-NORTH,Original Blue,extreme sports,80,684,48072.95,3,6.0
RB00933,2023-08-08,TH-SOUTH,Tropical Edition,extreme sports,85,576,7587.37,2,8.0
RB03589,2024-03-04,EUROPE-EU,Tropical Edition,extreme sports,85,269,15461.42,1,1.0
RB03146,2023-04-28,TH-CENTRAL,Original Blue,extreme sports,80,350,23319.74,0,6.0
RB08258,2023-09-19,TH-SOUTH,Tropical Edition,f1 sponsorship,85,477,38345.39,3,7.0
RB05202,2024-03-16,TH-CENTRAL,Tropical Edition,in-store promo,85,685,32658.19,2,7.0
RB01161,2024-08-20,TH-NORTH,Sugarfree,f1 sponsorship,90,604,45769.82,1,5.0
RB04646,2024-04-26,TH-SOUTH,Original Blue,TV Ad,80,474,49507.7,3,9.0
RB01865,2023-06-06,TH-CENTRAL,Original Blue,in-store promo,80,420,13765.68,2,6.0
RB03358,2023-04-03,USA-EAST,Krating Daeng 250,TV Ad,60,657,33956.64,2,4.0
RB08331,2024-05-02,TH-NORTH,Sugarfree,f1 sponsorship,90,464,33481.94,2,8.0
RB05005,2023-07-28,TH-CENTRAL,Red Edition,Social Media,75,537,17389.53,2,5.0
RB00740,2024-04-19,TH-CENTRAL,Sugarfree,in-store promo,90,455,48197.24,2,7.0
RB05814,2023-06-07,TH-NORTH,Krating Daeng 250,TV Ad,60,591,39084.22,3,6.0
RB03213,2024-07-17,TH-SOUTH,Sugarfree,f1 sponsorship,90,516,41210.22,4,9.0
RB03056,2023-03-18,TH-NORTH,Krating Daeng 250,extreme sports,60,464,31237.34,3,7.0
RB07933,2024-08-06,TH-NORTH,Sugarfree,Social Media,90,556,51075.57,2,9.0
RB07489,2024-03-24,TH-CENTRAL,Krating Daeng 250,TV Ad,60,704,49507.12,3,6.0
RB09378,2023-01-03,ASIA-PACIFIC,Sugarfree,Social Media,90,698,8245.62,1,7.0
RB08032,2024-10-18,TH-CENTRAL,Sugarfree,in-store promo,90,414,44423.41,1,7.0
RB08536,2024-07-17,TH-EAST,Tropical Edition,TV Ad,85,695,8173.46,2,9.0
RB04428,2024-04-26,EUROPE-EU,Krating Daeng 250,TV Ad,60,376,19062.09,2,6.0
RB08925,2024-04-30,TH-NORTH,Sugarfree,f1 sponsorship,90,713,14482.53,5,5.0
RB07297,2023-04-27,USA-WEST,Krating Daeng 250,f1 sponsorship,60,571,40295.81,5,7.0
RB02816,2023-09-25,USA-WEST,Tropical Edition,extreme sports,85,513,34634.6,2,2.0
RB05603,2023-06-27,TH-CENTRAL,Red Edition,f1 sponsorship,75,16373,11473.13,5,8.0
RB02725,2023-12-08,USA-WEST,Red Edition,TV Ad,75,550,15453.11,0,10.0
RB04099,2024-12-03,TH-NORTH,Tropical Edition,f1 sponsorship,85,707,15246.36,4,4.0
RB01123,2024-08-26,USA-EAST,Sugarfree,extreme sports,90,638,13116.94,2,6.0
RB05173,2024-04-22,TH-CENTRAL,Original Blue,in-store promo,80,594,22982.04,2,6.0
RB04752,2023-07-26,ASIA-PACIFIC,Krating Daeng 250,f1 sponsorship,60,620,30421.32,2,4.0
RB05564,2023-03-20,TH-NORTH,Red Edition,in-store promo,75,333,43651.64,0,6.0
RB06599,2023-11-02,USA-EAST,Sugarfree,f1 sponsorship,90,625,9549.91,3,9.0
RB04783,2023-02-05,TH-CENTRAL,Krating Daeng 250,TV Ad,60,738,16624.29,3,5.0
RB06228,2023-04-17,TH-NORTH,Tropical Edition,extreme sports,85,418,23730.67,3,9.0
RB01835,2023-10-22,TH-NORTH,Tropical Edition,f1 sponsorship,85,641,20580.73,2,6.0
RB06959,2024-09-16,TH-EAST,Krating Daeng 250,f1 sponsorship,60,478,32213.15,3,5.0
RB02603,2024-08-21,TH-CENTRAL,Sugarfree,extreme sports,90,434,46656.73,3,4.0
RB07718,2024-07-15,USA-WEST,Tropical Edition,TV Ad,85,600,25992.19,3,9.0
RB03347,2024-09-29,TH-CENTRAL,Sugarfree,in-store promo,90,466,7948.76,3,7.0
RB04049,2023-05-04,EUROPE-EU,Original Blue,extreme sports,80,583,23671.51,5,6.0
RB01725,2023-01-23,USA-EAST,Sugarfree,Social Media,90,429,24636.78,2,6.0
RB05669,2023-07-02,TH-NORTH,Sugarfree,Social Media,90,544,31046.1,0,4.0
RB09114,2024-12-14,TH-NORTH,Red Edition,Social Media,75,769,8756.9,1,7.0
RB08918,2024-01-15,EUROPE-EU,Red Edition,f1 sponsorship,75,753,42734.5,4,5.0
RB01358,2023-01-21,TH-CENTRAL,Red Edition,TV Ad,75,655,36199.43,2,8.0
RB00045,2023-09-07,TH-CENTRAL,Tropical Edition,TV Ad,85,667,23070.46,2,6.0
RB06699,2023-07-31,TH-NORTH,Sugarfree,f1 sponsorship,90,374,48809.94,2,5.0
RB01809,2024-05-14,TH-CENTRAL,Red Edition,in-store promo,75,571,31934.91,2,7.0
RB01776,2024-08-14,EUROPE-EU,Tropical Edition,Social Media,85,541,37775.52,2,10.0
RB03415,2023-03-18,EUROPE-EU,Sugarfree,TV Ad,90,593,5771.77,0,9.0
RB05629,2024-10-23,TH-NORTH,Tropical Edition,in-store promo,85,617,48273.37,2,7.0
RB06733,2023-10-15,TH-SOUTH,Krating Daeng 250,in-store promo,60,466,26783.32,0,9.0
RB00199,2024-06-10,TH-CENTRAL,Tropical Edition,Social Media,85,409,28535.19,4,1.0
RB07108,2024-09-23,ASIA-PACIFIC,Tropical Edition,f1 sponsorship,85,526,32658.19,2,8.0
RB06709,2024-06-16,ASIA-PACIFIC,Original Blue,f1 sponsorship,80,563,32658.19,1,3.0
RB09006,2024-06-23,USA-EAST,Sugarfree,Social Media,90,476,47063.69,4,7.0
RB01133,2023-08-22,USA-EAST,Tropical Edition,TV Ad,85,551,39763.81,3,6.0
RB05661,2023-03-12,TH-SOUTH,Red Edition,Social Media,75,762,44332.13,3,5.0
RB04060,2024-09-17,TH-CENTRAL,Sugarfree,f1 sponsorship,90,501,30610.15,2,8.0
RB05089,2023-04-13,EUROPE-EU,Original Blue,TV Ad,80,509,15113.75,0,7.0
RB00054,2024-04-16,USA-WEST,Red Edition,f1 sponsorship,75,778,36886.83,3,3.0
RB08363,2024-01-09,USA-WEST,Sugarfree,Social Media,90,502,22418.03,1,3.0
RB04577-DUP,2024-09-07,TH-NORTH,Original Blue,in-store promo,80,398,56685.94,5,8.0
RB06454,2024-02-20,EUROPE-EU,Tropical Edition,Social Media,85,370,19331.75,4,8.0
RB04762,2023-04-20,USA-EAST,Sugarfree,Social Media,90,312,49449.24,5,6.0
RB09572,2023-04-19,TH-NORTH,Tropical Edition,extreme sports,85,955,54351.39,2,2.0
RB05467,2024-02-26,EUROPE-EU,Original Blue,TV Ad,80,456,46561.78,0,7.0
RB06673,2024-08-04,TH-SOUTH,Sugarfree,extreme sports,90,525,53926.09,1,4.0
RB06776,2023-01-06,TH-NORTH,Red Edition,f1 sponsorship,75,635,51400.37,1,7.0
RB01733,2023-05-08,TH-SOUTH,Krating Daeng 250,f1 sponsorship,60,464,12367.12,0,7.0
RB02854,2024-05-24,TH-SOUTH,Sugarfree,in-store promo,90,617,54980.07,5,6.0
RB02842,2023-11-01,USA-WEST,Original Blue,extreme sports,80,708,31906.99,3,9.0
RB05933,2024-08-21,TH-NORTH,Krating Daeng 250,Social Media,60,351,39737.89,2,4.0
RB02436,2024-08-15,USA-EAST,Sugarfree,f1 sponsorship,90,638,50479.44,4,6.0
RB05337,2024-09-19,TH-CENTRAL,Original Blue,f1 sponsorship,80,545,5501.6,4,6.0
RB04047,2024-12-03,TH-CENTRAL,Red Edition,f1 sponsorship,75,601,58066.35,1,8.0
RB04907,2023-10-27,TH-EAST,Sugarfree,f1 sponsorship,90,598,31387.45,1,9.0
RB05659,2024-04-19,TH-CENTRAL,Sugarfree,f1 sponsorship,90,495,51328.21,5,5.0
RB02670,2023-04-11,TH-NORTH,Sugarfree,TV Ad,90,548,47441.4,2,7.0
RB09568,2024-08-27,TH-CENTRAL,Original Blue,Social Media,80,615,5136.31,1,8.0
RB07971,2023-03-23,EUROPE-EU,Krating Daeng 250,in-store promo,60,417,39987.48,0,6.0
RB09399,2024-07-06,TH-NORTH,Red Edition,Social Media,75,491,32658.19,3,7.0
RB06926,2024-12-22,TH-EAST,Original Blue,f1 sponsorship,80,539,55108.95,3,7.0
RB05350,2023-03-24,EUROPE-EU,Sugarfree,in-store promo,90,542,50092.01,1,8.0
RB08166,2024-11-14,USA-WEST,Red Edition,extreme sports,75,492,7754.35,4,9.0
RB00308,2024-10-24,USA-WEST,Original Blue,TV Ad,80,256,45994.92,1,6.0
RB01871,2024-07-07,TH-CENTRAL,Tropical Edition,TV Ad,85,572,20299.12,0,7.0
RB01379,2023-03-29,EUROPE-EU,Original Blue,in-store promo,80,526,25267.28,4,1.0
RB07946,2024-08-18,USA-EAST,Original Blue,f1 sponsorship,80,742,25486.68,4,1.0
RB00488,2023-07-10,TH-SOUTH,Red Edition,f1 sponsorship,75,548,56365.23,0,3.0
RB01914,2024-11-04,TH-NORTH,Original Blue,TV Ad,80,519,7833.65,1,4.0
RB07448,2024-05-21,TH-NORTH,Krating Daeng 250,TV Ad,60,473,47937.82,1,1.0
RB06847,2024-03-09,TH-EAST,Original Blue,in-store promo,80,725,16341.8,5,5.0
RB07490-DUP,2024-01-06,TH-CENTRAL,Tropical Edition,Social Media,85,362,33333.25,5,6.0
RB02724,2024-05-03,ASIA-PACIFIC,Krating Daeng 250,f1 sponsorship,60,588,13359.07,2,6.0
RB00286,2024-05-15,TH-CENTRAL,Red Edition,f1 sponsorship,75,548,12330.63,1,7.0
RB01717,2024-10-07,EUROPE-EU,Sugarfree,Social Media,90,508,27508.74,2,9.0
RB02470,2023-06-22,USA-WEST,Original Blue,f1 sponsorship,80,585,23748.37,5,9.0
RB00900,2023-04-28,TH-EAST,Tropical Edition,extreme sports,85,569,48621.38,3,7.0
RB02514,2024-07-01,TH-CENTRAL,Sugarfree,extreme sports,90,638,26129.73,3,4.0
RB03166,2023-08-15,TH-NORTH,Krating Daeng 250,f1 sponsorship,60,469,14399.44,2,6.0
RB01350,2024-06-15,TH-EAST,Sugarfree,TV Ad,90,608,52828.25,4,10.0
RB05994,2023-11-14,TH-SOUTH,Red Edition,TV Ad,75,544,50451.81,1,10.0
RB04875,2023-09-22,TH-CENTRAL,Krating Daeng 250,f1 sponsorship,60,646,40158.1,2,8.0
RB02745,2023-03-08,TH-EAST,Original Blue,extreme sports,80,502,38975.63,1,6.0
RB07948,2024-08-02,USA-EAST,Original Blue,in-store promo,80,488,30439.85,2,6.0
RB05749,2023-10-13,USA-EAST,Krating Daeng 250,f1 sponsorship,60,494,28694.14,0,4.0
RB08209,2023-12-07,USA-WEST,Tropical Edition,extreme sports,85,585,32658.19,1,6.0
RB04599,2023-08-25,TH-NORTH,Original Blue,TV Ad,80,518,23118.05,2,6.0
RB04419,2023-04-18,TH-NORTH,Sugarfree,f1 sponsorship,90,510,29074.94,2,8.0
RB01704,2024-09-07,TH-SOUTH,Sugarfree,in-store promo,90,437,54269.55,4,4.0
RB01836,2023-04-05,TH-CENTRAL,Sugarfree,Social Media,90,385,34389.58,2,7.0
RB05550,2024-04-04,TH-SOUTH,Krating Daeng 250,Social Media,60,682,44608.95,3,7.0
RB01032,2023-08-31,EUROPE-EU,Red Edition,in-store promo,75,341,6967.27,2,1.0
RB07018,2023-03-23,USA-EAST,Tropical Edition,Social Media,85,481,20382.27,2,5.0
RB02595,2023-05-07,USA-WEST,Sugarfree,f1 sponsorship,90,549,43235.54,2,6.0
RB00577,2024-10-26,EUROPE-EU,Sugarfree,TV Ad,90,560,32658.19,2,9.0
RB08150,2024-03-18,USA-EAST,Sugarfree,Social Media,90,666,32658.19,5,6.0
RB03062,2023-11-10,USA-WEST,Red Edition,in-store promo,75,632,32447.92,1,3.0
RB03292,2024-05-19,TH-EAST,Red Edition,f1 sponsorship,75,305,55785.34,2,6.0
RB00144,2024-01-08,USA-EAST,Red Edition,in-store promo,75,517,7200.21,5,6.0
RB01173,2023-06-13,TH-NORTH,Sugarfree,extreme sports,90,632,18711.19,3,8.0
RB06616,2024-12-12,TH-EAST,Sugarfree,Social Media,90,655,59861.39,4,6.0
RB08175,2024-05-03,USA-EAST,Sugarfree,in-store promo,90,473,13845.91,3,7.0
RB00570,2023-10-03,EUROPE-EU,Red Edition,f1 sponsorship,75,574,21277.54,2,4.0
RB05278,2023-10-04,TH-CENTRAL,Sugarfree,TV Ad,90,670,48579.89,1,7.0
RB01918,2024-03-17,USA-EAST,Sugarfree,TV Ad,90,458,31772.81,2,10.0
RB02562,2024-04-06,TH-EAST,Tropical Edition,Social Media,85,578,21218.26,3,6.0
RB03877,2023-02-08,TH-EAST,Red Edition,TV Ad,75,615,35928.96,2,6.0
RB07912,2023-07-17,USA-WEST,Original Blue,Social Media,80,660,54013.37,1,6.0
RB02421,2024-12-08,EUROPE-EU,Tropical Edition,Social Media,85,530,47887.69,5,10.0
RB08678,2023-02-04,TH-NORTH,Sugarfree,TV Ad,90,494,34809.77,5,8.0
RB01372,2024-10-05,TH-NORTH,Original Blue,TV Ad,80,497,59660.88,2,3.0
RB03705,2023-07-04,EUROPE-EU,Sugarfree,Social Media,90,544,11223.52,4,9.0
RB07202,2024-03-25,TH-SOUTH,Sugarfree,Social Media,90,730,37874.99,3,6.0
RB07352,2024-04-24,USA-WEST,Krating Daeng 250,in-store promo,60,702,18520.03,2,4.0
RB03067,2024-12-23,TH-CENTRAL,Red Edition,f1 sponsorship,75,599,9697.79,2,8.0
RB00188,2024-09-08,TH-CENTRAL,Krating Daeng 250,extreme sports,60,641,18456.29,1,7.0
RB03837,2024-07-23,TH-CENTRAL,Red Edition,f1 sponsorship,75,487,42848.69,4,6.0
RB00743,2023-12-30,TH-CENTRAL,Krating Daeng 250,Social Media,60,318,49384.04,3,6.0
RB00977,2023-12-11,TH-NORTH,Krating Daeng 250,f1 sponsorship,60,753,42667.9,1,6.0
RB07480,2023-03-18,EUROPE-EU,Tropical Edition,extreme sports,85,565,57558.9,1,6.0
RB01404,2023-12-10,TH-NORTH,Tropical Edition,TV Ad,85,555,21726.85,2,6.0
RB02097,2024-04-15,TH-CENTRAL,Original Blue,in-store promo,80,475,45783.18,2,8.0
RB04306,2024-02-08,TH-SOUTH,Krating Daeng 250,in-store promo,60,605,32658.19,5,7.0
RB02430,2024-07-18,TH-CENTRAL,Krating Daeng 250,in-store promo,60,604,25579.08,2,9.0
RB05292,2024-11-14,TH-CENTRAL,Krating Daeng 250,TV Ad,60,287,42861.93,4,3.0
RB06338,2023-05-14,TH-CENTRAL,Krating Daeng 250,extreme sports,60,591,32223.88,2,8.0
RB04267,2024-09-23,USA-EAST,Sugarfree,f1 sponsorship,90,587,25069.83,2,3.0
RB07655,2023-05-20,TH-NORTH,Original Blue,TV Ad,80,400,56479.81,2,7.0
RB03184,2024-03-18,TH-CENTRAL,Tropical Edition,f1 sponsorship,85,335,9381.76,3,7.0
RB02428,2023-07-01,TH-CENTRAL,Krating Daeng 250,in-store promo,60,600,46516.03,1,5.0
RB04142,2024-08-29,USA-EAST,Krating Daeng 250,f1 sponsorship,60,460,41079.57,4,3.0
RB07409,2024-11-07,TH-CENTRAL,Original Blue,in-store promo,80,553,15155.85,2,5.0
RB03938-DUP,2024-06-08,USA-EAST,Red Edition,TV Ad,75,711,17458.7,2,7.0
RB07499,2024-11-30,TH-NORTH,Krating Daeng 250,f1 sponsorship,60,268,53287.14,3,4.0
RB06853,2024-12-02,EUROPE-EU,Krating Daeng 250,extreme sports,60,535,32658.19,2,6.0
RB02909,2024-09-17,USA-EAST,Original Blue,in-store promo,80,462,13847.13,1,7.0
RB08305,2023-10-16,TH-SOUTH,Krating Daeng 250,extreme sports,60,283,15458.41,2,8.0
RB09464,2023-02-17,USA-WEST,Red Edition,Social Media,75,463,32658.19,2,9.0
RB00375,2023-04-09,USA-EAST,Sugarfree,Social Media,90,693,41867.89,2,5.0
RB09003,2024-07-29,USA-WEST,Original Blue,extreme sports,80,362,22335.56,0,6.0
RB07545,2023-07-24,ASIA-PACIFIC,Red Edition,TV Ad,75,693,26033.65,2,7.0
RB07893,2023-05-08,TH-SOUTH,Krating Daeng 250,in-store promo,60,516,26038.63,2,7.0
RB08738,2024-07-27,TH-CENTRAL,Red Edition,f1 sponsorship,75,409,58168.37,1,4.0
RB03045,2023-10-31,USA-EAST,Krating Daeng 250,f1 sponsorship,60,469,39596.74,1,3.0
RB04066,2024-05-07,USA-EAST,Sugarfree,Social Media,90,356,41944.41,5,4.0
RB04743,2024-08-12,EUROPE-EU,Original Blue,f1 sponsorship,80,578,20054.2,1,9.0
RB03048,2023-02-02,TH-SOUTH,Krating Daeng 250,in-store promo,60,307,21823.53,1,8.0
RB09178,2024-05-03,USA-EAST,Krating Daeng 250,TV Ad,60,572,26112.86,2,8.0
RB06462,2024-03-22,TH-CENTRAL,Original Blue,Social Media,80,333,32658.19,1,10.0
RB03042,2024-04-21,TH-NORTH,Sugarfree,f1 sponsorship,90,557,45249.5,2,5.0
RB03014,2023-05-25,TH-SOUTH,Original Blue,Social Media,80,334,23529.38,5,3.0
RB08512,2024-08-18,USA-EAST,Tropical Edition,TV Ad,85,626,39493.21,3,5.0
RB06789,2023-12-20,USA-WEST,Red Edition,extreme sports,75,583,12711.93,5,6.0
RB05640,2024-11-01,TH-SOUTH,Krating Daeng 250,Social Media,60,415,45431.14,1,9.0
RB04118,2024-10-01,TH-SOUTH,Original Blue,f1 sponsorship,80,611,32493.32,3,7.0
RB05980,2023-09-22,USA-EAST,Red Edition,TV Ad,75,398,9160.16,5,9.0
RB06318,2023-09-28,ASIA-PACIFIC,Original Blue,f1 sponsorship,80,627,53737.42,4,3.0
RB03195,2024-10-30,TH-EAST,Sugarfree,in-store promo,90,566,21374.4,3,7.0
RB07478,2024-06-26,TH-CENTRAL,Tropical Edition,extreme sports,85,591,29108.71,3,9.0
RB08473,2023-02-08,TH-NORTH,Red Edition,in-store promo,75,454,16544.54,3,10.0
RB09231,2023-01-03,EUROPE-EU,Original Blue,f1 sponsorship,80,563,32660.27,2,6.0
RB07274,2024-09-24,TH-EAST,Krating Daeng 250,f1 sponsorship,60,707,36219.01,3,5.0
RB07547,2024-07-20,EUROPE-EU,Sugarfree,in-store promo,90,706,55699.37,4,6.0
RB03252,2023-11-07,TH-NORTH,Krating Daeng 250,f1 sponsorship,60,551,42257.83,0,4.0
RB00068,2024-03-17,USA-WEST,Krating Daeng 250,extreme sports,60,506,29406.01,2,9.0
RB04668,2024-12-13,ASIA-PACIFIC,Sugarfree,TV Ad,90,744,34556.37,1,6.0
RB01444,2024-01-19,USA-EAST,Tropical Edition,extreme sports,85,395,47567.72,4,4.0
RB09238,2023-08-06,TH-CENTRAL,Krating Daeng 250,TV Ad,60,535,56901.0,5,3.0
RB06585,2024-10-15,TH-CENTRAL,Krating Daeng 250,f1 sponsorship,60,431,34113.72,0,2.0
RB02335-DUP,2023-05-10,USA-WEST,Tropical Edition,f1 sponsorship,85,568,20739.53,2,3.0
RB08280,2023-04-18,TH-NORTH,Krating Daeng 250,TV Ad,60,721,32658.19,3,8.0
RB07620,2023-10-04,TH-NORTH,Krating Daeng 250,in-store promo,60,686,55614.61,4,5.0
RB00558,2023-02-10,USA-WEST,Krating Daeng 250,Social Media,60,620,44968.41,2,6.0
RB05057,2024-07-19,TH-CENTRAL,Original Blue,extreme sports,80,475,58585.56,4,2.0
RB03927,2024-08-27,USA-WEST,Original Blue,in-store promo,80,434,59286.09,3,6.0
RB01838,2024-05-07,EUROPE-EU,Red Edition,TV Ad,75,434,35823.3,1,7.0
RB03680,2024-09-24,TH-CENTRAL,Original Blue,f1 sponsorship,80,352,55149.64,3,6.0
RB04662,2023-09-24,TH-CENTRAL,Krating Daeng 250,in-store promo,60,469,23456.8,4,7.0
RB08462,2024-09-26,USA-EAST,Sugarfree,in-store promo,90,499,27758.03,0,5.0
RB09350,2024-04-22,USA-WEST,Tropical Edition,f1 sponsorship,85,352,7655.83,5,9.0
RB06226,2024-04-15,USA-EAST,Tropical Edition,Social Media,85,777,38869.6,59,1.0
RB03928,2024-09-06,TH-SOUTH,Krating Daeng 250,f1 sponsorship,60,567,59130.65,1,8.0
RB05535,2024-04-25,USA-EAST,Tropical Edition,Social Media,85,428,22682.57,1,6.0
RB07575,2024-09-11,TH-SOUTH,Original Blue,in-store promo,80,629,41613.18,0,7.0
RB06824,2024-04-08,TH-CENTRAL,Original Blue,TV Ad,80,426,36317.78,1,3.0
RB08140,2023-01-18,TH-SOUTH,Original Blue,Social Media,80,524,12201.66,2,2.0
RB06843,2024-03-02,TH-SOUTH,Original Blue,f1 sponsorship,80,478,22578.37,4,7.0
RB00645,2024-04-25,EUROPE-EU,Krating Daeng 250,in-store promo,60,698,20717.64,3,8.0
RB09457,2023-10-10,USA-EAST,Original Blue,TV Ad,80,692,30781.24,3,7.0
RB05162,2024-12-15,EUROPE-EU,Tropical Edition,in-store promo,85,640,36585.58,1,6.0
RB03651,2023-03-30,TH-SOUTH,Sugarfree,f1 sponsorship,90,383,47848.65,3,10.0
RB03615,2024-04-22,USA-EAST,Tropical Edition,f1 sponsorship,85,362,17903.93,2,9.0
RB03829,2023-10-30,TH-CENTRAL,Sugarfree,TV Ad,90,372,34212.1,2,8.0
RB00002,2023-03-26,USA-EAST,Krating Daeng 250,f1 sponsorship,60,686,22632.11,2,10.0
RB04518,2023-06-11,EUROPE-EU,Sugarfree,extreme sports,90,543,49828.31,3,6.0
RB03170,2024-11-18,EUROPE-EU,Sugarfree,extreme sports,90,533,11470.61,2,6.0
RB02276,2024-07-28,TH-CENTRAL,Krating Daeng 250,Social Media,60,518,46462.13,4,6.0
RB04264,2024-05-02,TH-NORTH,Tropical Edition,f1 sponsorship,85,662,43812.99,1,6.0
RB08461,2023-02-18,TH-CENTRAL,Original Blue,extreme sports,80,525,31554.99,2,2.0
RB06101,2024-04-28,EUROPE-EU,Red Edition,TV Ad,75,547,21279.7,3,4.0
RB04380,2023-12-22,TH-NORTH,Krating Daeng 250,TV Ad,60,433,54237.68,1,9.0
RB00679,2023-07-23,USA-WEST,Original Blue,in-store promo,80,533,50215.0,2,6.0
RB03192,2024-06-23,USA-WEST,Krating Daeng 250,in-store promo,60,505,29494.78,3,6.0
RB05437,2023-02-21,TH-NORTH,Original Blue,TV Ad,80,718,11837.7,3,7.0
RB04910,2024-07-26,TH-SOUTH,Tropical Edition,TV Ad,85,468,19889.01,1,2.0
RB08323,2023-03-25,USA-EAST,Tropical Edition,TV Ad,85,571,28316.76,3,9.0
RB08448,2024-07-28,TH-SOUTH,Original Blue,in-store promo,80,512,51475.87,2,3.0
RB08637,2023-04-02,TH-CENTRAL,Original Blue,f1 sponsorship,80,13577,7157.65,2,7.0
RB01798,2024-07-10,TH-SOUTH,Original Blue,TV Ad,80,576,32838.18,1,6.0
RB09413,2024-06-28,EUROPE-EU,Red Edition,TV Ad,75,534,41153.22,2,9.0
RB07837,2023-08-21,TH-CENTRAL,Tropical Edition,Social Media,85,442,30656.75,4,3.0
RB09396-DUP,2024-10-23,TH-CENTRAL,Original Blue,f1 sponsorship,80,540,35370.87,5,5.0
RB03819,2023-07-04,TH-SOUTH,Original Blue,f1 sponsorship,80,243,5720.72,1,6.0
RB05720,2023-02-22,TH-CENTRAL,Tropical Edition,Social Media,85,19171,51046.45,0,5.0
RB00110,2023-11-11,TH-NORTH,Original Blue,Social Media,80,542,43698.03,5,6.0
RB08782,2023-11-24,USA-WEST,Original Blue,in-store promo,80,694,44132.62,2,5.0
RB03524,2024-03-13,USA-WEST,Sugarfree,in-store promo,90,617,34071.27,3,9.0
RB00584,2024-03-10,USA-WEST,Krating Daeng 250,f1 sponsorship,60,322,17535.18,2,8.0
RB02688,2023-05-30,TH-NORTH,Sugarfree,TV Ad,90,521,49689.02,4,5.0
RB08073,2023-10-23,USA-WEST,Red Edition,TV Ad,75,485,57459.03,1,9.0
RB01950,2023-05-16,EUROPE-EU,Original Blue,TV Ad,80,561,20404.15,4,9.0
RB05983,2023-10-31,TH-CENTRAL,Red Edition,extreme sports,75,548,13003.76,1,8.0
RB08036,2024-11-11,USA-EAST,Tropical Edition,extreme sports,85,398,21561.49,3,7.0
RB02230,2024-09-21,USA-WEST,Red Edition,TV Ad,75,569,52110.7,1,3.0
RB02685,2023-05-27,TH-NORTH,Sugarfree,f1 sponsorship,90,689,32658.19,1,4.0
RB07968,2024-10-02,TH-EAST,Red Edition,extreme sports,75,567,25295.77,1,6.0
RB08077,2024-04-15,USA-WEST,Red Edition,Social Media,75,449,13681.01,2,7.0
RB00172,2023-09-24,USA-EAST,Sugarfree,f1 sponsorship,90,427,14232.84,4,8.0
RB05227,2023-02-18,EUROPE-EU,Red Edition,extreme sports,75,475,19568.86,1,9.0
RB00214,2023-12-11,TH-NORTH,Tropical Edition,extreme sports,85,491,26218.59,1,3.0
RB02523,2023-03-08,ASIA-PACIFIC,Krating Daeng 250,in-store promo,60,715,15579.58,2,1.0
RB05388,2024-07-10,TH-EAST,Red Edition,f1 sponsorship,75,496,57558.24,3,2.0
RB09127,2024-06-02,USA-WEST,Tropical Edition,extreme sports,85,506,25842.62,0,1.0
RB03569,2023-03-07,USA-EAST,Red Edition,f1 sponsorship,75,531,21784.85,0,5.0
RB05226,2023-08-29,TH-CENTRAL,Original Blue,TV Ad,80,628,37663.82,3,7.0
RB03953,2023-04-15,USA-WEST,Tropical Edition,extreme sports,85,579,19946.15,1,7.0
RB08970,2023-11-18,ASIA-PACIFIC,Sugarfree,in-store promo,90,399,57708.48,2,8.0
RB04056,2023-09-24,TH-NORTH,Red Edition,in-store promo,75,662,28914.6,1,6.0
RB08829,2024-06-04,USA-WEST,Sugarfree,extreme sports,90,569,22554.19,3,6.0
RB02006,2024-01-24,TH-NORTH,Sugarfree,extreme sports,90,754,16099.46,3,5.0
RB07311,2023-06-30,TH-EAST,Original Blue,extreme sports,80,388,26080.35,4,2.0
RB04327,2023-03-31,USA-EAST,Tropical Edition,TV Ad,85,413,53966.14,1,4.0
RB07469,2023-11-05,USA-WEST,Red Edition,in-store promo,75,396,21113.11,3,6.0
RB06028,2024-04-30,TH-CENTRAL,Tropical Edition,TV Ad,85,420,54437.32,4,2.0
RB06775,2023-03-12,TH-EAST,Krating Daeng 250,extreme sports,60,710,9043.61,2,6.0
RB01844,2024-08-29,TH-NORTH,Sugarfree,in-store promo,90,549,49183.87,1,7.0
RB07522,2024-05-02,TH-CENTRAL,Sugarfree,Social Media,90,452,6066.57,0,4.0
RB08962,2024-09-15,USA-EAST,Krating Daeng 250,TV Ad,60,813,49385.73,2,6.0
RB09452,2024-06-26,TH-NORTH,Krating Daeng 250,f1 sponsorship,60,693,35021.7,1,7.0
RB02098,2024-09-12,TH-EAST,Sugarfree,Social Media,90,371,58905.07,0,5.0
RB06953,2024-05-14,TH-EAST,Sugarfree,f1 sponsorship,90,670,11881.33,5,5.0
RB05500,2024-02-03,TH-CENTRAL,Tropical Edition,extreme sports,85,623,12259.88,2,9.0
RB02015,2024-10-11,TH-NORTH,Krating Daeng 250,f1 sponsorship,60,319,32658.19,1,6.0
RB07248,2023-04-27,TH-CENTRAL,Original Blue,in-store promo,80,709,56391.63,1,7.0
RB05942,2024-08-02,EUROPE-EU,Krating Daeng 250,extreme sports,60,745,5261.06,3,7.0
RB08754,2024-12-26,USA-EAST,Tropical Edition,TV Ad,85,635,5379.16,3,9.0
RB00387,2024-10-12,TH-CENTRAL,Krating Daeng 250,TV Ad,60,609,45605.68,3,8.0
RB01966,2023-01-29,TH-CENTRAL,Red Edition,extreme sports,75,623,29676.4,2,4.0
RB03214,2024-05-22,TH-CENTRAL,Tropical Edition,f1 sponsorship,85,624,21309.85,4,10.0
RB07858,2024-09-09,USA-EAST,Sugarfree,Social Media,90,700,18308.7,3,8.0
RB02549,2024-07-06,USA-WEST,Original Blue,f1 sponsorship,80,389,11052.33,1,5.0
RB01076-DUP,2023-07-10,USA-EAST,Sugarfree,f1 sponsorship,90,574,46916.38,3,8.0
RB03733,2024-03-29,TH-CENTRAL,Original Blue,in-store promo,80,371,8938.05,1,6.0
RB07663,2024-07-31,USA-WEST,Red Edition,in-store promo,75,438,45791.85,3,6.0
RB01074,2023-10-12,USA-EAST,Original Blue,extreme sports,80,715,33741.68,2,6.0
RB08422,2023-01-10,TH-EAST,Tropical Edition,TV Ad,85,447,57255.13,3,9.0
RB01843,2024-09-06,USA-WEST,Tropical Edition,extreme sports,85,549,27273.42,2,5.0
RB09591,2024-05-25,USA-EAST,Tropical Edition,extreme sports,85,586,16770.71,2,7.0
RB01438,2023-08-01,TH-EAST,Sugarfree,in-store promo,90,743,56054.32,1,6.0
RB06406,2023-08-20,TH-CENTRAL,Red Edition,f1 sponsorship,75,653,9697.82,4,1.0
RB00788,2023-08-05,TH-EAST,Krating Daeng 250,Social Media,60,639,31535.96,0,4.0
RB02822,2023-06-20,TH-EAST,Tropical Edition,extreme sports,85,617,13789.5,2,7.0
RB05922,2023-01-29,TH-CENTRAL,Krating Daeng 250,extreme sports,60,293,24961.09,2,6.0
RB08632,2023-03-21,TH-NORTH,Krating Daeng 250,extreme sports,60,497,32619.46,0,5.0
RB02568,2023-08-01,TH-NORTH,Tropical Edition,TV Ad,85,427,32658.19,0,5.0
RB01570,2024-03-21,TH-NORTH,Krating Daeng 250,extreme sports,60,694,59330.95,2,9.0
RB02548,2023-11-28,TH-CENTRAL,Original Blue,Social Media,80,393,15117.39,1,5.0
RB02267,2024-09-09,TH-NORTH,Sugarfree,TV Ad,90,703,28849.5,2,7.0
RB01834,2023-03-25,TH-CENTRAL,Tropical Edition,TV Ad,85,361,36345.02,1,6.0
RB02708,2024-12-20,TH-EAST,Red Edition,Social Media,75,458,48932.16,1,8.0
RB00810,2024-09-01,EUROPE-EU,Krating Daeng 250,TV Ad,60,523,13297.16,3,7.0
RB01727,2024-04-11,TH-NORTH,Krating Daeng 250,f1 sponsorship,60,516,12629.26,1,6.0
RB01059,2024-07-28,TH-EAST,Red Edition,in-store promo,75,441,6867.34,5,6.0
RB03553,2024-04-18,TH-EAST,Krating Daeng 250,TV Ad,60,771,46235.34,3,9.0
RB01876,2024-02-16,TH-CENTRAL,Sugarfree,f1 sponsorship,90,374,27813.36,3,7.0
RB00173,2023-03-10,TH-CENTRAL,Krating Daeng 250,f1 sponsorship,60,742,44289.86,2,10.0
RB02096,2024-01-12,ASIA-PACIFIC,Sugarfree,TV Ad,90,626,48221.32,2,6.0
RB09538,2023-04-18,TH-CENTRAL,Krating Daeng 250,Social Media,60,354,12580.13,2,10.0
RB02624,2024-03-08,TH-NORTH,Sugarfree,f1 sponsorship,90,647,32658.19,2,6.0
RB05850,2024-10-18,USA-EAST,Red Edition,Social Media,75,632,36152.07,2,4.0
RB06878,2023-08-25,TH-CENTRAL,Tropical Edition,Social Media,85,685,12554.65,1,6.0
RB02494,2023-08-29,USA-EAST,Tropical Edition,TV Ad,85,530,45908.17,3,8.0
RB02815,2023-11-19,EUROPE-EU,Sugarfree,in-store promo,90,383,37781.15,1,6.0
RB01070,2023-12-06,ASIA-PACIFIC,Krating Daeng 250,f1 sponsorship,60,464,47882.19,3,5.0
RB04353,2023-06-17,TH-EAST,Tropical Edition,TV Ad,85,823,52019.6,2,5.0
RB07176,2023-09-08,TH-EAST,Krating Daeng 250,TV Ad,60,501,48957.55,1,9.0
RB03510,2024-04-11,TH-NORTH,Original Blue,in-store promo,80,602,37805.22,3,3.0
RB01766,2023-04-29,TH-NORTH,Krating Daeng 250,f1 sponsorship,60,352,23038.98,0,4.0
RB06670,2024-01-13,USA-WEST,Krating Daeng 250,extreme sports,60,675,33050.77,5,8.0
RB03670,2023-05-07,ASIA-PACIFIC,Original Blue,TV Ad,80,411,39772.5,4,8.0
RB06611,2024-12-26,TH-CENTRAL,Krating Daeng 250,Social Media,60,428,47618.96,3,6.0
RB00457,2024-11-10,USA-WEST,Red Edition,f1 sponsorship,75,608,34953.2,2,6.0
RB02030,2024-02-22,TH-NORTH,Red Edition,in-store promo,75,531,10885.91,3,8.0
RB01734,2024-04-01,USA-EAST,Tropical Edition,in-store promo,85,527,21810.37,2,6.0
RB07035,2023-03-26,TH-SOUTH,Original Blue,in-store promo,80,737,58490.09,2,9.0
RB06372,2023-09-04,ASIA-PACIFIC,Krating Daeng 250,TV Ad,60,389,57383.9,5,8.0
RB08643,2024-09-07,TH-CENTRAL,Sugarfree,in-store promo,90,437,28356.93,0,5.0
RB05001,2024-01-19,EUROPE-EU,Tropical Edition,Social Media,85,480,58448.05,4,5.0
RB01695,2024-05-12,TH-NORTH,Tropical Edition,extreme sports,85,624,12873.91,2,4.0
RB02638,2023-10-26,TH-SOUTH,Red Edition,extreme sports,75,659,10677.36,2,8.0
RB08133,2023-07-02,TH-SOUTH,Krating Daeng 250,Social Media,60,505,22393.02,1,5.0
RB04499,2023-01-31,TH-SOUTH,Tropical Edition,extreme sports,85,571,36798.7,1,6.0
RB02910,2023-02-02,TH-NORTH,Tropical Edition,Social Media,85,541,35933.58,1,4.0
RB01360,2024-08-01,TH-CENTRAL,Sugarfree,Social Media,90,746,29147.37,1,5.0
RB06754,2024-10-11,TH-CENTRAL,Krating Daeng 250,extreme sports,60,570,45702.29,4,6.0
RB03149,2023-02-07,TH-SOUTH,Red Edition,extreme sports,75,557,34149.57,2,10.0
RB03779,2023-10-16,TH-NORTH,Original Blue,TV Ad,80,574,33074.98,4,4.0
RB08447,2023-04-22,TH-CENTRAL,Krating Daeng 250,Social Media,60,499,30492.91,5,5.0
RB04004,2023-04-05,TH-SOUTH,Original Blue,in-store promo,80,652,24932.48,0,1.0
RB07428,2024-02-05,TH-EAST,Tropical Edition,in-store promo,85,621,16435.77,2,2.0
RB06448,2024-05-19,USA-EAST,Krating Daeng 250,in-store promo,60,639,10945.93,1,3.0
RB05319,2024-04-19,USA-EAST,Sugarfree,TV Ad,90,611,35558.34,3,8.0
RB00858,2023-03-26,TH-CENTRAL,Original Blue,extreme sports,80,616,32658.19,1,10.0
RB08277,2023-11-17,TH-CENTRAL,Krating Daeng 250,TV Ad,60,551,27278.47,1,7.0
RB00429,2024-05-02,EUROPE-EU,Krating Daeng 250,in-store promo,60,341,56519.39,3,8.0
RB02966,2024-12-16,USA-EAST,Sugarfree,in-store promo,90,665,16337.08,2,5.0
RB00296,2023-01-07,USA-WEST,Tropical Edition,in-store promo,85,618,37137.49,2,5.0
RB05243,2024-07-21,TH-NORTH,Krating Daeng 250,in-store promo,60,638,40884.31,3,6.0
RB00733,2024-03-21,TH-NORTH,Sugarfree,TV Ad,90,431,51595.35,2,6.0
RB07263,2024-03-22,EUROPE-EU,Krating Daeng 250,TV Ad,60,574,32658.19,1,10.0
RB00479,2023-12-08,TH-EAST,Sugarfree,TV Ad,90,527,9164.71,2,5.0
RB00348,2024-05-16,EUROPE-EU,Krating Daeng 250,TV Ad,60,671,34636.66,4,2.0
RB03161,2023-08-31,TH-CENTRAL,Krating Daeng 250,TV Ad,60,573,57019.84,1,5.0
RB08640,2023-08-23,USA-WEST,Tropical Edition,f1 sponsorship,85,634,53605.04,2,6.0
RB09170,2024-04-19,ASIA-PACIFIC,Tropical Edition,Social Media,85,572,11026.87,2,6.0
RB04588,2024-11-26,TH-EAST,Sugarfree,TV Ad,90,595,32658.19,1,7.0
RB07814,2024-06-25,EUROPE-EU,Tropical Edition,TV Ad,85,653,46012.29,2,9.0
RB03575,2023-02-14,TH-CENTRAL,Tropical Edition,TV Ad,85,462,15744.76,2,7.0
RB02874,2023-04-11,USA-WEST,Tropical Edition,extreme sports,85,472,39022.94,2,8.0
RB04673,2024-10-04,TH-SOUTH,Sugarfree,in-store promo,90,547,5160.9,2,6.0
RB00258,2023-02-20,TH-CENTRAL,Sugarfree,extreme sports,90,703,42513.14,3,5.0
RB04672,2024-04-15,USA-WEST,Krating Daeng 250,extreme sports,60,757,48852.28,1,3.0
RB03869,2024-02-26,TH-NORTH,Krating Daeng 250,extreme sports,60,431,52117.92,3,6.0
RB05829,2023-07-14,TH-CENTRAL,Red Edition,in-store promo,75,707,33840.76,2,4.0
RB03728,2024-02-02,USA-WEST,Original Blue,TV Ad,80,802,47563.53,0,10.0
RB00412,2023-02-04,TH-EAST,Red Edition,extreme sports,75,529,11913.68,3,7.0
RB03379,2023-03-10,TH-CENTRAL,Red Edition,extreme sports,75,549,56464.68,2,6.0
RB01259,2024-08-19,TH-NORTH,Original Blue,TV Ad,80,669,40694.89,2,9.0
RB02313,2023-04-12,TH-NORTH,Krating Daeng 250,extreme sports,60,763,43906.28,3,7.0
RB03923,2023-01-15,TH-CENTRAL,Krating Daeng 250,f1 sponsorship,60,400,51854.08,2,6.0
RB00322,2023-08-31,TH-SOUTH,Sugarfree,in-store promo,90,718,54513.55,2,5.0
RB01702,2023-09-14,ASIA-PACIFIC,Tropical Edition,extreme sports,85,409,14342.01,4,10.0
RB02358,2024-07-01,TH-CENTRAL,Krating Daeng 250,extreme sports,60,204,55754.52,1,6.0
RB03022,2024-04-08,USA-WEST,Sugarfree,TV Ad,90,855,32586.57,4,10.0
RB01436,2023-10-21,TH-NORTH,Original Blue,in-store promo,80,431,26036.74,4,6.0
RB00611,2024-08-21,TH-NORTH,Red Edition,TV Ad,75,583,52938.55,2,4.0
RB01783,2024-03-26,ASIA-PACIFIC,Original Blue,in-store promo,80,518,24350.14,2,3.0
RB01536,2023-09-22,TH-NORTH,Krating Daeng 250,TV Ad,60,616,14187.96,1,7.0
RB00534,2023-10-02,EUROPE-EU,Red Edition,extreme sports,75,442,31816.7,4,9.0
RB08547,2024-07-02,USA-WEST,Sugarfree,Social Media,90,576,13893.69,2,7.0
RB02964,2024-03-14,TH-NORTH,Krating Daeng 250,Social Media,60,578,28736.6,3,4.0
RB08103,2024-10-13,USA-EAST,Tropical Edition,extreme sports,85,584,42955.18,3,5.0
RB06748,2024-06-09,ASIA-PACIFIC,Tropical Edition,f1 sponsorship,85,488,7067.03,5,6.0
RB06119,2023-01-06,USA-EAST,Original Blue,extreme sports,80,697,28425.75,1,4.0
RB04256,2024-08-16,TH-NORTH,Krating Daeng 250,f1 sponsorship,60,440,51252.35,3,3.0
RB02991,2024-04-22,TH-EAST,Tropical Edition,TV Ad,85,702,15527.34,3,6.0
RB05765,2024-10-01,USA-EAST,Red Edition,Social Media,75,418,47865.79,2,5.0
RB02143,2023-02-27,TH-NORTH,Sugarfree,f1 sponsorship,90,542,37949.94,3,4.0
RB00707,2024-08-22,TH-SOUTH,Original Blue,in-store promo,80,10333,8733.59,0,7.0
RB02841,2023-01-16,TH-EAST,Krating Daeng 250,TV Ad,60,542,7329.84,3,6.0
RB06569,2023-10-27,TH-NORTH,Sugarfree,extreme sports,90,667,29869.24,1,10.0
RB09179,2023-06-28,EUROPE-EU,Krating Daeng 250,extreme sports,60,565,59181.23,2,8.0
RB03030,2023-09-30,TH-NORTH,Tropical Edition,f1 sponsorship,85,424,5132.23,3,5.0
RB03895,2024-11-27,USA-EAST,Krating Daeng 250,Social Media,60,538,33557.16,4,4.0
RB02401,2023-09-07,EUROPE-EU,Red Edition,f1 sponsorship,75,517,25032.2,2,4.0
RB07537,2023-04-30,TH-SOUTH,Red Edition,Social Media,75,13399,18360.11,1,6.0
RB04981,2024-06-06,TH-NORTH,Tropical Edition,Social Media,85,492,51035.47,1,3.0
RB01258,2024-06-30,TH-NORTH,Sugarfree,f1 sponsorship,90,690,20756.8,2,4.0
RB02291,2024-02-24,TH-SOUTH,Original Blue,extreme sports,80,334,13364.17,1,1.0
RB01503,2024-06-14,USA-WEST,Sugarfree,Social Media,90,583,21250.01,1,8.0
RB00789,2024-01-06,TH-CENTRAL,Tropical Edition,extreme sports,85,511,34604.32,3,1.0
RB05313-DUP,2024-04-29,TH-SOUTH,Original Blue,TV Ad,80,547,32658.19,4,5.0
RB07076,2024-12-31,EUROPE-EU,Krating Daeng 250,extreme sports,60,621,50927.25,2,6.0
RB08405,2024-10-05,ASIA-PACIFIC,Sugarfree,Social Media,90,500,57154.77,0,2.0
RB08650,2024-07-30,USA-EAST,Original Blue,Social Media,80,322,56989.91,0,8.0
RB08135,2023-08-16,TH-CENTRAL,Sugarfree,TV Ad,90,828,56452.54,2,1.0
RB00262,2023-04-13,USA-WEST,Red Edition,extreme sports,75,545,48406.28,1,10.0
RB08855-DUP,2024-01-09,TH-CENTRAL,Red Edition,Social Media,75,503,23656.4,3,4.0
RB04197,2023-03-03,TH-SOUTH,Original Blue,Social Media,80,475,20985.61,1,3.0
RB02661,2024-07-25,TH-CENTRAL,Original Blue,in-store promo,80,511,35795.45,3,6.0
RB05934,2023-05-22,TH-CENTRAL,Sugarfree,extreme sports,90,591,12158.56,0,3.0
RB07483,2024-05-10,EUROPE-EU,Krating Daeng 250,f1 sponsorship,60,618,44976.75,1,10.0
RB05101,2024-08-25,TH-SOUTH,Krating Daeng 250,in-store promo,60,556,38756.82,2,6.0
RB02269,2024-10-10,USA-EAST,Tropical Edition,in-store promo,85,515,50265.35,3,6.0
RB06820,2023-02-19,USA-EAST,Original Blue,extreme sports,80,657,46913.32,0,3.0
RB04650,2023-08-13,TH-NORTH,Original Blue,Social Media,80,381,11383.75,1,6.0
RB07838,2024-12-18,TH-CENTRAL,Tropical Edition,Social Media,85,557,21978.17,2,9.0
RB02235,2023-02-26,EUROPE-EU,Red Edition,extreme sports,75,759,18209.62,4,10.0
RB04671,2023-05-28,TH-NORTH,Sugarfree,in-store promo,90,664,41201.25,2,9.0
RB00859,2024-10-26,USA-WEST,Sugarfree,Social Media,90,571,37202.53,0,9.0
RB01467,2024-05-11,TH-CENTRAL,Krating Daeng 250,extreme sports,60,479,6925.12,2,6.0
RB05219,2023-04-12,USA-WEST,Red Edition,in-store promo,75,568,32658.19,2,4.0
RB05872,2023-07-13,USA-EAST,Sugarfree,TV Ad,90,684,56864.42,3,7.0
RB01322,2024-10-24,USA-WEST,Red Edition,f1 sponsorship,75,546,19333.98,3,10.0
RB01112,2024-09-30,TH-SOUTH,Red Edition,extreme sports,75,564,32658.19,5,6.0
RB00311,2023-06-06,ASIA-PACIFIC,Red Edition,TV Ad,75,774,5286.5,2,4.0
RB01860,2023-07-17,USA-EAST,Original Blue,extreme sports,80,398,34852.32,5,9.0
RB08711,2023-12-12,USA-WEST,Original Blue,in-store promo,80,430,54249.97,2,6.0
RB08757,2024-04-23,TH-NORTH,Krating Daeng 250,Social Media,60,559,55163.75,2,4.0
RB09537,2023-01-19,TH-SOUTH,Original Blue,Social Media,80,314,50854.99,3,4.0
RB02260,2023-07-17,TH-EAST,Tropical Edition,Social Media,85,436,40770.22,1,3.0
RB08673,2024-02-10,TH-SOUTH,Red Edition,extreme sports,75,495,46058.99,1,9.0
RB06053,2023-06-24,TH-CENTRAL,Krating Daeng 250,in-store promo,60,672,12659.68,0,6.0
RB07515,2023-08-26,TH-NORTH,Tropical Edition,TV Ad,85,614,45077.46,1,9.0
RB07769,2024-08-22,TH-CENTRAL,Tropical Edition,TV Ad,85,339,46620.77,2,3.0
RB02887,2023-09-05,USA-EAST,Tropical Edition,TV Ad,85,440,26579.49,3,5.0
RB08787,2024-01-01,ASIA-PACIFIC,Tropical Edition,f1 sponsorship,85,653,56215.68,4,4.0
RB06140,2023-11-01,TH-EAST,Original Blue,Social Media,80,596,30935.19,3,5.0
RB08400,2023-08-26,USA-WEST,Sugarfree,Social Media,90,419,26227.97,1,3.0
RB08641,2024-04-29,TH-NORTH,Sugarfree,in-store promo,90,521,24006.87,3,3.0
RB08898,2023-01-03,TH-CENTRAL,Tropical Edition,f1 sponsorship,85,485,30588.04,3,2.0
RB01476,2024-02-21,TH-CENTRAL,Red Edition,Social Media,75,517,44282.15,1,5.0
RB00599,2024-01-04,TH-SOUTH,Krating Daeng 250,extreme sports,60,668,37242.59,2,7.0
RB01988,2024-12-20,TH-EAST,Red Edition,f1 sponsorship,75,408,55021.58,2,6.0
RB04681,2023-08-27,TH-NORTH,Original Blue,Social Media,80,467,56427.48,5,8.0
RB05584,2023-02-23,TH-CENTRAL,Krating Daeng 250,Social Media,60,466,14262.67,0,6.0
RB05656,2023-05-06,TH-CENTRAL,Sugarfree,TV Ad,90,465,15952.39,3,6.0
RB08943,2024-03-29,USA-EAST,Sugarfree,in-store promo,90,602,8526.42,3,1.0
RB05921,2024-06-02,TH-NORTH,Red Edition,f1 sponsorship,75,681,8020.73,5,6.0
RB09398,2023-02-06,TH-EAST,Red Edition,TV Ad,75,515,32658.19,1,6.0
RB08960,2024-05-25,TH-EAST,Sugarfree,in-store promo,90,554,17403.72,2,10.0
RB03356,2023-03-11,USA-WEST,Red Edition,TV Ad,75,460,25521.91,5,6.0
RB06850,2023-05-11,TH-CENTRAL,Krating Daeng 250,extreme sports,60,633,29871.65,0,8.0
RB04582,2023-05-14,TH-CENTRAL,Red Edition,TV Ad,75,621,28827.08,1,4.0
RB05877,2024-06-28,TH-EAST,Red Edition,f1 sponsorship,75,429,55998.62,5,6.0
RB08470,2023-02-25,TH-CENTRAL,Krating Daeng 250,Social Media,60,622,24099.96,2,2.0
RB07391,2023-06-19,USA-EAST,Tropical Edition,extreme sports,85,497,50241.1,3,10.0
RB05144,2023-09-18,TH-SOUTH,Sugarfree,Social Media,90,447,42369.23,4,8.0
RB04488,2023-01-22,ASIA-PACIFIC,Krating Daeng 250,f1 sponsorship,60,517,53877.52,2,7.0
RB04040,2023-11-09,TH-NORTH,Tropical Edition,TV Ad,85,456,10916.6,2,4.0
RB07608,2024-03-25,EUROPE-EU,Krating Daeng 250,extreme sports,60,649,32300.46,1,6.0
RB04031,2024-03-07,USA-EAST,Tropical Edition,in-store promo,85,533,52233.97,2,6.0
RB05094,2024-12-22,TH-CENTRAL,Krating Daeng 250,in-store promo,60,258,36732.13,2,10.0
RB07622,2024-01-17,EUROPE-EU,Original Blue,Social Media,80,548,36028.27,0,10.0
RB04937,2024-08-28,TH-NORTH,Sugarfree,extreme sports,90,447,6883.98,3,9.0
RB06549,2023-12-22,TH-NORTH,Krating Daeng 250,in-store promo,60,856,18266.8,1,6.0
RB00071,2023-01-30,TH-CENTRAL,Krating Daeng 250,in-store promo,60,664,16960.16,0,7.0
RB05257,2024-10-19,TH-SOUTH,Sugarfree,in-store promo,90,592,47318.25,1,5.0
RB07631,2023-09-02,USA-WEST,Original Blue,f1 sponsorship,80,407,20079.42,2,6.0
RB08933,2023-06-06,TH-EAST,Tropical Edition,extreme sports,85,648,6708.76,2,6.0
RB04702,2023-12-16,TH-NORTH,Original Blue,TV Ad,80,683,38182.45,4,2.0
RB06872,2023-11-08,ASIA-PACIFIC,Original Blue,TV Ad,80,585,16703.86,5,6.0
RB07908,2024-03-29,USA-EAST,Sugarfree,Social Media,90,394,32658.19,0,6.0
RB07878,2023-03-11,ASIA-PACIFIC,Red Edition,in-store promo,75,511,20650.01,5,6.0
RB00026,2024-06-06,TH-SOUTH,Red Edition,f1 sponsorship,75,669,17143.43,1,6.0
RB08847,2024-11-11,TH-CENTRAL,Krating Daeng 250,f1 sponsorship,60,625,16615.41,3,7.0
RB00291,2024-10-27,TH-NORTH,Krating Daeng 250,Social Media,60,712,23735.8,1,9.0
RB03482,2024-05-05,TH-NORTH,Krating Daeng 250,f1 sponsorship,60,433,15789.16,5,9.0
RB05714-DUP,2023-03-07,TH-EAST,Red Edition,f1 sponsorship,75,495,54802.5,0,6.0
RB01550,2023-03-26,TH-NORTH,Original Blue,TV Ad,80,368,41628.75,3,8.0
RB00107-DUP,2023-12-18,TH-SOUTH,Krating Daeng 250,f1 sponsorship,60,626,40142.25,1,10.0
RB09362,2024-03-04,TH-NORTH,Sugarfree,extreme sports,90,450,12941.23,0,10.0
RB01050,2023-01-30,USA-WEST,Red Edition,TV Ad,75,822,22089.87,1,10.0
RB06194,2024-06-13,TH-SOUTH,Krating Daeng 250,in-store promo,60,773,36018.19,1,3.0
RB07727,2024-07-03,USA-WEST,Sugarfree,in-store promo,90,853,14928.38,3,4.0
RB06049,2023-09-30,TH-CENTRAL,Krating Daeng 250,extreme sports,60,678,21763.5,4,4.0
RB03730,2024-07-23,USA-WEST,Krating Daeng 250,in-store promo,60,579,34362.34,0,5.0
RB05984,2023-08-17,EUROPE-EU,Sugarfree,Social Media,90,570,26642.25,1,10.0
RB01243,2023-01-05,TH-EAST,Red Edition,extreme sports,75,811,23553.7,2,8.0
RB00849,2024-01-20,TH-CENTRAL,Tropical Edition,TV Ad,85,784,37336.26,1,8.0
RB01977,2023-07-13,TH-SOUTH,Sugarfree,Social Media,90,741,59455.62,5,6.0
RB07649,2023-10-23,TH-NORTH,Original Blue,extreme sports,80,674,47036.04,4,8.0
RB03867,2024-10-09,USA-EAST,Tropical Edition,TV Ad,85,565,42003.53,0,8.0
RB05211,2023-04-14,TH-CENTRAL,Sugarfree,in-store promo,90,841,58045.5,2,8.0
RB08932,2024-06-09,TH-CENTRAL,Sugarfree,extreme sports,90,641,32658.19,1,7.0
RB02270,2024-03-18,TH-NORTH,Tropical Edition,Social Media,85,491,27865.53,0,7.0
RB06397,2024-05-03,TH-NORTH,Sugarfree,extreme sports,90,339,36451.86,0,4.0
RB04036-DUP,2024-03-10,TH-NORTH,Krating Daeng 250,TV Ad,60,393,13590.46,4,3.0
RB06579,2023-06-17,USA-WEST,Sugarfree,Social Media,90,354,43612.31,4,4.0
RB07756,2023-09-21,TH-CENTRAL,Sugarfree,extreme sports,90,200,40168.09,1,7.0
RB00981,2024-10-04,TH-NORTH,Krating Daeng 250,TV Ad,60,550,27816.98,2,2.0
RB07517,2023-06-26,TH-NORTH,Krating Daeng 250,TV Ad,60,496,35504.39,2,6.0
RB03005,2024-11-20,EUROPE-EU,Sugarfree,in-store promo,90,364,50287.46,2,1.0
RB07549,2024-01-25,USA-EAST,Krating Daeng 250,extreme sports,60,635,42835.19,4,6.0
RB00132,2024-03-20,EUROPE-EU,Krating Daeng 250,extreme sports,60,459,36139.58,3,7.0
RB08520,2024-11-16,TH-NORTH,Sugarfree,TV Ad,90,611,24758.32,2,6.0
RB05041,2024-08-07,USA-EAST,Original Blue,in-store promo,80,504,25383.56,1,8.0
RB00029,2023-07-13,ASIA-PACIFIC,Tropical Edition,f1 sponsorship,85,545,56217.29,3,4.0
RB05768,2024-01-19,TH-CENTRAL,Tropical Edition,in-store promo,85,595,48614.65,1,9.0
RB04502,2023-12-11,TH-NORTH,Tropical Edition,in-store promo,85,563,516212.96,2,6.0
RB04266,2023-10-28,TH-CENTRAL,Tropical Edition,extreme sports,85,552,28902.48,2,1.0
RB05828,2024-07-12,TH-CENTRAL,Sugarfree,TV Ad,90,644,12919.76,2,7.0
RB03796,2024-06-30,EUROPE-EU,Original Blue,in-store promo,80,594,33201.21,5,8.0
RB05833,2024-12-11,TH-CENTRAL,Tropical Edition,in-store promo,85,457,32658.19,4,6.0
RB07178,2023-06-28,TH-NORTH,Original Blue,f1 sponsorship,80,297,28768.98,1,2.0
RB00440,2023-05-03,TH-NORTH,Original Blue,TV Ad,80,387,32658.19,4,8.0
RB03507,2023-05-02,TH-SOUTH,Sugarfree,in-store promo,90,414,10490.26,3,8.0
RB06529,2024-04-23,TH-CENTRAL,Tropical Edition,in-store promo,85,742,47405.11,4,5.0
RB01840,2024-11-03,TH-NORTH,Sugarfree,TV Ad,90,625,45079.08,5,6.0
RB04766,2024-08-29,EUROPE-EU,Original Blue,Social Media,80,457,26586.92,1,6.0
RB04200,2024-06-26,TH-SOUTH,Krating Daeng 250,Social Media,60,544,50121.39,1,10.0
RB08259,2023-09-22,USA-WEST,Tropical Edition,in-store promo,85,472,32658.19,2,1.0
RB06423-DUP,2024-03-20,TH-EAST,Original Blue,TV Ad,80,609,30370.14,3,10.0
RB01849,2024-03-04,TH-NORTH,Original Blue,TV Ad,80,730,21051.52,1,7.0
RB07836,2024-10-18,TH-EAST,Krating Daeng 250,f1 sponsorship,60,405,21339.78,5,8.0
RB08411,2024-09-03,EUROPE-EU,Tropical Edition,extreme sports,85,539,10329.53,5,7.0
RB02542,2024-07-07,USA-EAST,Original Blue,f1 sponsorship,80,640,22254.76,0,9.0
RB07097,2023-04-21,USA-EAST,Original Blue,TV Ad,80,504,37000.38,2,3.0
RB07065,2023-02-12,TH-CENTRAL,Tropical Edition,f1 sponsorship,85,697,14431.6,1,7.0
RB06030,2024-09-14,EUROPE-EU,Red Edition,extreme sports,75,496,14316.57,2,7.0
RB03464,2023-02-23,TH-NORTH,Tropical Edition,extreme sports,85,618,23021.25,1,5.0
RB01226,2024-09-10,EUROPE-EU,Tropical Edition,extreme sports,85,713,36247.53,1,10.0
RB02947,2024-08-23,EUROPE-EU,Red Edition,extreme sports,75,473,45749.94,5,10.0
RB08704,2023-05-29,USA-WEST,Sugarfree,Social Media,90,526,5607.15,5,1.0
RB04413,2023-08-11,TH-NORTH,Sugarfree,f1 sponsorship,90,685,23330.04,5,5.0
RB03041,2023-12-17,USA-WEST,Krating Daeng 250,in-store promo,60,706,44779.6,0,10.0
RB03836,2023-08-09,TH-EAST,Original Blue,in-store promo,80,442,22484.45,3,10.0
RB05863,2024-02-14,USA-EAST,Tropical Edition,TV Ad,85,532,33235.99,2,7.0
RB04840,2024-12-21,TH-SOUTH,Original Blue,extreme sports,80,576,32658.19,3,6.0
RB07900,2023-01-13,TH-SOUTH,Krating Daeng 250,in-store promo,60,662,17982.7,4,6.0
RB06952,2024-09-03,TH-EAST,Sugarfree,TV Ad,90,414,41153.65,1,6.0
RB00294,2023-01-12,USA-EAST,Red Edition,Social Media,75,768,6700.02,2,4.0
RB08227,2024-04-03,TH-CENTRAL,Tropical Edition,extreme sports,85,840,52581.5,1,2.0
RB08426,2024-04-07,TH-SOUTH,Original Blue,extreme sports,80,589,45413.44,5,10.0
RB02613,2024-02-21,USA-EAST,Original Blue,in-store promo,80,410,58685.92,0,9.0
RB05108,2023-10-04,USA-EAST,Sugarfree,TV Ad,90,463,47121.33,2,6.0
RB05373,2024-08-31,USA-WEST,Krating Daeng 250,extreme sports,60,354,1010567.56,3,9.0
RB04674,2023-05-05,USA-EAST,Sugarfree,in-store promo,90,679,56809.46,2,4.0
RB09325,2024-09-10,USA-EAST,Original Blue,TV Ad,80,734,52695.01,3,7.0
RB01768,2024-08-06,TH-CENTRAL,Sugarfree,Social Media,90,436,32658.19,4,4.0
RB07666,2024-02-05,TH-CENTRAL,Original Blue,Social Media,80,894,36012.65,1,6.0
RB04835,2023-07-09,TH-SOUTH,Sugarfree,Social Media,90,362,35110.98,3,5.0
RB09162,2024-04-23,EUROPE-EU,Tropical Edition,Social Media,85,714,50621.66,2,7.0
RB01643,2024-02-10,USA-WEST,Tropical Edition,Social Media,85,720,27306.73,3,4.0
RB04724,2023-07-09,TH-EAST,Red Edition,f1 sponsorship,75,378,6317.46,3,7.0
RB05117,2023-02-01,USA-WEST,Red Edition,TV Ad,75,479,34663.17,2,6.0
RB06328,2023-12-19,USA-WEST,Sugarfree,extreme sports,90,598,52297.48,1,3.0
RB02233,2023-07-18,TH-NORTH,Krating Daeng 250,Social Media,60,393,15849.02,3,5.0
RB05913,2024-12-19,TH-CENTRAL,Sugarfree,TV Ad,90,523,43808.94,2,5.0
RB02190,2023-11-08,TH-EAST,Red Edition,TV Ad,75,413,26721.27,0,7.0
RB05404,2023-11-18,TH-CENTRAL,Red Edition,extreme sports,75,331,17517.14,3,6.0
RB01715,2023-08-28,USA-EAST,Red Edition,extreme sports,75,395,21598.48,1,3.0
RB09318,2024-03-01,USA-WEST,Sugarfree,Social Media,90,410,53011.88,1,5.0
RB03909,2023-12-28,EUROPE-EU,Tropical Edition,Social Media,85,636,34425.13,2,8.0
RB04613,2024-11-01,EUROPE-EU,Sugarfree,f1 sponsorship,90,638,19577.73,3,4.0
RB00536,2024-11-24,TH-NORTH,Tropical Edition,Social Media,85,578,21868.2,0,9.0
RB00030,2023-01-28,EUROPE-EU,Krating Daeng 250,f1 sponsorship,60,447,17321.75,3,8.0
RB06745,2023-03-30,TH-SOUTH,Tropical Edition,Social Media,85,768,55340.53,1,10.0
RB05569,2023-07-05,TH-CENTRAL,Original Blue,TV Ad,80,576,32658.19,3,9.0
RB02286,2024-04-11,TH-EAST,Tropical Edition,in-store promo,85,410,34213.14,3,6.0
RB08186,2023-07-12,EUROPE-EU,Original Blue,TV Ad,80,378,9149.36,1,7.0
RB07172,2024-06-30,TH-SOUTH,Krating Daeng 250,in-store promo,60,444,29487.89,1,2.0
RB03282,2024-01-24,USA-EAST,Sugarfree,f1 sponsorship,90,317,38811.58,3,7.0
RB09300,2024-10-26,TH-NORTH,Red Edition,Social Media,75,650,13390.75,0,3.0
RB07044,2024-10-15,TH-SOUTH,Krating Daeng 250,in-store promo,60,712,42976.5,2,10.0
RB05160,2023-03-21,TH-CENTRAL,Sugarfree,TV Ad,90,618,52017.3,2,7.0
RB02140,2023-12-29,USA-EAST,Red Edition,TV Ad,75,734,14704.21,1,2.0
RB09595,2023-04-14,TH-SOUTH,Red Edition,Social Media,75,533,53644.26,2,8.0
RB06141,2023-06-04,USA-EAST,Tropical Edition,in-store promo,85,408,51914.99,3,6.0
RB08254,2023-06-30,TH-CENTRAL,Red Edition,TV Ad,75,538,46288.79,2,3.0
RB01282,2024-10-21,TH-EAST,Sugarfree,TV Ad,90,638,57381.5,3,5.0
RB07969,2024-02-24,USA-EAST,Tropical Edition,TV Ad,85,471,20149.79,2,7.0
RB02166,2024-01-31,TH-CENTRAL,Sugarfree,Social Media,90,391,6540.71,0,8.0
RB01047,2023-12-05,TH-NORTH,Red Edition,f1 sponsorship,75,406,21440.67,1,6.0
RB02741,2023-08-10,TH-CENTRAL,Red Edition,extreme sports,75,530,28347.57,5,4.0
RB05333,2023-06-21,EUROPE-EU,Original Blue,f1 sponsorship,80,434,48626.56,1,8.0
RB08700,2023-12-31,EUROPE-EU,Krating Daeng 250,f1 sponsorship,60,654,34176.68,3,5.0
RB05727,2023-11-21,USA-WEST,Krating Daeng 250,TV Ad,60,378,53925.8,3,2.0
RB08589,2024-04-13,USA-EAST,Red Edition,in-store promo,75,411,14571.41,3,6.0
RB06425-DUP,2024-09-07,EUROPE-EU,Krating Daeng 250,TV Ad,60,464,39116.69,2,2.0
RB04085,2024-06-13,TH-NORTH,Krating Daeng 250,f1 sponsorship,60,584,12420.87,1,6.0
RB04097,2023-06-01,TH-CENTRAL,Krating Daeng 250,f1 sponsorship,60,522,41953.99,4,5.0
RB07708,2024-05-27,USA-WEST,Krating Daeng 250,f1 sponsorship,60,600,39850.28,0,2.0
RB03498,2024-05-10,TH-EAST,Krating Daeng 250,f1 sponsorship,60,492,55948.19,2,9.0
RB08063,2023-09-19,USA-EAST,Krating Daeng 250,in-store promo,60,549,26386.9,4,10.0
RB02455,2024-02-14,TH-NORTH,Tropical Edition,in-store promo,85,474,54375.82,4,8.0
RB09288,2023-05-19,TH-NORTH,Krating Daeng 250,Social Media,60,630,11290.43,3,10.0
RB05951,2023-03-16,USA-WEST,Red Edition,in-store promo,75,622,18314.44,3,8.0
RB06540,2024-09-24,TH-SOUTH,Sugarfree,Social Media,90,522,33951.89,2,6.0
RB03950,2023-03-21,TH-EAST,Tropical Edition,in-store promo,85,561,32038.66,2,7.0
RB06886,2024-11-10,USA-EAST,Original Blue,f1 sponsorship,80,545,49804.37,2,7.0
RB02274,2023-01-14,TH-NORTH,Red Edition,TV Ad,75,487,8045.69,3,5.0
RB07449,2024-10-18,USA-EAST,Krating Daeng 250,in-store promo,60,538,8057.8,5,6.0
RB04012,2024-06-22,TH-NORTH,Original Blue,TV Ad,80,669,39895.34,1,3.0
RB05653,2023-07-07,ASIA-PACIFIC,Original Blue,extreme sports,80,513,49935.64,2,6.0
RB07952,2024-07-14,TH-EAST,Tropical Edition,f1 sponsorship,85,465,50622.21,4,7.0
RB05247,2024-07-16,USA-WEST,Red Edition,TV Ad,75,563,24495.33,2,9.0
RB07770,2023-05-11,TH-EAST,Original Blue,Social Media,80,436,16367.48,0,9.0
RB05576,2023-04-30,TH-SOUTH,Sugarfree,Social Media,90,453,22037.52,3,9.0
RB03905,2024-01-30,TH-NORTH,Red Edition,Social Media,75,463,30249.23,1,4.0
RB06788,2023-10-27,TH-NORTH,Original Blue,Social Media,80,519,48610.51,2,1.0
RB03956,2023-09-05,USA-EAST,Krating Daeng 250,Social Media,60,609,35078.36,2,5.0
RB08480,2024-01-24,EUROPE-EU,Krating Daeng 250,extreme sports,60,399,40935.58,1,8.0
RB00893,2024-05-11,TH-EAST,Red Edition,TV Ad,75,563,51365.15,5,6.0
RB02999,2023-09-30,USA-WEST,Red Edition,f1 sponsorship,75,409,43914.54,3,7.0
RB07913,2023-10-09,TH-SOUTH,Original Blue,Social Media,80,454,53378.15,3,10.0
RB02703,2024-12-24,TH-CENTRAL,Tropical Edition,extreme sports,85,485,57814.55,4,3.0
RB03818,2023-08-13,TH-CENTRAL,Tropical Edition,Social Media,85,589,46475.85,3,3.0
RB01983,2024-11-08,TH-NORTH,Sugarfree,in-store promo,90,527,13648.39,2,6.0
RB04109,2024-02-15,TH-NORTH,Red Edition,Social Media,75,624,32658.19,0,6.0
RB05137,2024-09-16,ASIA-PACIFIC,Original Blue,extreme sports,80,710,51977.02,2,8.0
RB08081,2024-05-29,USA-WEST,Krating Daeng 250,f1 sponsorship,60,649,14232.26,5,3.0
RB06995,2023-07-22,TH-NORTH,Original Blue,TV Ad,80,825,14393.0,0,5.0
RB03326,2023-08-24,EUROPE-EU,Sugarfree,in-store promo,90,462,53288.04,2,8.0
RB06592,2024-04-05,TH-NORTH,Original Blue,in-store promo,80,677,47920.43,2,8.0
RB01199,2024-01-07,TH-CENTRAL,Tropical Edition,Social Media,85,567,46992.22,2,5.0
RB05851,2023-05-05,USA-EAST,Krating Daeng 250,extreme sports,60,750,9781.52,3,9.0
RB01190,2024-08-31,USA-EAST,Tropical Edition,Social Media,85,518,22534.41,3,9.0
RB03209,2023-05-10,TH-CENTRAL,Krating Daeng 250,in-store promo,60,567,49977.96,1,3.0
RB07067,2023-08-26,TH-EAST,Tropical Edition,extreme sports,85,555,24799.4,2,6.0
RB00593,2023-04-27,TH-NORTH,Tropical Edition,Social Media,85,570,56637.69,3,2.0
RB02400,2023-02-19,USA-EAST,Tropical Edition,Social Media,85,423,29934.52,1,7.0
RB01965,2024-08-07,TH-NORTH,Sugarfree,f1 sponsorship,90,502,32658.19,2,6.0
RB08316,2024-08-25,USA-EAST,Tropical Edition,Social Media,85,590,35359.17,1,4.0
RB05945,2024-12-04,TH-SOUTH,Tropical Edition,Social Media,85,513,52987.48,2,7.0
RB05389,2023-12-20,TH-CENTRAL,Sugarfree,TV Ad,90,631,47186.29,0,6.0
RB07467,2024-10-08,TH-CENTRAL,Red Edition,Social Media,75,575,24438.21,4,4.0
RB01267,2023-06-17,ASIA-PACIFIC,Tropical Edition,in-store promo,85,473,9076.26,2,4.0
RB02380,2023-07-29,TH-SOUTH,Sugarfree,Social Media,90,679,16754.84,2,4.0
RB05684,2023-03-13,USA-WEST,Sugarfree,in-store promo,90,337,55482.01,0,10.0
RB05044,2024-09-18,TH-CENTRAL,Original Blue,extreme sports,80,466,52064.21,4,8.0
RB01964,2024-06-22,TH-EAST,Sugarfree,f1 sponsorship,90,698,21279.84,0,10.0
RB04660,2024-10-10,ASIA-PACIFIC,Sugarfree,in-store promo,90,399,24233.07,1,6.0
RB05271,2024-10-12,TH-CENTRAL,Sugarfree,extreme sports,90,639,38786.63,3,2.0
RB07299-DUP,2024-02-22,TH-CENTRAL,Krating Daeng 250,TV Ad,60,428,32658.19,2,9.0
RB01880-DUP,2023-09-11,TH-NORTH,Sugarfree,TV Ad,90,583,47935.06,3,7.0
RB05382,2023-09-05,EUROPE-EU,Krating Daeng 250,extreme sports,60,613,48068.04,4,6.0
RB07676,2023-03-31,TH-CENTRAL,Red Edition,Social Media,75,476,35609.01,0,8.0
RB08307,2023-08-29,TH-EAST,Krating Daeng 250,Social Media,60,632,44583.42,2,10.0
RB01455,2024-09-12,USA-EAST,Original Blue,in-store promo,80,478,57810.35,1,2.0
RB01804,2024-10-17,USA-EAST,Sugarfree,extreme sports,90,415,25533.48,2,5.0
RB07623,2024-02-09,USA-EAST,Krating Daeng 250,extreme sports,60,617,32658.19,4,5.0
RB02318,2024-09-25,ASIA-PACIFIC,Krating Daeng 250,TV Ad,60,365,14654.14,2,4.0
RB07301,2024-05-25,TH-NORTH,Sugarfree,Social Media,90,647,59158.97,1,4.0
RB06855,2023-03-22,USA-WEST,Red Edition,TV Ad,75,452,15519.42,1,9.0
RB06153,2024-10-28,USA-EAST,Krating Daeng 250,Social Media,60,340,39196.11,0,5.0
RB01395,2023-11-17,TH-SOUTH,Original Blue,in-store promo,80,573,32658.19,2,6.0
RB05890,2023-07-22,TH-EAST,Krating Daeng 250,in-store promo,60,457,29139.89,5,6.0
RB03659,2023-08-16,TH-NORTH,Original Blue,in-store promo,80,390,56174.03,1,7.0
RB02516,2023-08-22,EUROPE-EU,Sugarfree,Social Media,90,635,12111.76,2,5.0
RB04072,2024-05-05,EUROPE-EU,Sugarfree,f1 sponsorship,90,505,23849.17,1,3.0
RB01855,2024-03-14,TH-SOUTH,Red Edition,Social Media,75,499,37270.97,2,2.0
RB00906,2024-03-19,TH-EAST,Original Blue,f1 sponsorship,80,546,40138.69,2,6.0
RB04803,2024-02-13,EUROPE-EU,Red Edition,Social Media,75,388,16533.5,1,6.0
RB02452,2023-03-05,TH-CENTRAL,Tropical Edition,TV Ad,85,554,33942.85,3,5.0
RB01963,2023-06-03,TH-CENTRAL,Sugarfree,extreme sports,90,507,48339.72,2,7.0
RB02536,2024-08-19,USA-WEST,Tropical Edition,TV Ad,85,618,30757.21,3,7.0
RB05482,2024-02-25,TH-CENTRAL,Tropical Edition,in-store promo,85,785,19080.26,2,6.0
RB03860,2024-07-15,USA-EAST,Original Blue,Social Media,80,605,25363.67,4,10.0
RB02282,2024-06-28,TH-NORTH,Krating Daeng 250,extreme sports,60,325,29344.1,35,6.0
RB09584,2023-05-19,TH-SOUTH,Tropical Edition,in-store promo,85,383,52984.85,2,8.0
RB00411,2024-03-21,TH-NORTH,Red Edition,TV Ad,75,433,37043.13,1,6.0
RB07135,2023-06-06,USA-WEST,Sugarfree,f1 sponsorship,90,427,51345.5,2,7.0
RB03091,2023-05-18,TH-NORTH,Sugarfree,in-store promo,90,683,34323.29,3,6.0
RB04404,2023-01-26,USA-EAST,Original Blue,Social Media,80,542,45375.66,2,7.0
RB03294,2024-10-30,TH-SOUTH,Red Edition,extreme sports,75,483,47672.43,2,3.0
RB05111,2023-07-09,USA-WEST,Krating Daeng 250,f1 sponsorship,60,600,18519.81,3,3.0
RB03853,2023-10-26,TH-NORTH,Original Blue,Social Media,80,335,48745.96,1,1.0
RB07312,2024-08-31,TH-NORTH,Sugarfree,Social Media,90,622,43550.42,1,5.0
RB01041,2023-08-07,TH-CENTRAL,Sugarfree,extreme sports,90,555,49720.2,2,9.0
RB07983,2023-11-03,USA-WEST,Red Edition,in-store promo,75,500,30168.93,4,7.0
RB06797,2023-02-01,EUROPE-EU,Sugarfree,Social Media,90,537,29254.07,0,6.0
RB06858,2023-06-25,TH-SOUTH,Original Blue,Social Media,80,480,8565.07,3,10.0
RB03453,2023-06-15,TH-CENTRAL,Red Edition,Social Media,75,441,38036.77,5,3.0
RB01697,2024-01-21,USA-WEST,Tropical Edition,TV Ad,85,382,47968.55,1,2.0
RB05076,2024-02-15,USA-EAST,Sugarfree,Social Media,90,517,27845.51,4,9.0
RB06705,2023-10-20,TH-NORTH,Original Blue,extreme sports,80,500,39732.46,2,8.0
RB04574,2024-06-18,TH-NORTH,Sugarfree,Social Media,90,465,21227.45,5,4.0
RB08958,2024-12-09,TH-NORTH,Sugarfree,Social Media,90,647,50535.9,1,7.0
RB04795,2024-03-30,USA-EAST,Original Blue,TV Ad,80,684,11155.75,4,5.0
RB05206,2023-10-15,USA-EAST,Original Blue,f1 sponsorship,80,400,42693.98,4,6.0
RB02346,2023-11-01,TH-CENTRAL,Krating Daeng 250,Social Media,60,536,47271.1,2,5.0
RB03179,2023-07-19,TH-EAST,Krating Daeng 250,extreme sports,60,647,53501.51,3,6.0
RB03495,2023-09-26,USA-WEST,Sugarfree,f1 sponsorship,90,497,41499.43,0,6.0
RB02605,2023-04-11,USA-WEST,Krating Daeng 250,f1 sponsorship,60,439,32658.19,3,8.0
RB05471,2024-07-19,ASIA-PACIFIC,Tropical Edition,f1 sponsorship,85,443,31392.05,4,9.0
RB06447,2024-02-20,TH-CENTRAL,Sugarfree,f1 sponsorship,90,362,14463.46,3,7.0
RB07264,2023-10-07,USA-WEST,Sugarfree,in-store promo,90,485,12350.41,5,6.0
RB03641,2024-02-21,TH-CENTRAL,Sugarfree,in-store promo,90,677,16653.66,1,5.0
RB05363,2024-04-13,TH-CENTRAL,Original Blue,extreme sports,80,606,10027.47,1,5.0
RB05606,2023-02-07,TH-CENTRAL,Red Edition,extreme sports,75,776,49949.24,4,6.0
RB09550,2024-03-01,TH-NORTH,Krating Daeng 250,Social Media,60,862,52469.21,2,6.0
RB05948,2024-12-11,TH-SOUTH,Original Blue,extreme sports,80,606,30775.44,5,3.0
RB07012-DUP,2023-06-19,TH-SOUTH,Original Blue,in-store promo,80,359,10038.12,1,8.0
RB02411,2024-06-14,TH-EAST,Tropical Edition,extreme sports,85,602,15595.88,2,9.0
RB01314,2023-10-12,TH-SOUTH,Tropical Edition,Social Media,85,447,24541.08,0,10.0
RB04676,2023-04-15,EUROPE-EU,Tropical Edition,f1 sponsorship,85,11226,29947.33,4,4.0
RB05178,2023-11-02,ASIA-PACIFIC,Red Edition,f1 sponsorship,75,478,54238.67,1,8.0
RB07029,2023-01-03,TH-SOUTH,Red Edition,in-store promo,75,704,5891.97,2,5.0
RB06008,2024-12-20,TH-EAST,Red Edition,f1 sponsorship,75,489,43700.94,3,6.0
RB05134,2023-05-23,USA-EAST,Tropical Edition,TV Ad,85,516,32654.91,3,6.0
RB02179,2023-01-10,TH-NORTH,Tropical Edition,Social Media,85,318,35863.37,4,5.0
RB01303,2023-07-23,TH-NORTH,Red Edition,TV Ad,75,363,20341.33,3,9.0
RB04472,2023-02-26,USA-WEST,Original Blue,in-store promo,80,663,44562.51,2,6.0
RB07495,2023-08-15,USA-EAST,Tropical Edition,extreme sports,85,590,25480.04,1,10.0
RB01777,2024-11-10,TH-NORTH,Red Edition,f1 sponsorship,75,708,30949.83,0,10.0
RB06243,2024-01-25,TH-NORTH,Sugarfree,f1 sponsorship,90,549,36559.35,2,6.0
RB07653,2024-04-06,TH-CENTRAL,Sugarfree,f1 sponsorship,90,550,15174.66,1,6.0
RB07260,2024-08-04,ASIA-PACIFIC,Sugarfree,f1 sponsorship,90,670,35249.0,2,6.0
RB01780,2024-08-07,TH-NORTH,Tropical Edition,Social Media,85,423,50119.96,3,4.0
RB01256,2024-09-18,EUROPE-EU,Sugarfree,f1 sponsorship,90,373,57699.35,3,7.0
RB07025,2024-12-27,EUROPE-EU,Red Edition,f1 sponsorship,75,645,21976.68,0,5.0
RB00705,2023-02-17,ASIA-PACIFIC,Krating Daeng 250,extreme sports,60,586,47017.53,2,6.0
RB04603,2023-11-28,EUROPE-EU,Krating Daeng 250,in-store promo,60,510,57508.96,1,8.0
RB00301,2023-02-08,USA-WEST,Tropical Edition,TV Ad,85,521,6310.1,0,6.0
RB05345,2023-12-23,TH-EAST,Original Blue,TV Ad,80,689,17343.61,1,3.0
RB08240,2023-02-24,USA-EAST,Krating Daeng 250,in-store promo,60,12818,23644.99,2,9.0
RB07710,2024-10-15,USA-EAST,Sugarfree,Social Media,90,378,59787.31,1,6.0
RB02805,2023-03-01,ASIA-PACIFIC,Tropical Edition,in-store promo,85,588,18279.02,5,6.0
RB07377,2023-02-11,USA-WEST,Sugarfree,Social Media,90,522,33851.22,3,6.0
RB00790,2024-01-13,USA-WEST,Tropical Edition,Social Media,85,497,52923.82,5,7.0
RB06631,2024-05-18,TH-NORTH,Krating Daeng 250,TV Ad,60,391,43504.5,0,9.0
RB00898,2023-05-27,TH-CENTRAL,Red Edition,extreme sports,75,712,54108.8,3,6.0
RB02119,2024-05-17,TH-CENTRAL,Sugarfree,in-store promo,90,699,32658.19,0,6.0
RB08906,2023-10-06,TH-NORTH,Tropical Edition,in-store promo,85,534,56500.79,2,3.0
RB02552,2023-10-09,USA-WEST,Original Blue,f1 sponsorship,80,587,49952.6,0,10.0
RB00148,2024-09-11,TH-SOUTH,Red Edition,Social Media,75,665,25414.38,4,9.0
RB06600,2023-12-16,TH-NORTH,Red Edition,in-store promo,75,510,46278.33,5,3.0
RB00404,2023-11-10,USA-WEST,Sugarfree,Social Media,90,605,14424.49,1,6.0
RB05040,2023-07-04,TH-NORTH,Red Edition,TV Ad,75,728,7610.68,3,10.0
RB03935-DUP,2023-09-10,EUROPE-EU,Sugarfree,in-store promo,90,629,6778.49,4,5.0
RB07399,2024-09-02,TH-CENTRAL,Krating Daeng 250,Social Media,60,346,40842.11,4,8.0
RB09477,2023-06-27,USA-EAST,Red Edition,Social Media,75,489,23889.44,2,3.0
RB00222,2024-10-17,TH-SOUTH,Krating Daeng 250,in-store promo,60,462,5430.51,1,6.0
RB03606,2024-12-18,TH-NORTH,Krating Daeng 250,f1 sponsorship,60,369,23468.11,3,1.0
RB06056,2023-01-26,TH-EAST,Sugarfree,f1 sponsorship,90,645,32658.19,3,9.0
RB01621,2024-04-13,TH-SOUTH,Tropical Edition,extreme sports,85,586,57744.56,2,8.0
RB01278,2023-01-10,TH-SOUTH,Sugarfree,TV Ad,90,642,36979.34,4,7.0
RB05665,2023-04-24,TH-CENTRAL,Krating Daeng 250,f1 sponsorship,60,620,32658.19,4,8.0
RB04111,2023-11-28,USA-WEST,Red Edition,TV Ad,75,243,41527.62,1,5.0
RB00078,2024-06-27,TH-NORTH,Krating Daeng 250,f1 sponsorship,60,594,10582.05,2,5.0
RB01745,2024-03-30,TH-NORTH,Red Edition,extreme sports,75,527,10760.34,4,6.0
RB06086,2023-12-27,ASIA-PACIFIC,Krating Daeng 250,extreme sports,60,597,50771.27,0,6.0
RB05279,2024-02-28,TH-SOUTH,Red Edition,Social Media,75,446,23689.57,5,6.0
RB01194-DUP,2024-12-10,TH-NORTH,Krating Daeng 250,Social Media,60,537,58267.49,3,4.0
RB04090,2023-01-19,TH-NORTH,Red Edition,TV Ad,75,403,48008.48,2,2.0
RB09397,2024-09-19,TH-CENTRAL,Original Blue,f1 sponsorship,80,805,19417.92,2,3.0
RB04675,2023-10-26,TH-NORTH,Red Edition,f1 sponsorship,75,469,15100.95,2,8.0
RB07970,2024-12-18,TH-NORTH,Tropical Edition,TV Ad,85,586,7669.56,1,4.0
RB01204,2024-02-22,USA-WEST,Tropical Edition,Social Media,85,411,48411.68,5,7.0
RB00499,2023-07-07,USA-WEST,Tropical Edition,f1 sponsorship,85,448,13701.44,1,5.0
RB09001,2024-03-16,TH-CENTRAL,Sugarfree,in-store promo,90,582,13303.67,0,6.0
RB00001,2024-07-25,TH-CENTRAL,Tropical Edition,TV Ad,85,423,32658.19,3,8.0
RB01273,2024-05-09,TH-CENTRAL,Sugarfree,in-store promo,90,618,27822.55,5,4.0
RB00028,2023-07-18,TH-SOUTH,Sugarfree,TV Ad,90,616,40967.69,3,3.0
RB08976,2024-05-17,USA-EAST,Original Blue,extreme sports,80,531,40240.41,5,6.0
RB08756,2023-04-11,EUROPE-EU,Krating Daeng 250,TV Ad,60,508,7726.69,3,2.0
RB07396,2024-01-24,USA-EAST,Sugarfree,extreme sports,90,729,12738.08,1,4.0
RB08078,2023-09-27,EUROPE-EU,Krating Daeng 250,f1 sponsorship,60,584,44453.8,2,6.0
RB04338,2023-01-06,TH-CENTRAL,Krating Daeng 250,f1 sponsorship,60,587,38979.35,76,4.0
RB03712,2024-06-24,TH-NORTH,Tropical Edition,TV Ad,85,502,27169.61,3,6.0
RB08117,2023-04-11,USA-WEST,Krating Daeng 250,extreme sports,60,312,21610.44,4,5.0
RB05480,2024-05-07,TH-CENTRAL,Red Edition,in-store promo,75,463,22971.96,1,6.0
RB05285,2024-07-18,TH-CENTRAL,Krating Daeng 250,Social Media,60,448,48853.25,2,8.0
RB07825,2023-06-23,TH-NORTH,Red Edition,TV Ad,75,427,45857.8,1,8.0
RB03701,2023-04-29,TH-EAST,Red Edition,Social Media,75,520,11468.47,5,4.0
RB00444,2024-10-04,USA-WEST,Red Edition,TV Ad,75,408,18267.11,2,4.0
RB03180,2023-06-16,USA-EAST,Krating Daeng 250,in-store promo,60,584,50020.71,1,6.0
RB03726,2023-01-30,TH-SOUTH,Red Edition,TV Ad,75,476,58041.46,1,3.0
RB07500,2024-01-27,TH-SOUTH,Tropical Edition,extreme sports,85,303,32658.19,4,8.0
RB03384,2024-11-08,USA-WEST,Original Blue,f1 sponsorship,80,464,46167.43,3,10.0
RB05197,2023-06-22,USA-WEST,Tropical Edition,TV Ad,85,460,46613.89,1,6.0
RB04038,2024-05-14,USA-EAST,Original Blue,TV Ad,80,427,32658.19,3,4.0
RB04550,2023-07-15,TH-SOUTH,Krating Daeng 250,Social Media,60,469,22975.13,0,8.0
RB03409,2023-04-06,TH-NORTH,Original Blue,extreme sports,80,501,46290.72,3,8.0
RB06764,2024-07-23,TH-SOUTH,Sugarfree,extreme sports,90,602,48014.86,1,5.0
RB01057,2024-01-25,ASIA-PACIFIC,Sugarfree,in-store promo,90,660,26658.97,0,3.0
RB03002,2024-08-17,TH-NORTH,Tropical Edition,f1 sponsorship,85,707,50369.15,1,6.0
RB08802,2024-09-05,USA-EAST,Sugarfree,in-store promo,90,586,32658.19,2,6.0
RB00901,2023-03-28,USA-EAST,Original Blue,TV Ad,80,471,30854.12,0,4.0
RB03139,2023-01-09,USA-EAST,Krating Daeng 250,f1 sponsorship,60,421,21765.41,2,5.0
RB08966,2024-05-03,EUROPE-EU,Original Blue,Social Media,80,774,56470.76,1,4.0
RB04399,2024-12-23,TH-CENTRAL,Krating Daeng 250,Social Media,60,351,51453.04,0,7.0
RB08265,2023-08-13,TH-SOUTH,Tropical Edition,f1 sponsorship,85,591,43435.4,5,6.0
RB06405,2024-07-12,TH-CENTRAL,Krating Daeng 250,Social Media,60,600,19055.29,1,4.0
RB05874,2023-06-05,USA-WEST,Sugarfree,in-store promo,90,469,58926.76,2,9.0
RB04949,2024-02-25,TH-SOUTH,Sugarfree,TV Ad,90,700,32374.05,3,6.0
RB09492,2023-04-02,EUROPE-EU,Red Edition,f1 sponsorship,75,513,31115.51,3,5.0
RB03911,2023-04-27,EUROPE-EU,Krating Daeng 250,extreme sports,60,502,30659.56,5,5.0
RB06279,2023-10-11,USA-EAST,Original Blue,Social Media,80,763,32658.19,3,5.0
RB08513,2024-07-24,EUROPE-EU,Sugarfree,extreme sports,90,469,38586.12,5,2.0
RB08237,2024-12-01,EUROPE-EU,Tropical Edition,f1 sponsorship,85,412,1850254.88,2,6.0
RB05454,2024-08-25,USA-EAST,Krating Daeng 250,f1 sponsorship,60,587,37997.01,2,7.0
RB01151,2023-06-26,USA-WEST,Tropical Edition,f1 sponsorship,85,499,54027.32,2,3.0
RB09541,2023-09-25,USA-EAST,Krating Daeng 250,f1 sponsorship,60,807,8527.94,2,6.0
RB06869,2023-09-03,ASIA-PACIFIC,Sugarfree,Social Media,90,478,11562.19,2,3.0
RB00932,2024-03-15,ASIA-PACIFIC,Sugarfree,TV Ad,90,437,23613.19,2,4.0
RB06178,2024-10-15,TH-SOUTH,Original Blue,Social Media,80,398,22251.51,3,3.0
RB06299,2023-02-02,USA-WEST,Sugarfree,in-store promo,90,426,21501.91,2,6.0
RB08801,2023-03-04,TH-CENTRAL,Original Blue,TV Ad,80,401,50615.88,5,6.0
RB06260,2023-09-22,TH-CENTRAL,Red Edition,TV Ad,75,646,35864.72,2,4.0
RB04233,2024-09-07,TH-CENTRAL,Red Edition,extreme sports,75,454,44160.7,2,2.0
RB03365,2023-03-19,USA-EAST,Krating Daeng 250,in-store promo,60,481,13960.8,2,9.0
RB06181,2023-06-14,TH-CENTRAL,Tropical Edition,f1 sponsorship,85,254,13112.18,0,9.0
RB00735,2023-09-04,USA-EAST,Krating Daeng 250,TV Ad,60,519,8218.35,3,6.0
RB08803,2024-12-17,USA-EAST,Tropical Edition,TV Ad,85,839,14571.94,3,7.0
RB03900,2023-01-18,EUROPE-EU,Sugarfree,f1 sponsorship,90,405,31167.47,3,6.0
RB09211,2023-01-27,TH-SOUTH,Red Edition,TV Ad,75,709,48896.12,5,10.0
RB02072,2023-05-12,EUROPE-EU,Sugarfree,in-store promo,90,688,46523.89,2,7.0
RB07635,2023-11-07,EUROPE-EU,Red Edition,f1 sponsorship,75,612,46820.27,5,6.0
RB03885,2024-07-22,EUROPE-EU,Red Edition,f1 sponsorship,75,679,55431.45,2,6.0
RB04757,2024-09-09,TH-SOUTH,Red Edition,f1 sponsorship,75,553,39958.43,2,6.0
RB08901,2024-09-17,TH-CENTRAL,Red Edition,Social Media,75,442,42967.97,4,6.0
RB02300,2023-05-10,TH-EAST,Red Edition,Social Media,75,417,57532.26,1,5.0
RB07138,2023-05-17,TH-EAST,Krating Daeng 250,TV Ad,60,269,52906.27,2,8.0
RB08145,2023-12-07,TH-CENTRAL,Krating Daeng 250,extreme sports,60,691,55949.35,5,8.0
RB04777,2024-03-23,TH-NORTH,Tropical Edition,Social Media,85,434,15586.18,3,2.0
RB02353,2024-06-18,TH-CENTRAL,Original Blue,TV Ad,80,515,30896.14,2,8.0
RB02849,2024-07-30,TH-CENTRAL,Original Blue,Social Media,80,239,58955.73,0,8.0
RB07577,2024-06-27,TH-CENTRAL,Original Blue,in-store promo,80,664,8429.48,0,9.0
RB00095,2023-06-01,TH-CENTRAL,Red Edition,extreme sports,75,452,54845.71,4,5.0
RB02593,2024-03-28,TH-EAST,Tropical Edition,Social Media,85,792,6803.63,4,10.0
RB06218,2023-06-19,TH-CENTRAL,Tropical Edition,f1 sponsorship,85,544,15305.88,4,8.0
RB02144,2024-02-15,TH-NORTH,Tropical Edition,f1 sponsorship,85,670,36102.03,4,8.0
RB03681,2024-06-11,TH-SOUTH,Tropical Edition,TV Ad,85,684,5079.63,2,3.0
RB04869-DUP,2024-09-20,TH-NORTH,Krating Daeng 250,in-store promo,60,535,37535.24,1,8.0
RB09468,2024-07-15,EUROPE-EU,Krating Daeng 250,TV Ad,60,379,11269.44,4,6.0
RB06489,2023-05-12,TH-NORTH,Krating Daeng 250,TV Ad,60,529,50149.28,3,10.0
RB00890,2023-05-20,TH-CENTRAL,Original Blue,f1 sponsorship,80,259,29992.87,2,6.0
RB04796,2024-11-11,TH-EAST,Red Edition,extreme sports,75,602,55048.88,3,6.0
RB08794,2023-12-07,EUROPE-EU,Sugarfree,extreme sports,90,581,39233.51,2,3.0
RB00552,2023-09-10,TH-NORTH,Original Blue,extreme sports,80,535,39757.53,1,6.0
RB02398,2023-08-02,TH-NORTH,Krating Daeng 250,TV Ad,60,591,23967.07,1,7.0
RB07002,2024-07-02,EUROPE-EU,Original Blue,Social Media,80,661,58919.2,5,3.0
RB03246,2023-02-15,USA-EAST,Original Blue,extreme sports,80,317,44578.97,3,7.0
RB08273,2024-10-25,TH-SOUTH,Krating Daeng 250,TV Ad,60,623,55758.06,5,6.0
RB08760,2023-03-23,USA-EAST,Red Edition,f1 sponsorship,75,525,23984.32,4,3.0
RB02449,2023-06-03,TH-EAST,Original Blue,TV Ad,80,517,13032.31,2,2.0
RB02821,2023-01-29,USA-WEST,Krating Daeng 250,in-store promo,60,566,8120.82,3,8.0
RB04966,2024-09-06,TH-SOUTH,Original Blue,TV Ad,80,685,10187.26,3,3.0
RB04602,2023-03-31,USA-WEST,Krating Daeng 250,extreme sports,60,587,15128.71,0,7.0
RB02480-DUP,2024-04-07,TH-CENTRAL,Sugarfree,TV Ad,90,670,36537.46,3,6.0
RB01182,2023-02-27,TH-CENTRAL,Sugarfree,f1 sponsorship,90,484,54428.59,1,4.0
RB05494,2024-11-07,TH-EAST,Original Blue,TV Ad,80,579,35654.71,1,6.0
RB08770,2023-10-26,USA-EAST,Original Blue,extreme sports,80,653,34548.82,2,6.0
RB00074,2023-09-08,EUROPE-EU,Original Blue,TV Ad,80,833,35374.93,5,5.0
RB01968,2023-05-09,TH-CENTRAL,Tropical Edition,f1 sponsorship,85,503,36020.62,5,5.0
RB02463,2024-01-01,USA-WEST,Krating Daeng 250,Social Media,60,445,27020.48,2,6.0
RB02989,2023-08-29,USA-WEST,Sugarfree,f1 sponsorship,90,477,24155.9,1,5.0
RB02715,2023-09-25,TH-CENTRAL,Red Edition,Social Media,75,422,18142.99,2,6.0
RB08681,2024-08-02,USA-EAST,Krating Daeng 250,in-store promo,60,478,18391.04,2,4.0
RB00786,2023-12-13,USA-WEST,Tropical Edition,Social Media,85,687,48676.26,1,6.0
RB00847,2024-11-20,TH-NORTH,Tropical Edition,TV Ad,85,513,37350.42,4,4.0
RB03696,2024-07-25,TH-NORTH,Original Blue,TV Ad,80,484,14975.88,1,2.0
RB07250,2023-11-30,TH-EAST,Original Blue,in-store promo,80,544,23826.12,2,2.0
RB01257,2024-02-15,USA-WEST,Krating Daeng 250,in-store promo,60,510,56360.1,2,9.0
RB00395,2023-06-21,USA-WEST,Krating Daeng 250,TV Ad,60,592,32658.19,4,10.0
RB02701,2024-12-13,EUROPE-EU,Original Blue,Social Media,80,525,12415.69,2,3.0
RB09386,2023-01-02,USA-EAST,Sugarfree,TV Ad,90,535,54935.51,2,7.0
RB06100,2024-07-14,TH-CENTRAL,Red Edition,TV Ad,75,665,32658.19,5,2.0
RB04794,2024-05-19,TH-NORTH,Tropical Edition,Social Media,85,339,48244.06,1,9.0
RB02402,2024-12-01,USA-EAST,Sugarfree,TV Ad,90,516,38877.7,5,7.0
RB08016,2024-01-29,USA-EAST,Sugarfree,f1 sponsorship,90,692,29474.47,1,7.0
RB06742,2023-09-16,EUROPE-EU,Tropical Edition,in-store promo,85,623,42444.75,2,10.0
RB05221,2023-06-24,TH-CENTRAL,Sugarfree,extreme sports,90,389,15933.96,3,7.0
RB04607,2023-09-06,TH-SOUTH,Tropical Edition,f1 sponsorship,85,841,15133.83,3,7.0
RB04271,2023-01-11,TH-CENTRAL,Tropical Edition,f1 sponsorship,85,509,42235.06,5,6.0
RB01338,2023-12-03,USA-WEST,Sugarfree,f1 sponsorship,90,529,10190.01,1,5.0
RB04164,2023-07-19,USA-WEST,Krating Daeng 250,in-store promo,60,569,32658.19,4,7.0
RB06563,2023-04-20,TH-SOUTH,Red Edition,f1 sponsorship,75,305,20672.88,1,6.0
RB01005,2023-02-15,TH-SOUTH,Tropical Edition,TV Ad,85,536,46890.0,2,1.0
RB08285,2024-12-08,TH-CENTRAL,Red Edition,in-store promo,75,728,29711.54,5,4.0
RB06998,2024-03-03,TH-CENTRAL,Tropical Edition,f1 sponsorship,85,591,41790.37,2,6.0
RB02895,2023-06-01,TH-NORTH,Sugarfree,in-store promo,90,547,7716.72,3,5.0
RB04120,2024-05-30,TH-CENTRAL,Red Edition,Social Media,75,424,40540.79,2,2.0
RB03206,2024-12-13,TH-CENTRAL,Red Edition,f1 sponsorship,75,774,9985.06,3,9.0
RB08289,2023-08-04,EUROPE-EU,Krating Daeng 250,extreme sports,60,500,14901.46,3,6.0
RB09144,2023-10-17,USA-WEST,Krating Daeng 250,TV Ad,60,463,34773.91,3,7.0
RB08721,2023-11-12,TH-CENTRAL,Tropical Edition,f1 sponsorship,85,523,47411.44,4,7.0
RB04704,2023-12-03,TH-NORTH,Red Edition,TV Ad,75,519,20405.44,2,6.0
RB06498,2023-02-16,USA-EAST,Original Blue,f1 sponsorship,80,558,48374.06,2,6.0
RB09143,2024-09-29,TH-SOUTH,Red Edition,extreme sports,75,563,43487.49,3,5.0
RB01127,2023-02-11,USA-EAST,Krating Daeng 250,in-store promo,60,379,29507.91,4,7.0
RB09580,2023-03-08,TH-SOUTH,Sugarfree,TV Ad,90,505,45334.28,1,1.0
RB04440,2024-03-22,TH-EAST,Sugarfree,f1 sponsorship,90,609,41375.27,1,8.0
RB04690,2024-07-31,USA-EAST,Krating Daeng 250,extreme sports,60,821,54030.57,4,8.0
RB04921,2023-09-30,TH-NORTH,Original Blue,extreme sports,80,594,57601.81,5,7.0
RB02539,2024-06-06,TH-EAST,Original Blue,f1 sponsorship,80,499,15179.3,2,6.0
RB08152,2023-06-24,EUROPE-EU,Original Blue,f1 sponsorship,80,527,8197.99,1,8.0
RB01134,2024-08-08,EUROPE-EU,Sugarfree,in-store promo,90,493,55660.3,3,5.0
RB04155,2023-12-25,USA-WEST,Original Blue,Social Media,80,631,22972.96,2,5.0
RB05384,2024-04-24,EUROPE-EU,Original Blue,in-store promo,80,556,42884.54,51,6.0
RB05546,2024-02-13,EUROPE-EU,Red Edition,f1 sponsorship,75,459,19076.54,5,8.0
RB08183,2023-09-12,TH-NORTH,Krating Daeng 250,Social Media,60,610,49589.07,3,3.0
RB07867,2024-04-10,USA-WEST,Krating Daeng 250,TV Ad,60,576,46841.47,1,3.0
RB07372,2024-05-02,TH-NORTH,Tropical Edition,in-store promo,85,655,56339.21,1,7.0
RB00903,2023-02-17,USA-EAST,Sugarfree,extreme sports,90,543,42567.88,2,7.0
RB01896,2023-01-31,TH-SOUTH,Red Edition,extreme sports,75,581,21259.4,0,6.0
RB09068,2023-12-26,TH-CENTRAL,Krating Daeng 250,Social Media,60,845,23037.5,3,6.0
RB07911,2024-11-06,USA-WEST,Red Edition,Social Media,75,432,21808.3,2,8.0
RB03563,2024-06-28,TH-NORTH,Original Blue,TV Ad,80,665,22244.54,1,5.0
RB03899,2024-12-24,TH-NORTH,Krating Daeng 250,in-store promo,60,556,32658.19,2,7.0
RB09347,2023-04-19,TH-CENTRAL,Original Blue,f1 sponsorship,80,596,20632.81,2,7.0
RB02675,2024-01-02,TH-CENTRAL,Sugarfree,f1 sponsorship,90,547,10069.76,2,9.0
RB00121,2023-08-07,USA-EAST,Original Blue,in-store promo,80,260,35805.1,1,7.0
RB04730,2024-10-29,EUROPE-EU,Sugarfree,extreme sports,90,367,34225.72,1,9.0
RB09534,2023-11-26,TH-CENTRAL,Tropical Edition,in-store promo,85,921,59384.97,2,4.0
RB07390,2023-04-20,TH-CENTRAL,Tropical Edition,f1 sponsorship,85,592,23878.48,5,6.0
RB08822,2023-11-14,TH-CENTRAL,Red Edition,in-store promo,75,628,15371.6,2,5.0
RB01706,2023-10-24,USA-WEST,Red Edition,Social Media,75,492,33783.25,3,7.0
RB07853,2024-03-03,USA-EAST,Original Blue,TV Ad,80,625,36660.12,0,4.0
RB02803,2023-05-01,USA-EAST,Sugarfree,in-store promo,90,497,54559.95,1,3.0
RB05470,2023-09-30,TH-CENTRAL,Tropical Edition,Social Media,85,666,13608.18,1,4.0
RB09142,2024-09-20,USA-EAST,Original Blue,extreme sports,80,510,26406.61,2,6.0
RB08552,2023-11-17,TH-CENTRAL,Red Edition,in-store promo,75,603,15632.98,2,7.0
RB06017,2024-06-07,USA-EAST,Krating Daeng 250,extreme sports,60,669,40768.79,1,7.0
RB03902,2023-07-02,USA-WEST,Krating Daeng 250,TV Ad,60,654,39071.45,1,7.0
RB08560,2023-07-30,USA-WEST,Original Blue,extreme sports,80,656,44552.13,1,4.0
RB03600,2023-11-18,TH-CENTRAL,Sugarfree,extreme sports,90,551,21090.61,2,3.0
RB01534,2024-09-20,TH-EAST,Sugarfree,f1 sponsorship,90,690,6801.26,0,8.0
RB08380,2023-03-29,EUROPE-EU,Original Blue,Social Media,80,551,18627.73,2,6.0
RB02261,2024-05-17,EUROPE-EU,Original Blue,TV Ad,80,357,51821.25,1,10.0
RB05857,2023-09-27,USA-EAST,Original Blue,Social Media,80,633,55146.8,1,5.0
RB00935,2024-09-09,TH-NORTH,Krating Daeng 250,in-store promo,60,376,41527.72,1,7.0
RB01368,2024-04-15,EUROPE-EU,Original Blue,f1 sponsorship,80,16654,28156.67,3,5.0
RB05138,2024-06-01,TH-NORTH,Red Edition,Social Media,75,518,49666.07,3,9.0
RB02996,2023-12-27,TH-NORTH,Sugarfree,in-store promo,90,422,13951.42,5,3.0
RB02929,2023-02-04,USA-WEST,Krating Daeng 250,extreme sports,60,479,6620.63,1,10.0
RB07739,2024-08-15,USA-EAST,Tropical Edition,in-store promo,85,468,17704.29,1,6.0
RB04385,2024-02-22,ASIA-PACIFIC,Tropical Edition,f1 sponsorship,85,782,41957.84,3,5.0
RB01688,2024-03-09,USA-EAST,Original Blue,in-store promo,80,472,50441.51,2,2.0
RB00434-DUP,2024-10-11,TH-NORTH,Original Blue,f1 sponsorship,80,506,20510.69,2,7.0
RB09309,2023-03-06,TH-SOUTH,Krating Daeng 250,in-store promo,60,530,48335.15,2,8.0
RB06123,2023-11-26,TH-EAST,Sugarfree,TV Ad,90,505,29720.57,2,6.0
RB02560,2024-12-01,USA-EAST,Red Edition,f1 sponsorship,75,693,27422.68,3,8.0
RB09403,2024-06-22,TH-SOUTH,Original Blue,extreme sports,80,706,45038.52,2,7.0
RB06016,2024-08-30,TH-NORTH,Tropical Edition,in-store promo,85,389,16500.03,1,7.0
RB05912,2024-09-15,TH-NORTH,Sugarfree,in-store promo,90,596,7584.36,4,6.0
RB07099,2023-06-09,TH-EAST,Tropical Edition,Social Media,85,505,20413.24,2,7.0
RB07961,2024-01-18,TH-EAST,Krating Daeng 250,extreme sports,60,718,46691.95,2,4.0
RB05276,2024-09-14,TH-CENTRAL,Tropical Edition,TV Ad,85,367,11722.17,2,6.0
RB03405,2024-10-04,USA-WEST,Tropical Edition,TV Ad,85,655,32658.19,3,1.0
RB00817,2023-04-14,TH-NORTH,Krating Daeng 250,Social Media,60,691,5048.18,1,6.0
RB01788,2024-03-10,TH-CENTRAL,Sugarfree,in-store promo,90,432,29865.08,5,9.0
RB04322,2023-03-03,TH-CENTRAL,Red Edition,TV Ad,75,604,7982.63,3,7.0
RB07594,2024-05-13,EUROPE-EU,Krating Daeng 250,Social Media,60,550,48639.67,3,3.0
RB07290,2023-07-21,TH-CENTRAL,Tropical Edition,Social Media,85,548,27841.96,3,4.0
RB06274,2024-10-23,TH-SOUTH,Krating Daeng 250,Social Media,60,597,32658.19,3,2.0
RB08355,2024-04-09,TH-EAST,Tropical Edition,TV Ad,85,746,16874.75,2,10.0
RB02120,2024-09-09,USA-EAST,Red Edition,Social Media,75,682,48352.77,0,6.0
RB08191,2023-07-03,TH-CENTRAL,Tropical Edition,extreme sports,85,636,32658.19,3,7.0
RB06066,2024-12-01,TH-NORTH,Tropical Edition,extreme sports,85,348,45650.82,4,6.0
RB08035,2024-08-19,TH-NORTH,Tropical Edition,Social Media,85,419,13082.75,3,8.0
RB07027,2023-12-25,TH-CENTRAL,Original Blue,Social Media,80,536,32637.45,0,3.0
RB04902,2023-08-17,TH-CENTRAL,Tropical Edition,TV Ad,85,402,12833.42,1,8.0
RB00220,2023-10-03,USA-WEST,Tropical Edition,f1 sponsorship,85,431,23916.5,2,6.0
RB06439,2024-07-30,TH-NORTH,Krating Daeng 250,extreme sports,60,658,1347012.97,4,7.0
RB05063,2023-07-02,TH-CENTRAL,Krating Daeng 250,TV Ad,60,392,26220.78,1,6.0
RB05646,2023-11-15,TH-CENTRAL,Krating Daeng 250,extreme sports,60,478,30516.22,2,10.0
RB01862,2023-09-29,TH-SOUTH,Red Edition,in-store promo,75,541,13456.4,1,6.0
RB07559,2023-08-30,USA-EAST,Tropical Edition,TV Ad,85,538,58138.65,2,4.0
RB07999,2024-11-28,EUROPE-EU,Tropical Edition,extreme sports,85,567,26369.15,1,1.0
RB01040,2024-12-06,TH-CENTRAL,Red Edition,in-store promo,75,552,52610.73,0,5.0
RB07875,2024-05-26,USA-EAST,Sugarfree,f1 sponsorship,90,641,28665.24,2,6.0
RB04832,2023-09-07,ASIA-PACIFIC,Tropical Edition,TV Ad,85,582,46805.98,1,9.0
RB01822,2024-02-11,TH-CENTRAL,Krating Daeng 250,extreme sports,60,615,53536.74,3,5.0
RB00973,2023-04-01,EUROPE-EU,Original Blue,TV Ad,80,494,21042.23,2,6.0
RB03711,2023-07-15,TH-NORTH,Original Blue,Social Media,80,636,55649.25,1,7.0
RB02965,2023-07-15,USA-EAST,Krating Daeng 250,extreme sports,60,480,27707.38,3,6.0
RB09546,2023-02-20,EUROPE-EU,Red Edition,Social Media,75,444,42774.57,2,6.0
RB04027,2024-08-17,USA-EAST,Red Edition,TV Ad,75,507,42012.51,2,3.0
RB00966,2023-10-27,TH-CENTRAL,Original Blue,in-store promo,80,394,44990.17,3,10.0
RB02644,2023-08-05,ASIA-PACIFIC,Red Edition,in-store promo,75,380,55210.04,2,1.0
RB01694,2024-01-23,ASIA-PACIFIC,Krating Daeng 250,TV Ad,60,642,33957.95,1,2.0
RB04867,2023-04-14,EUROPE-EU,Krating Daeng 250,in-store promo,60,287,16619.15,4,7.0
RB04291-DUP,2023-11-09,TH-CENTRAL,Red Edition,Social Media,75,467,15255.48,2,2.0
RB05552,2023-01-22,TH-CENTRAL,Sugarfree,extreme sports,90,781,16530.02,1,7.0
RB02826,2024-07-20,EUROPE-EU,Red Edition,f1 sponsorship,75,562,8357.2,2,6.0
RB00041,2024-07-13,TH-SOUTH,Krating Daeng 250,f1 sponsorship,60,675,56809.71,1,9.0
RB08542,2023-06-12,TH-NORTH,Red Edition,Social Media,75,651,5565.65,1,8.0
RB02526,2023-05-28,USA-EAST,Sugarfree,in-store promo,90,838,22803.74,44,10.0
RB04645,2023-07-11,USA-WEST,Tropical Edition,f1 sponsorship,85,664,26375.55,4,7.0
RB05270,2024-01-18,USA-WEST,Original Blue,in-store promo,80,606,47050.68,2,8.0
RB01175,2024-06-14,USA-EAST,Sugarfree,TV Ad,90,341,29781.25,3,4.0
RB03913,2024-06-14,USA-EAST,Tropical Edition,f1 sponsorship,85,357,12061.14,3,6.0
RB08465,2023-07-10,EUROPE-EU,Tropical Edition,in-store promo,85,534,19271.27,4,7.0
RB08047,2023-07-02,EUROPE-EU,Sugarfree,TV Ad,90,667,42095.84,2,5.0
RB08729,2023-04-17,EUROPE-EU,Tropical Edition,TV Ad,85,731,44632.79,3,5.0
RB07699,2024-08-28,EUROPE-EU,Sugarfree,Social Media,90,558,39435.53,3,7.0
RB08184,2023-09-09,TH-SOUTH,Sugarfree,Social Media,90,462,27707.36,3,1.0
RB05262,2023-07-22,TH-CENTRAL,Original Blue,in-store promo,80,503,32743.11,3,6.0
RB01867,2024-01-14,TH-NORTH,Original Blue,Social Media,80,609,33484.17,1,7.0
RB04173,2024-08-03,TH-EAST,Tropical Edition,in-store promo,85,648,43922.19,2,9.0
RB04005,2024-05-13,TH-NORTH,Red Edition,Social Media,75,563,36748.83,3,6.0
RB03374,2024-04-07,TH-NORTH,Red Edition,Social Media,75,658,20129.07,3,8.0
RB06460,2023-05-17,USA-EAST,Sugarfree,in-store promo,90,636,5682.17,1,8.0
RB00281,2023-12-19,USA-EAST,Original Blue,in-store promo,80,422,53970.9,2,2.0
RB05815,2024-09-11,TH-NORTH,Tropical Edition,extreme sports,85,502,14676.48,5,6.0
RB01080,2024-08-06,EUROPE-EU,Red Edition,f1 sponsorship,75,535,5957.53,3,10.0
RB02131,2023-07-08,TH-NORTH,Red Edition,extreme sports,75,548,49711.6,3,7.0
RB04751,2024-09-27,USA-WEST,Red Edition,Social Media,75,582,27205.36,3,7.0
RB01002,2023-06-26,USA-EAST,Krating Daeng 250,TV Ad,60,494,11497.46,2,4.0
RB02229,2024-01-30,TH-EAST,Red Edition,extreme sports,75,436,6341.52,1,6.0
RB04839,2023-12-07,EUROPE-EU,Original Blue,f1 sponsorship,80,471,15132.65,5,3.0
RB04501,2023-11-29,USA-EAST,Krating Daeng 250,TV Ad,60,520,30654.38,1,9.0
RB02697,2024-06-08,TH-CENTRAL,Krating Daeng 250,Social Media,60,577,18178.79,2,7.0
RB06936,2024-02-01,USA-EAST,Sugarfree,f1 sponsorship,90,737,28844.85,2,5.0
RB01262,2024-07-01,TH-EAST,Tropical Edition,extreme sports,85,485,53137.27,4,3.0
RB01103,2024-10-31,TH-CENTRAL,Red Edition,in-store promo,75,518,22021.61,3,9.0
RB09585,2024-01-04,TH-NORTH,Original Blue,in-store promo,80,287,24903.4,3,6.0
RB00016,2023-02-14,EUROPE-EU,Krating Daeng 250,TV Ad,60,524,12180.5,4,6.0
RB03291,2023-04-17,TH-SOUTH,Original Blue,extreme sports,80,589,19225.8,2,8.0
RB02622,2023-06-13,USA-EAST,Tropical Edition,in-store promo,85,558,23596.64,1,4.0
RB05731,2023-02-24,USA-EAST,Sugarfree,f1 sponsorship,90,486,7978.18,2,7.0
RB03011,2023-11-10,TH-EAST,Tropical Edition,in-store promo,85,497,15496.82,0,7.0
RB06278,2024-11-12,TH-NORTH,Original Blue,f1 sponsorship,80,344,24829.3,2,8.0
RB01564,2024-09-10,TH-CENTRAL,Tropical Edition,extreme sports,85,774,40854.67,2,10.0
RB03125,2023-08-01,TH-EAST,Red Edition,TV Ad,75,626,42081.06,5,9.0
RB01818,2023-09-29,EUROPE-EU,Original Blue,TV Ad,80,461,21346.73,3,5.0
RB09334,2023-06-10,TH-SOUTH,Original Blue,f1 sponsorship,80,381,12180.98,5,8.0
RB05152,2024-02-13,TH-CENTRAL,Krating Daeng 250,TV Ad,60,367,37232.8,2,8.0
RB02159,2023-09-30,USA-EAST,Red Edition,extreme sports,75,526,32658.19,2,10.0
RB00742,2023-03-19,TH-SOUTH,Sugarfree,extreme sports,90,595,56755.63,2,5.0
RB01019,2023-01-05,ASIA-PACIFIC,Krating Daeng 250,TV Ad,60,514,55484.17,3,9.0
RB05880,2024-01-31,USA-EAST,Krating Daeng 250,f1 sponsorship,60,652,21243.35,3,5.0
RB07492,2024-09-16,EUROPE-EU,Krating Daeng 250,extreme sports,60,393,28437.13,5,8.0
RB07062,2023-02-26,TH-CENTRAL,Original Blue,Social Media,80,432,44278.94,2,9.0
RB09589,2023-06-07,TH-SOUTH,Krating Daeng 250,TV Ad,60,457,27374.84,2,8.0
RB06505,2023-07-15,USA-EAST,Sugarfree,TV Ad,90,649,41461.39,3,5.0
RB08656,2024-11-20,TH-CENTRAL,Original Blue,TV Ad,80,439,39138.48,3,1.0
RB00104,2023-06-07,TH-NORTH,Sugarfree,Social Media,90,456,21143.34,2,2.0
RB02508,2023-11-09,TH-NORTH,Red Edition,Social Media,75,527,59870.37,1,6.0
RB08854,2024-04-22,TH-EAST,Sugarfree,Social Media,90,571,17512.56,1,6.0
RB07758,2024-03-03,USA-WEST,Tropical Edition,in-store promo,85,339,23147.43,3,10.0
RB05967,2023-12-30,USA-WEST,Sugarfree,Social Media,90,538,53287.25,2,6.0
RB07533,2024-12-10,TH-SOUTH,Tropical Edition,f1 sponsorship,85,612,8892.54,4,8.0
RB03093,2024-05-09,TH-NORTH,Tropical Edition,in-store promo,85,630,53429.3,4,6.0
RB03795,2024-06-29,USA-WEST,Original Blue,TV Ad,80,665,16945.56,1,3.0
RB07446,2023-11-30,TH-EAST,Krating Daeng 250,extreme sports,60,474,12871.5,3,7.0
RB08702,2023-02-04,ASIA-PACIFIC,Krating Daeng 250,Social Media,60,696,37473.86,3,2.0
RB05748,2024-10-24,EUROPE-EU,Red Edition,Social Media,75,541,49334.85,1,8.0
RB01980,2024-08-02,TH-SOUTH,Sugarfree,in-store promo,90,526,6733.25,3,8.0
RB03069,2024-08-07,TH-NORTH,Original Blue,Social Media,80,433,8596.66,2,3.0
RB06877,2023-02-25,TH-SOUTH,Red Edition,TV Ad,75,583,32059.6,2,5.0
RB05109,2024-06-14,TH-NORTH,Krating Daeng 250,in-store promo,60,645,11228.98,5,4.0
RB02835,2023-02-27,TH-CENTRAL,Krating Daeng 250,f1 sponsorship,60,548,57981.61,3,8.0
RB04652,2024-07-11,TH-CENTRAL,Tropical Edition,extreme sports,85,472,43685.3,3,8.0
RB00767,2023-01-10,TH-EAST,Krating Daeng 250,Social Media,60,530,15194.32,1,5.0
RB07098,2024-10-02,USA-WEST,Red Edition,in-store promo,75,433,41309.2,3,6.0
RB06475,2024-10-02,USA-WEST,Original Blue,extreme sports,80,477,15263.41,1,4.0
RB05218,2023-08-31,EUROPE-EU,Red Edition,f1 sponsorship,75,394,52386.07,4,8.0
RB09306,2023-10-21,TH-SOUTH,Red Edition,f1 sponsorship,75,657,17020.11,0,8.0
RB07516,2024-10-20,TH-NORTH,Red Edition,f1 sponsorship,75,365,8675.68,2,3.0
RB00189,2023-06-09,USA-EAST,Original Blue,Social Media,80,356,28457.59,2,7.0
RB03810,2024-04-25,TH-CENTRAL,Sugarfree,in-store promo,90,628,47008.39,3,6.0
RB01915,2023-10-20,TH-CENTRAL,Sugarfree,TV Ad,90,610,23200.27,4,6.0
RB03334,2024-09-08,USA-EAST,Tropical Edition,Social Media,85,433,16110.64,2,1.0
RB02469,2023-05-20,TH-CENTRAL,Krating Daeng 250,f1 sponsorship,60,609,48508.75,1,8.0
RB08196,2023-05-22,TH-SOUTH,Tropical Edition,extreme sports,85,861,32428.87,0,5.0
RB06154,2023-08-18,TH-CENTRAL,Krating Daeng 250,extreme sports,60,603,8756.91,1,6.0
RB08340,2023-01-05,USA-EAST,Tropical Edition,Social Media,85,598,47659.3,0,10.0
RB03506,2023-05-31,TH-SOUTH,Original Blue,TV Ad,80,548,33012.89,2,6.0
RB01482,2024-01-19,TH-NORTH,Tropical Edition,TV Ad,85,637,48697.58,0,5.0
RB03040,2023-06-27,TH-SOUTH,Tropical Edition,TV Ad,85,647,48692.29,2,7.0
RB00447,2023-12-13,TH-CENTRAL,Krating Daeng 250,in-store promo,60,587,59587.34,1,5.0
RB04538,2023-11-05,USA-EAST,Original Blue,in-store promo,80,469,56993.01,2,9.0
RB05235,2023-05-17,TH-EAST,Krating Daeng 250,extreme sports,60,504,5709.53,4,4.0
RB04080,2023-08-08,EUROPE-EU,Krating Daeng 250,TV Ad,60,656,14258.54,2,6.0
RB07892,2023-02-13,TH-CENTRAL,Red Edition,TV Ad,75,314,32658.19,5,8.0
RB04169,2024-12-18,ASIA-PACIFIC,Original Blue,f1 sponsorship,80,742,18426.05,1,9.0
RB01004,2023-06-26,USA-WEST,Tropical Edition,f1 sponsorship,85,568,16956.62,3,9.0
RB03906,2023-02-01,USA-EAST,Original Blue,f1 sponsorship,80,412,53883.22,1,5.0
RB09221,2024-05-29,TH-CENTRAL,Tropical Edition,TV Ad,85,598,18792.49,2,10.0
RB00058-DUP,2023-06-30,TH-NORTH,Krating Daeng 250,Social Media,60,481,12661.22,1,6.0
RB03518,2024-09-21,TH-EAST,Sugarfree,Social Media,90,450,38926.9,1,4.0
RB02686,2024-11-11,TH-EAST,Original Blue,f1 sponsorship,80,688,35964.31,1,8.0
RB01169,2024-07-31,TH-NORTH,Tropical Edition,TV Ad,85,409,27041.89,0,6.0
RB05353,2023-12-26,TH-SOUTH,Original Blue,TV Ad,80,555,16261.05,0,7.0
RB00526,2024-03-17,TH-NORTH,Tropical Edition,extreme sports,85,803,57704.31,0,10.0
RB06151,2024-02-08,TH-CENTRAL,Tropical Edition,TV Ad,85,467,45661.98,1,3.0
RB03440,2024-03-28,TH-SOUTH,Original Blue,in-store promo,80,364,21416.14,5,4.0
RB07927,2024-09-01,TH-EAST,Krating Daeng 250,extreme sports,60,483,51320.87,1,8.0
RB02251,2023-01-05,TH-SOUTH,Tropical Edition,extreme sports,85,608,32658.19,1,7.0
RB02883,2024-01-28,TH-CENTRAL,Krating Daeng 250,Social Media,60,502,11252.7,1,4.0
RB01815,2024-11-22,EUROPE-EU,Sugarfree,in-store promo,90,321,50444.6,2,3.0
RB04876,2024-01-04,TH-SOUTH,Original Blue,extreme sports,80,719,26269.03,3,7.0
RB00585,2023-04-02,TH-NORTH,Sugarfree,TV Ad,90,461,7719.41,5,2.0
RB07137,2023-08-12,EUROPE-EU,Original Blue,extreme sports,80,488,43401.82,2,10.0
RB06231,2023-11-15,TH-CENTRAL,Red Edition,Social Media,75,782,10962.15,2,5.0
RB06045,2024-03-02,TH-EAST,Krating Daeng 250,f1 sponsorship,60,777,30846.77,0,8.0
RB06089,2023-10-06,USA-EAST,Tropical Edition,Social Media,85,407,49040.21,2,3.0
RB06724,2023-11-12,TH-NORTH,Red Edition,f1 sponsorship,75,686,27546.31,3,9.0
RB02076,2024-06-01,EUROPE-EU,Tropical Edition,f1 sponsorship,85,565,13200.19,3,3.0
RB03548,2024-11-17,TH-NORTH,Original Blue,extreme sports,80,779,48885.79,2,8.0
RB05649,2024-06-04,USA-WEST,Original Blue,Social Media,80,709,14339.69,3,6.0
RB08122,2024-12-15,TH-EAST,Tropical Edition,Social Media,85,529,16918.47,5,8.0
RB07397,2023-10-27,TH-EAST,Original Blue,extreme sports,80,548,28370.11,2,7.0
RB09490,2024-10-10,TH-NORTH,Red Edition,TV Ad,75,680,14071.34,5,3.0
RB01645,2023-11-10,TH-NORTH,Sugarfree,f1 sponsorship,90,587,11258.47,4,7.0
RB00699,2024-07-10,ASIA-PACIFIC,Krating Daeng 250,in-store promo,60,651,7101.2,1,8.0
RB05698,2023-12-02,EUROPE-EU,Tropical Edition,TV Ad,85,875,37923.73,4,5.0
RB05932,2023-02-19,TH-SOUTH,Original Blue,TV Ad,80,574,39163.08,1,3.0
RB08781,2024-11-19,TH-EAST,Tropical Edition,in-store promo,85,429,22713.76,2,8.0
RB02489,2023-01-25,TH-NORTH,Red Edition,in-store promo,75,603,36012.99,2,7.0
RB03792,2024-09-02,TH-CENTRAL,Red Edition,in-store promo,75,693,42310.52,2,10.0
RB01145,2023-01-13,TH-NORTH,Krating Daeng 250,extreme sports,60,548,22935.44,0,5.0
RB02248,2024-08-20,TH-EAST,Tropical Edition,TV Ad,85,615,51989.6,3,6.0
RB02944,2023-05-18,TH-CENTRAL,Red Edition,TV Ad,75,676,39691.96,0,2.0
RB02857,2023-01-19,TH-NORTH,Tropical Edition,TV Ad,85,260,18608.62,4,4.0
RB03750,2023-06-28,TH-NORTH,Sugarfree,Social Media,90,683,30752.24,4,8.0
RB08745,2023-02-11,USA-WEST,Original Blue,extreme sports,80,749,8665.36,3,3.0
RB06982,2023-08-10,TH-EAST,Sugarfree,extreme sports,90,592,11752.56,2,3.0
RB09406,2023-01-05,TH-NORTH,Red Edition,Social Media,75,567,9529.32,1,8.0
RB04467,2024-03-03,TH-SOUTH,Red Edition,in-store promo,75,681,42570.66,2,9.0
RB02122,2024-04-30,TH-EAST,Krating Daeng 250,Social Media,60,557,24862.55,1,3.0
RB00052,2023-03-30,TH-CENTRAL,Krating Daeng 250,TV Ad,60,636,21440.09,3,6.0
RB00339,2024-10-27,USA-WEST,Original Blue,TV Ad,80,791,48151.8,2,5.0
RB00284,2023-05-08,TH-CENTRAL,Tropical Edition,Social Media,85,723,32658.19,5,4.0
RB03104,2024-11-06,TH-EAST,Original Blue,extreme sports,80,592,55842.72,2,8.0
RB06861,2023-08-26,USA-EAST,Tropical Edition,f1 sponsorship,85,547,39458.42,2,6.0
RB02579,2023-05-12,TH-EAST,Krating Daeng 250,f1 sponsorship,60,665,8320.2,0,8.0
RB02936,2024-06-16,TH-NORTH,Krating Daeng 250,extreme sports,60,414,39319.55,2,5.0
RB04754,2023-02-24,USA-EAST,Sugarfree,in-store promo,90,676,31768.59,5,10.0
RB03076,2023-08-04,USA-EAST,Sugarfree,Social Media,90,469,32658.19,0,4.0
RB08964,2024-03-20,TH-EAST,Krating Daeng 250,Social Media,60,572,31141.58,3,8.0
RB09138,2023-07-19,USA-EAST,Red Edition,extreme sports,75,622,32658.19,2,4.0
RB05231,2023-05-16,TH-NORTH,Red Edition,TV Ad,75,637,22119.4,1,10.0
RB03375,2023-03-30,TH-CENTRAL,Tropical Edition,extreme sports,85,679,32658.19,3,5.0
RB03888,2024-02-10,TH-CENTRAL,Krating Daeng 250,TV Ad,60,586,28147.8,0,1.0
RB02920,2023-07-02,EUROPE-EU,Sugarfree,Social Media,90,455,15259.5,3,1.0
RB05966,2023-11-03,TH-CENTRAL,Krating Daeng 250,f1 sponsorship,60,590,41488.24,1,3.0
RB01626,2024-05-26,TH-EAST,Red Edition,extreme sports,75,620,15725.74,0,7.0
RB06395,2023-04-09,USA-EAST,Sugarfree,Social Media,90,413,23733.91,2,6.0
RB01500,2023-08-03,TH-NORTH,Red Edition,Social Media,75,790,13614.86,4,8.0
RB00681,2024-04-28,TH-CENTRAL,Red Edition,in-store promo,75,520,39275.62,3,7.0
RB03237,2023-04-27,USA-EAST,Red Edition,in-store promo,75,586,12041.73,4,10.0
RB00677,2023-09-28,TH-NORTH,Krating Daeng 250,f1 sponsorship,60,543,30055.2,0,6.0
RB08053,2024-11-01,USA-EAST,Krating Daeng 250,in-store promo,60,463,51833.42,0,5.0
RB05297,2024-11-15,TH-CENTRAL,Krating Daeng 250,Social Media,60,508,13693.27,4,5.0
RB04172,2023-06-02,TH-CENTRAL,Krating Daeng 250,TV Ad,60,591,48867.85,3,8.0
RB02439,2024-02-29,USA-EAST,Krating Daeng 250,f1 sponsorship,60,511,11707.95,1,6.0
RB05241,2023-11-21,EUROPE-EU,Red Edition,TV Ad,75,560,48490.77,1,8.0
RB05201,2024-07-22,USA-WEST,Sugarfree,f1 sponsorship,90,580,32658.19,1,4.0
RB04445,2023-07-13,USA-WEST,Sugarfree,in-store promo,90,509,38781.34,3,10.0
RB06777,2024-08-01,EUROPE-EU,Sugarfree,extreme sports,90,615,52008.97,3,2.0
RB01164,2024-04-02,USA-EAST,Sugarfree,extreme sports,90,731,33180.69,3,9.0
RB02330,2023-04-27,EUROPE-EU,Tropical Edition,Social Media,85,508,13610.95,2,5.0
RB02039,2023-03-11,TH-EAST,Red Edition,TV Ad,75,590,58518.25,0,7.0
RB08518,2023-02-26,TH-SOUTH,Red Edition,in-store promo,75,533,34898.54,3,4.0
RB05683,2024-03-02,USA-EAST,Original Blue,extreme sports,80,599,44000.13,3,9.0
RB03279,2023-12-10,ASIA-PACIFIC,Sugarfree,f1 sponsorship,90,613,16909.19,5,4.0
RB03256,2024-06-01,USA-EAST,Original Blue,in-store promo,80,711,39152.44,2,3.0
RB05307,2024-10-12,TH-NORTH,Tropical Edition,TV Ad,85,301,48032.15,3,4.0
RB00433,2024-09-16,USA-EAST,Tropical Edition,extreme sports,85,200,34744.28,4,3.0
RB04195,2023-12-11,USA-EAST,Tropical Edition,Social Media,85,418,54534.79,4,6.0
RB07416,2023-01-16,TH-NORTH,Original Blue,TV Ad,80,459,35300.36,2,6.0
RB07949,2023-10-05,EUROPE-EU,Red Edition,in-store promo,75,330,19280.54,2,6.0
RB05300,2023-08-30,TH-CENTRAL,Tropical Edition,in-store promo,85,731,59229.52,0,5.0
RB06644,2024-02-03,TH-CENTRAL,Sugarfree,Social Media,90,398,23372.97,0,4.0
RB07401,2024-05-28,TH-CENTRAL,Sugarfree,extreme sports,90,786,40004.14,3,7.0
RB08980,2023-12-05,ASIA-PACIFIC,Red Edition,f1 sponsorship,75,455,21486.95,1,8.0
RB07920,2023-11-03,TH-CENTRAL,Tropical Edition,extreme sports,85,603,7277.19,4,7.0
RB07064,2023-09-30,EUROPE-EU,Tropical Edition,Social Media,85,436,21669.43,3,3.0
RB00884,2024-05-03,USA-EAST,Tropical Edition,in-store promo,85,558,45364.31,3,8.0
RB06048,2023-09-08,TH-CENTRAL,Original Blue,f1 sponsorship,80,402,16509.59,2,8.0
RB01090,2023-09-03,TH-SOUTH,Red Edition,in-store promo,75,303,6350.72,3,6.0
RB02285,2023-11-16,TH-SOUTH,Red Edition,TV Ad,75,624,59824.36,5,10.0
RB09255,2024-01-24,TH-EAST,Sugarfree,f1 sponsorship,90,602,31253.22,0,7.0
RB06483,2024-05-28,TH-SOUTH,Sugarfree,TV Ad,90,372,5092.07,0,5.0
RB06038,2024-09-14,TH-NORTH,Tropical Edition,in-store promo,85,577,40350.49,1,6.0
RB06986,2023-02-09,EUROPE-EU,Sugarfree,f1 sponsorship,90,563,40885.93,0,5.0
RB03208,2024-10-25,TH-CENTRAL,Sugarfree,f1 sponsorship,90,545,17608.9,3,6.0
RB09351,2023-02-06,USA-WEST,Sugarfree,Social Media,90,465,29169.51,3,9.0
RB07779,2023-07-10,TH-CENTRAL,Red Edition,f1 sponsorship,75,690,39478.06,3,8.0
RB02231,2023-06-11,USA-EAST,Red Edition,TV Ad,75,423,32658.19,1,10.0
RB03898,2024-07-24,USA-EAST,Tropical Edition,TV Ad,85,464,56741.21,0,4.0
RB04250,2023-09-06,TH-SOUTH,Tropical Edition,Social Media,85,680,16415.68,3,6.0
RB00605,2024-11-24,ASIA-PACIFIC,Red Edition,extreme sports,75,787,32658.19,4,6.0
RB01289,2023-09-15,TH-CENTRAL,Tropical Edition,f1 sponsorship,85,767,37524.41,4,6.0
RB05756,2023-12-14,TH-SOUTH,Original Blue,Social Media,80,389,59943.0,4,10.0
RB04932,2024-05-20,TH-EAST,Krating Daeng 250,TV Ad,60,573,14215.72,2,6.0
RB04073,2023-02-21,USA-WEST,Tropical Edition,f1 sponsorship,85,360,50778.96,3,6.0
RB08592,2023-10-27,EUROPE-EU,Red Edition,Social Media,75,661,51940.75,4,7.0
RB07472,2024-02-19,TH-NORTH,Krating Daeng 250,Social Media,60,572,32356.07,2,6.0
RB07205,2024-01-12,TH-CENTRAL,Krating Daeng 250,Social Media,60,505,47757.36,0,2.0
RB02441,2024-04-14,TH-SOUTH,Sugarfree,TV Ad,90,555,26655.23,3,8.0
RB02587,2023-08-10,EUROPE-EU,Sugarfree,f1 sponsorship,90,565,15843.8,5,7.0
RB03509,2024-07-20,TH-SOUTH,Krating Daeng 250,f1 sponsorship,60,729,34001.51,2,5.0
RB05760,2024-03-31,TH-EAST,Original Blue,TV Ad,80,749,51256.93,2,5.0
RB05199,2024-07-22,EUROPE-EU,Red Edition,in-store promo,75,11596,56152.13,1,6.0
RB03833,2023-11-04,TH-SOUTH,Sugarfree,in-store promo,90,852,16583.41,2,10.0
RB03343,2023-01-17,TH-NORTH,Original Blue,f1 sponsorship,80,643,17271.33,4,3.0
RB09265,2024-04-07,TH-SOUTH,Krating Daeng 250,extreme sports,60,507,34536.56,0,4.0
RB00522,2023-04-13,EUROPE-EU,Tropical Edition,TV Ad,85,569,40220.17,0,5.0
RB01211,2024-08-28,ASIA-PACIFIC,Original Blue,in-store promo,80,595,41653.1,2,3.0
RB05383,2023-02-09,TH-SOUTH,Original Blue,Social Media,80,413,53089.24,3,7.0
RB09361,2023-05-30,TH-NORTH,Original Blue,Social Media,80,604,25427.24,3,2.0
RB09571,2023-10-27,TH-SOUTH,Krating Daeng 250,extreme sports,60,670,51909.59,2,9.0
RB02403,2023-01-15,TH-EAST,Original Blue,in-store promo,80,649,16895.33,0,6.0
RB05295,2024-10-23,TH-NORTH,Tropical Edition,TV Ad,85,861,18622.17,3,10.0
RB09131,2023-11-09,TH-SOUTH,Sugarfree,Social Media,90,542,28045.6,3,4.0
RB00582,2024-05-09,TH-SOUTH,Krating Daeng 250,TV Ad,60,520,11796.8,2,10.0
RB05466,2023-09-13,TH-EAST,Tropical Edition,TV Ad,85,601,47946.01,3,6.0
RB04666,2024-05-16,TH-NORTH,Original Blue,extreme sports,80,614,49781.36,4,6.0
RB03520,2024-09-29,USA-EAST,Krating Daeng 250,Social Media,60,518,47584.99,3,7.0
RB06320,2024-10-25,TH-EAST,Tropical Edition,TV Ad,85,597,43204.03,2,4.0
RB06159,2024-10-12,TH-NORTH,Tropical Edition,in-store promo,85,438,37861.48,1,7.0
RB05039,2024-07-16,TH-NORTH,Original Blue,f1 sponsorship,80,444,32417.41,2,10.0
RB04105,2023-01-30,TH-NORTH,Red Edition,extreme sports,75,747,44684.89,3,6.0
RB07369,2023-04-18,TH-NORTH,Red Edition,TV Ad,75,475,53345.18,3,6.0
RB00775,2024-01-24,TH-SOUTH,Tropical Edition,f1 sponsorship,85,538,51562.94,2,10.0
RB08949,2024-09-12,TH-CENTRAL,Red Edition,extreme sports,75,554,36861.88,4,8.0
RB05712,2023-05-20,USA-EAST,Krating Daeng 250,extreme sports,60,471,16742.33,1,6.0
RB07786,2023-09-27,TH-EAST,Krating Daeng 250,TV Ad,60,529,16450.89,86,6.0
RB06772,2024-10-07,TH-SOUTH,Original Blue,in-store promo,80,581,50218.14,3,7.0
RB05168,2023-10-08,USA-EAST,Sugarfree,in-store promo,90,328,37440.04,1,10.0
RB06787,2024-08-08,USA-WEST,Tropical Edition,in-store promo,85,560,45899.28,1,9.0
RB04334,2024-01-13,ASIA-PACIFIC,Red Edition,Social Media,75,554,28919.04,0,5.0
RB01351,2024-10-04,TH-EAST,Red Edition,TV Ad,75,445,44794.42,1,4.0
RB06240,2023-10-03,EUROPE-EU,Krating Daeng 250,TV Ad,60,632,23307.96,3,8.0
RB07345,2023-12-16,TH-EAST,Sugarfree,Social Media,90,676,57590.45,3,7.0
RB00718,2023-10-11,ASIA-PACIFIC,Sugarfree,extreme sports,90,590,29748.32,2,8.0
RB09470,2024-04-14,TH-EAST,Sugarfree,in-store promo,90,349,20185.04,0,10.0
RB02295,2023-08-09,TH-CENTRAL,Krating Daeng 250,Social Media,60,478,42548.73,2,6.0
RB06603,2023-07-01,USA-WEST,Sugarfree,in-store promo,90,530,10663.68,0,8.0
RB08798,2023-02-14,USA-EAST,Krating Daeng 250,TV Ad,60,700,53968.14,2,8.0
RB04455,2024-05-27,TH-NORTH,Tropical Edition,Social Media,85,469,19195.08,4,6.0
RB05595,2023-03-29,TH-SOUTH,Sugarfree,f1 sponsorship,90,8247,32658.19,2,6.0
RB06365,2024-08-26,USA-WEST,Sugarfree,extreme sports,90,704,29008.64,2,4.0
RB05340,2023-10-09,USA-EAST,Sugarfree,f1 sponsorship,90,665,21657.66,2,6.0
RB03649,2023-09-14,TH-NORTH,Sugarfree,Social Media,90,747,6797.3,0,5.0
RB08974,2024-07-15,ASIA-PACIFIC,Original Blue,TV Ad,80,556,30179.3,3,6.0
RB01666,2024-08-22,USA-EAST,Tropical Edition,TV Ad,85,542,6917.47,3,6.0
RB04677,2024-01-08,EUROPE-EU,Original Blue,extreme sports,80,366,53504.94,1,2.0
RB06728,2023-10-15,TH-EAST,Sugarfree,f1 sponsorship,90,476,27594.15,4,4.0
RB06003,2024-01-28,USA-WEST,Red Edition,f1 sponsorship,75,746,50477.6,1,6.0
RB08667,2023-10-13,TH-CENTRAL,Red Edition,Social Media,75,528,14672.94,1,6.0
RB03154,2024-01-27,USA-EAST,Original Blue,extreme sports,80,622,32283.65,3,6.0
RB00887,2023-03-29,TH-CENTRAL,Krating Daeng 250,TV Ad,60,497,44613.89,0,4.0
RB07182,2024-06-03,TH-NORTH,Tropical Edition,extreme sports,85,474,14413.02,1,6.0
RB08076,2023-04-11,EUROPE-EU,Krating Daeng 250,in-store promo,60,487,25873.02,3,6.0
RB00872,2023-08-26,TH-NORTH,Sugarfree,TV Ad,90,754,11606.37,2,10.0
RB01677,2023-09-12,TH-SOUTH,Original Blue,TV Ad,80,665,20333.44,1,4.0
RB05751,2024-12-14,USA-EAST,Sugarfree,Social Media,90,18152,30339.47,2,10.0
RB09373,2023-10-30,TH-NORTH,Krating Daeng 250,f1 sponsorship,60,557,32658.19,5,6.0
RB06201,2023-07-28,USA-EAST,Tropical Edition,in-store promo,85,333,28890.85,1,6.0
RB05757,2023-10-17,USA-WEST,Red Edition,in-store promo,75,654,33457.32,1,9.0
RB00793,2023-01-13,TH-CENTRAL,Krating Daeng 250,f1 sponsorship,60,798,9224.01,2,5.0
RB03751,2024-04-12,TH-NORTH,Sugarfree,TV Ad,90,704,14807.72,3,7.0
RB08549,2023-10-25,USA-WEST,Tropical Edition,in-store promo,85,438,35901.07,4,7.0
RB04772,2023-10-10,USA-EAST,Tropical Edition,extreme sports,85,371,24522.49,1,6.0
RB06308,2024-10-13,EUROPE-EU,Original Blue,f1 sponsorship,80,629,11264.4,1,8.0
RB05024,2024-06-24,TH-EAST,Tropical Edition,in-store promo,85,465,9008.92,2,2.0
RB08625,2024-10-25,USA-EAST,Krating Daeng 250,Social Media,60,654,5213.95,3,9.0
RB05073,2024-11-03,TH-NORTH,Original Blue,TV Ad,80,520,49743.18,4,10.0
RB06264,2023-01-28,TH-NORTH,Tropical Edition,extreme sports,85,475,24836.05,2,1.0
RB02942,2023-12-15,TH-CENTRAL,Original Blue,in-store promo,80,666,18479.52,3,9.0
RB05645,2023-08-15,TH-EAST,Red Edition,TV Ad,75,629,31662.0,4,8.0
RB01545-DUP,2023-11-09,TH-EAST,Red Edition,Social Media,75,530,53217.29,0,4.0
RB01873,2024-08-18,TH-NORTH,Tropical Edition,TV Ad,85,412,29272.62,2,9.0
RB00623,2024-11-20,USA-EAST,Krating Daeng 250,f1 sponsorship,60,695,27770.05,5,3.0
RB02733-DUP,2024-04-28,USA-EAST,Original Blue,extreme sports,80,510,32658.19,5,3.0
RB08402,2023-01-20,TH-CENTRAL,Red Edition,extreme sports,75,684,43306.56,1,4.0
RB00513,2023-03-02,EUROPE-EU,Krating Daeng 250,Social Media,60,636,48369.57,1,2.0
RB04995,2024-08-08,TH-SOUTH,Krating Daeng 250,extreme sports,60,576,47732.58,5,8.0
RB03559,2024-11-13,TH-SOUTH,Krating Daeng 250,f1 sponsorship,60,694,18199.03,2,6.0
RB08911,2024-09-22,EUROPE-EU,Original Blue,TV Ad,80,493,51155.0,0,8.0
RB09540,2024-09-09,TH-SOUTH,Sugarfree,TV Ad,90,731,14542.55,2,3.0
RB09432,2023-04-25,TH-CENTRAL,Sugarfree,Social Media,90,688,9685.25,2,8.0
RB03490-DUP,2024-01-20,TH-CENTRAL,Sugarfree,Social Media,90,345,42954.22,2,4.0
RB06002,2023-03-20,USA-EAST,Original Blue,f1 sponsorship,80,446,48462.75,0,1.0
RB03207,2024-09-19,TH-NORTH,Original Blue,extreme sports,80,599,49792.79,2,9.0
RB06042,2024-07-31,USA-EAST,Tropical Edition,extreme sports,85,566,41669.08,3,8.0
RB05252,2024-04-28,EUROPE-EU,Sugarfree,in-store promo,90,595,10449.15,1,9.0
RB08922,2023-12-25,USA-EAST,Krating Daeng 250,f1 sponsorship,60,492,35343.95,4,5.0
RB05180,2024-02-14,TH-CENTRAL,Tropical Edition,f1 sponsorship,85,553,9730.75,5,1.0
RB01878,2023-02-05,USA-WEST,Sugarfree,f1 sponsorship,90,650,54928.63,2,6.0
RB02709,2023-12-19,USA-EAST,Red Edition,Social Media,75,316,32205.09,2,7.0
RB07075,2024-09-22,TH-CENTRAL,Krating Daeng 250,in-store promo,60,657,32658.19,0,4.0
RB02034,2023-03-27,USA-EAST,Sugarfree,in-store promo,90,528,11351.33,3,10.0
RB09015,2023-04-26,TH-NORTH,Tropical Edition,Social Media,85,561,32658.19,1,7.0
RB07304,2024-08-24,ASIA-PACIFIC,Red Edition,extreme sports,75,492,19270.5,2,3.0
RB08872,2023-03-22,TH-EAST,Original Blue,extreme sports,80,723,7615.46,4,8.0
RB08595,2024-11-11,USA-EAST,Original Blue,Social Media,80,420,59228.06,4,3.0
RB03390,2024-02-22,TH-NORTH,Original Blue,Social Media,80,306,44912.46,1,10.0
RB04535,2024-01-22,TH-CENTRAL,Original Blue,in-store promo,80,571,8450.95,3,7.0
RB01457,2024-09-19,EUROPE-EU,Sugarfree,f1 sponsorship,90,680,33530.74,1,4.0
RB02540,2024-03-21,USA-WEST,Krating Daeng 250,f1 sponsorship,60,427,49092.32,3,10.0
RB02951,2023-08-02,TH-CENTRAL,Original Blue,TV Ad,80,494,32532.45,3,9.0
RB00949,2023-05-20,TH-EAST,Original Blue,f1 sponsorship,80,559,34508.55,2,7.0
RB08257,2024-04-08,EUROPE-EU,Sugarfree,TV Ad,90,536,10189.29,3,3.0
RB01714,2024-09-22,USA-WEST,Original Blue,f1 sponsorship,80,427,6669.9,1,3.0
RB09213-DUP,2023-01-22,TH-CENTRAL,Red Edition,in-store promo,75,486,27783.41,1,3.0
RB08182,2023-04-24,USA-EAST,Tropical Edition,extreme sports,85,516,17899.19,4,5.0
RB04824,2023-02-16,TH-NORTH,Red Edition,extreme sports,75,362,23132.75,5,8.0
RB00717,2024-09-06,TH-EAST,Sugarfree,extreme sports,90,389,49085.2,4,6.0
RB00486,2024-04-18,TH-CENTRAL,Sugarfree,in-store promo,90,451,42143.66,3,10.0
RB04521,2023-08-21,USA-EAST,Sugarfree,Social Media,90,558,53902.98,5,6.0
RB00955,2023-11-28,TH-CENTRAL,Krating Daeng 250,TV Ad,60,712,56377.93,2,7.0
RB03043,2023-12-11,USA-WEST,Sugarfree,in-store promo,90,688,46857.29,2,8.0
RB02069,2024-03-03,EUROPE-EU,Tropical Edition,extreme sports,85,504,10807.61,2,2.0
RB06704,2024-11-27,TH-EAST,Sugarfree,extreme sports,90,354,27898.5,1,9.0
RB05900-DUP,2024-04-10,USA-EAST,Krating Daeng 250,in-store promo,60,553,17222.34,0,5.0
RB02793,2024-02-02,TH-SOUTH,Sugarfree,f1 sponsorship,90,617,31219.99,2,6.0
RB04822,2024-09-27,TH-SOUTH,Sugarfree,f1 sponsorship,90,521,53296.39,1,4.0
RB01848,2023-01-22,USA-EAST,Sugarfree,in-store promo,90,384,32658.19,0,9.0
RB04398,2024-02-23,USA-EAST,Krating Daeng 250,f1 sponsorship,60,618,35630.3,2,6.0
RB03037,2024-08-26,TH-NORTH,Sugarfree,in-store promo,90,474,35460.1,0,7.0
RB08353,2024-04-15,USA-EAST,Original Blue,TV Ad,80,638,33912.47,5,9.0
RB07004,2023-06-21,TH-EAST,Red Edition,extreme sports,75,465,9421.35,2,8.0
RB00358,2023-06-01,TH-EAST,Krating Daeng 250,extreme sports,60,460,27694.33,3,6.0
RB00239,2024-11-03,USA-WEST,Red Edition,in-store promo,75,575,48105.02,1,6.0
RB00811,2024-02-12,USA-WEST,Sugarfree,Social Media,90,608,19951.77,3,4.0
RB02892,2024-06-13,EUROPE-EU,Original Blue,in-store promo,80,514,43956.75,3,4.0
RB05599,2023-02-17,TH-NORTH,Krating Daeng 250,Social Media,60,612,10469.2,5,4.0
RB02519,2024-05-30,TH-NORTH,Red Edition,f1 sponsorship,75,595,31064.66,2,4.0
RB05465,2024-03-20,TH-NORTH,Red Edition,extreme sports,75,533,59464.73,0,6.0
RB02427,2024-03-13,TH-CENTRAL,Original Blue,in-store promo,80,507,51400.88,0,4.0
RB01712,2023-07-04,TH-NORTH,Sugarfree,TV Ad,90,583,14888.21,1,5.0
RB09147,2023-10-17,USA-EAST,Red Edition,Social Media,75,490,32658.19,5,9.0
RB08635,2023-03-09,TH-NORTH,Sugarfree,in-store promo,90,613,9375.44,5,5.0
RB01454,2024-06-14,USA-WEST,Tropical Edition,Social Media,85,626,32826.2,2,10.0
RB01682,2024-09-15,ASIA-PACIFIC,Sugarfree,extreme sports,90,452,38506.78,3,8.0
RB00503,2024-02-11,TH-SOUTH,Tropical Edition,extreme sports,85,601,35205.33,2,1.0
RB05069,2023-01-28,TH-SOUTH,Red Edition,TV Ad,75,543,23997.11,2,7.0
RB09512,2024-01-10,TH-NORTH,Tropical Edition,TV Ad,85,240,49463.67,1,10.0
RB09587,2023-11-27,USA-EAST,Tropical Edition,TV Ad,85,735,48016.75,1,1.0
RB05972,2024-09-22,TH-EAST,Original Blue,TV Ad,80,458,12324.63,4,6.0
RB06202,2024-05-17,USA-WEST,Tropical Edition,extreme sports,85,504,22996.96,2,7.0
RB02477,2023-12-24,USA-EAST,Sugarfree,in-store promo,90,697,15247.47,3,8.0
RB09552,2024-09-29,TH-CENTRAL,Krating Daeng 250,extreme sports,60,499,25443.64,0,6.0
RB09368,2024-06-13,USA-EAST,Sugarfree,f1 sponsorship,90,580,5101.02,2,4.0
RB00315-DUP,2023-01-29,TH-SOUTH,Original Blue,in-store promo,80,451,35275.55,0,8.0
RB04542,2024-01-11,USA-EAST,Sugarfree,Social Media,90,513,39676.76,2,6.0
RB08776,2023-08-17,TH-NORTH,Krating Daeng 250,f1 sponsorship,60,424,22836.76,0,8.0
RB05540,2024-12-09,TH-CENTRAL,Original Blue,f1 sponsorship,80,768,57498.91,2,9.0
RB04037,2024-04-21,TH-NORTH,Red Edition,Social Media,75,594,30260.52,2,6.0
RB03787,2023-07-31,TH-CENTRAL,Tropical Edition,Social Media,85,679,54568.35,1,10.0
RB02439-DUP,2024-02-29,USA-EAST,Krating Daeng 250,f1 sponsorship,60,511,11707.95,1,6.0
RB06203,2024-12-04,EUROPE-EU,Original Blue,in-store promo,80,677,45011.71,2,10.0
RB07840,2023-12-04,TH-EAST,Red Edition,f1 sponsorship,75,495,41769.04,1,6.0
RB06160,2023-07-09,USA-EAST,Original Blue,f1 sponsorship,80,524,27560.39,3,6.0
RB01624,2023-07-20,USA-EAST,Red Edition,f1 sponsorship,75,654,11840.41,5,9.0
RB05527,2024-09-06,EUROPE-EU,Original Blue,TV Ad,80,580,8912.46,5,3.0
RB00236,2024-04-14,USA-EAST,Krating Daeng 250,TV Ad,60,504,40834.66,0,5.0
RB03339,2023-07-05,USA-WEST,Red Edition,extreme sports,75,418,14627.26,5,10.0
RB08955,2024-09-14,TH-NORTH,Tropical Edition,Social Media,85,769,58421.57,3,8.0
RB02919,2023-07-22,EUROPE-EU,Krating Daeng 250,in-store promo,60,544,32657.42,3,5.0
RB07145,2024-05-29,USA-WEST,Sugarfree,in-store promo,90,461,33618.9,1,6.0
RB05010,2024-07-27,ASIA-PACIFIC,Original Blue,extreme sports,80,540,28516.97,4,1.0
RB08844,2023-12-31,TH-EAST,Sugarfree,f1 sponsorship,90,657,36810.02,1,10.0
RB05048,2024-11-25,TH-NORTH,Red Edition,extreme sports,75,485,58692.74,38,10.0
RB00524,2024-05-22,TH-SOUTH,Krating Daeng 250,extreme sports,60,681,10665.29,2,4.0
RB04823,2024-08-07,TH-SOUTH,Tropical Edition,Social Media,85,784,17356.2,1,4.0
RB04971,2024-02-12,TH-CENTRAL,Sugarfree,extreme sports,90,607,49065.86,1,6.0
RB09598,2023-04-23,TH-NORTH,Krating Daeng 250,in-store promo,60,649,41290.09,2,6.0
RB07734,2023-05-23,ASIA-PACIFIC,Tropical Edition,extreme sports,85,499,38370.16,2,6.0
RB01699,2024-11-04,EUROPE-EU,Sugarfree,in-store promo,90,570,39073.61,2,4.0
RB08322,2023-10-09,TH-CENTRAL,Krating Daeng 250,in-store promo,60,639,56884.18,3,6.0
RB02761,2024-06-28,TH-NORTH,Red Edition,TV Ad,75,542,50127.42,3,7.0
RB04494,2024-06-16,USA-EAST,Tropical Edition,TV Ad,85,529,11149.38,4,9.0
RB01526,2024-02-25,TH-SOUTH,Original Blue,in-store promo,80,584,58798.97,2,7.0
RB08913,2023-11-30,USA-EAST,Original Blue,f1 sponsorship,80,295,34729.43,1,4.0
RB05225,2024-01-03,TH-SOUTH,Krating Daeng 250,f1 sponsorship,60,689,51131.73,1,9.0
RB04091,2024-11-29,TH-CENTRAL,Sugarfree,extreme sports,90,640,32372.82,1,8.0
RB07977,2024-03-17,ASIA-PACIFIC,Sugarfree,in-store promo,90,688,49936.22,2,8.0
RB07140,2024-05-02,USA-EAST,Red Edition,extreme sports,75,815,53638.1,3,6.0
RB00787,2023-01-25,TH-NORTH,Tropical Edition,Social Media,85,443,13445.84,1,6.0
RB08443,2023-01-04,USA-EAST,Tropical Edition,extreme sports,85,478,58371.96,2,8.0
RB08552-DUP,2023-11-17,TH-CENTRAL,Red Edition,in-store promo,75,603,15632.98,2,7.0
RB05023,2024-05-22,TH-SOUTH,Red Edition,extreme sports,75,570,52680.44,3,3.0
RB02001,2023-02-20,TH-CENTRAL,Sugarfree,f1 sponsorship,90,635,18835.88,2,7.0
RB08609,2024-04-07,USA-WEST,Tropical Edition,in-store promo,85,321,8484.82,3,6.0
RB05795,2023-06-20,USA-EAST,Krating Daeng 250,f1 sponsorship,60,574,32658.19,0,7.0
RB00312,2024-09-19,TH-CENTRAL,Tropical Edition,f1 sponsorship,85,491,46377.41,2,9.0
RB06921,2023-01-13,TH-CENTRAL,Sugarfree,f1 sponsorship,90,657,55941.77,3,10.0
RB03304,2023-12-02,TH-CENTRAL,Krating Daeng 250,f1 sponsorship,60,554,31548.77,3,3.0
RB08646,2024-05-12,TH-CENTRAL,Krating Daeng 250,extreme sports,60,438,22858.06,3,5.0
RB08655,2023-08-14,EUROPE-EU,Krating Daeng 250,Social Media,60,642,34856.57,1,3.0
RB02609,2024-03-12,TH-CENTRAL,Original Blue,extreme sports,80,518,32664.32,5,7.0
RB00822,2024-02-15,TH-SOUTH,Tropical Edition,Social Media,85,645,32658.19,3,9.0
RB09436,2024-09-25,TH-NORTH,Original Blue,in-store promo,80,614,28238.94,1,7.0
RB00402,2024-07-05,USA-EAST,Red Edition,f1 sponsorship,75,471,10357.97,4,6.0
RB03497,2024-11-07,TH-SOUTH,Krating Daeng 250,f1 sponsorship,60,423,34439.66,3,7.0
RB05148,2024-06-20,TH-CENTRAL,Red Edition,extreme sports,75,382,37107.11,2,3.0
RB06108,2023-05-09,TH-NORTH,Tropical Edition,Social Media,85,572,50032.58,0,9.0
RB01585,2024-01-19,USA-WEST,Krating Daeng 250,f1 sponsorship,60,551,41878.84,3,8.0
RB02024,2023-02-26,TH-CENTRAL,Krating Daeng 250,Social Media,60,414,37105.23,4,6.0
RB07344,2023-11-07,USA-WEST,Tropical Edition,in-store promo,85,698,56112.94,0,7.0
RB02742,2024-11-12,TH-EAST,Krating Daeng 250,TV Ad,60,587,57567.68,2,3.0
RB02515,2023-09-25,TH-CENTRAL,Tropical Edition,extreme sports,85,538,55597.01,2,7.0
RB06463,2023-11-29,TH-EAST,Krating Daeng 250,Social Media,60,518,40048.5,3,7.0
RB03295,2023-05-06,TH-CENTRAL,Sugarfree,f1 sponsorship,90,733,8406.69,3,6.0
RB00384,2023-03-07,TH-CENTRAL,Sugarfree,in-store promo,90,445,28984.52,3,9.0
RB05481,2024-03-04,TH-NORTH,Original Blue,TV Ad,80,547,24981.82,5,5.0
RB00991,2024-12-09,TH-NORTH,Krating Daeng 250,TV Ad,60,643,12231.29,4,5.0
RB06199,2023-02-06,TH-CENTRAL,Sugarfree,Social Media,90,397,46732.54,3,3.0
RB07766,2023-01-08,TH-NORTH,Red Edition,in-store promo,75,474,6748.53,0,7.0
RB07815,2024-10-10,TH-NORTH,Original Blue,TV Ad,80,422,32658.19,0,6.0
RB05250,2024-07-17,TH-NORTH,Red Edition,f1 sponsorship,75,379,42577.44,3,7.0
RB05778,2024-02-07,TH-CENTRAL,Red Edition,Social Media,75,397,1852061.92,4,6.0
RB07455,2024-07-15,EUROPE-EU,Original Blue,TV Ad,80,679,39673.17,3,2.0
RB07502,2023-08-22,USA-WEST,Tropical Edition,f1 sponsorship,85,438,14455.98,2,5.0
RB04548,2023-10-16,EUROPE-EU,Sugarfree,Social Media,90,608,54711.69,1,2.0
RB06139,2023-09-14,TH-SOUTH,Sugarfree,extreme sports,90,568,21002.57,2,10.0
RB04694,2023-10-06,EUROPE-EU,Sugarfree,in-store promo,90,208,17467.08,3,3.0
RB03882,2023-01-06,TH-NORTH,Sugarfree,Social Media,90,609,41813.67,3,6.0
RB00569,2023-04-12,USA-EAST,Tropical Edition,Social Media,85,427,15025.35,1,7.0
RB06552,2023-10-06,ASIA-PACIFIC,Krating Daeng 250,Social Media,60,500,10426.98,4,9.0
RB01464,2023-02-03,USA-WEST,Red Edition,TV Ad,75,478,32658.19,5,10.0
RB07605,2023-05-30,ASIA-PACIFIC,Sugarfree,Social Media,90,465,6226.99,4,6.0
RB06310,2024-09-17,TH-CENTRAL,Tropical Edition,TV Ad,85,650,31763.67,2,4.0
RB02961,2023-08-20,TH-EAST,Sugarfree,Social Media,90,451,40427.81,0,9.0
RB00193,2023-08-26,TH-EAST,Original Blue,in-store promo,80,675,49018.56,0,9.0
RB05171,2023-03-30,TH-CENTRAL,Original Blue,TV Ad,80,432,6586.9,5,5.0
RB02445,2024-11-19,TH-CENTRAL,Krating Daeng 250,TV Ad,60,633,45387.33,5,4.0
RB04163,2023-04-10,TH-SOUTH,Krating Daeng 250,in-store promo,60,330,25487.38,3,7.0
RB09431,2024-07-01,EUROPE-EU,Tropical Edition,in-store promo,85,516,53263.59,3,4.0
RB02040,2024-09-08,TH-NORTH,Tropical Edition,extreme sports,85,611,44820.9,1,3.0
RB08475,2023-10-08,USA-WEST,Tropical Edition,Social Media,85,659,59662.46,3,10.0
RB06416,2024-03-23,USA-WEST,Tropical Edition,in-store promo,85,639,27058.99,1,6.0
RB02529,2024-04-23,TH-CENTRAL,Red Edition,f1 sponsorship,75,619,29417.92,3,7.0
RB03710,2023-10-03,USA-EAST,Original Blue,TV Ad,80,688,45185.06,4,7.0
RB08908-DUP,2024-01-23,TH-EAST,Red Edition,in-store promo,75,506,42037.26,2,9.0
RB04002,2024-11-05,USA-EAST,Tropical Edition,extreme sports,85,544,5916.44,4,8.0
RB07583,2024-08-25,EUROPE-EU,Original Blue,Social Media,80,579,5081.14,2,7.0
RB02471,2024-09-17,USA-WEST,Sugarfree,extreme sports,90,466,34371.96,2,7.0
RB08777,2023-07-18,TH-SOUTH,Sugarfree,TV Ad,90,762,11630.88,1,8.0
RB04084,2023-11-25,USA-EAST,Tropical Edition,f1 sponsorship,85,664,51883.5,3,5.0
RB08597,2023-05-29,USA-EAST,Red Edition,in-store promo,75,659,43525.94,3,6.0
RB07342,2024-08-18,TH-NORTH,Tropical Edition,f1 sponsorship,85,511,27742.18,0,7.0
RB04880,2024-08-19,TH-CENTRAL,Red Edition,Social Media,75,723,40035.58,2,5.0
RB08675,2024-03-22,USA-WEST,Tropical Edition,Social Media,85,433,46598.04,2,7.0
RB03325,2023-02-18,EUROPE-EU,Krating Daeng 250,in-store promo,60,471,38417.62,3,8.0
RB01600,2023-11-04,TH-CENTRAL,Tropical Edition,extreme sports,85,604,43804.0,5,9.0
RB03894,2023-11-21,EUROPE-EU,Red Edition,TV Ad,75,656,13532.02,2,7.0
RB04957,2023-10-28,TH-NORTH,Sugarfree,in-store promo,90,471,31819.53,3,10.0
RB06662,2023-09-14,TH-NORTH,Krating Daeng 250,extreme sports,60,649,5181.98,3,3.0
RB01066,2023-06-13,TH-NORTH,Tropical Edition,extreme sports,85,558,45033.17,4,9.0
RB00164,2023-01-11,TH-SOUTH,Sugarfree,f1 sponsorship,90,538,52822.19,2,7.0
RB01623,2023-12-18,USA-EAST,Sugarfree,Social Media,90,344,24536.37,2,3.0
RB06625,2023-10-08,TH-CENTRAL,Sugarfree,Social Media,90,404,17839.56,2,7.0
RB00703,2023-11-25,TH-CENTRAL,Krating Daeng 250,TV Ad,60,568,9878.52,0,6.0
RB07793,2024-06-17,USA-WEST,Original Blue,in-store promo,80,586,8038.08,5,4.0
RB03554,2023-03-21,TH-CENTRAL,Red Edition,extreme sports,75,768,37543.8,5,3.0
RB06276,2023-03-28,USA-EAST,Original Blue,in-store promo,80,429,44411.05,0,8.0
RB07371,2023-07-13,USA-WEST,Sugarfree,in-store promo,90,578,43518.51,0,6.0
RB06963,2023-05-28,TH-CENTRAL,Original Blue,TV Ad,80,559,34850.04,2,4.0
RB06467,2023-07-08,TH-EAST,Original Blue,in-store promo,80,424,27472.62,1,5.0
RB00022,2023-02-20,TH-EAST,Krating Daeng 250,f1 sponsorship,60,324,37247.77,2,10.0
RB07554,2024-12-31,TH-CENTRAL,Original Blue,f1 sponsorship,80,342,23652.31,2,3.0
RB02904-DUP,2023-05-04,TH-EAST,Sugarfree,in-store promo,90,447,51473.28,1,7.0
RB01839,2023-01-30,USA-EAST,Red Edition,in-store promo,75,523,10058.52,2,10.0
RB00423,2024-10-31,USA-EAST,Tropical Edition,TV Ad,85,506,25364.55,0,7.0
RB08180,2023-09-30,TH-SOUTH,Tropical Edition,TV Ad,85,714,5721.62,2,6.0
RB00186,2024-10-05,TH-CENTRAL,Krating Daeng 250,extreme sports,60,781,49193.49,2,4.0
RB04443,2023-05-10,TH-NORTH,Original Blue,TV Ad,80,546,12125.82,2,9.0
RB01552,2023-06-24,USA-EAST,Red Edition,TV Ad,75,662,16077.15,5,8.0
RB07373,2023-03-13,USA-EAST,Tropical Edition,Social Media,85,461,23885.1,1,9.0
RB09267,2024-02-06,TH-CENTRAL,Red Edition,TV Ad,75,512,52288.94,1,6.0
RB07012,2023-06-19,TH-SOUTH,Original Blue,in-store promo,80,359,10038.12,1,8.0
RB00860,2024-05-12,USA-EAST,Original Blue,Social Media,80,297,50884.51,5,5.0
RB07366,2023-10-01,USA-EAST,Red Edition,Social Media,75,507,29542.46,5,9.0
RB04388,2024-03-20,EUROPE-EU,Red Edition,extreme sports,75,546,22718.27,0,9.0
RB02840,2024-10-24,USA-WEST,Red Edition,in-store promo,75,391,20754.31,2,10.0
RB07737,2024-08-21,TH-EAST,Tropical Edition,in-store promo,85,654,44641.33,0,5.0
RB06680,2024-06-11,TH-NORTH,Krating Daeng 250,Social Media,60,347,44231.68,2,5.0
RB07521,2024-10-28,USA-EAST,Krating Daeng 250,extreme sports,60,530,41536.39,2,7.0
RB06206,2024-12-22,TH-EAST,Red Edition,extreme sports,75,446,23336.78,2,6.0
RB04584-DUP,2024-12-21,USA-EAST,Original Blue,Social Media,80,546,32884.93,0,6.0
RB01520,2023-02-14,TH-NORTH,Red Edition,in-store promo,75,520,44394.57,4,3.0
RB03191,2023-04-16,TH-CENTRAL,Krating Daeng 250,f1 sponsorship,60,552,29669.82,3,6.0
RB07038,2024-05-27,TH-NORTH,Sugarfree,TV Ad,90,249,38774.68,3,9.0
RB08219,2024-02-28,EUROPE-EU,Tropical Edition,extreme sports,85,325,10121.36,1,6.0
RB02614,2023-06-11,TH-CENTRAL,Original Blue,TV Ad,80,408,9539.87,2,7.0
RB03826,2023-05-19,USA-WEST,Krating Daeng 250,extreme sports,60,578,14732.45,4,7.0
RB09098,2024-12-19,TH-CENTRAL,Krating Daeng 250,TV Ad,60,566,36206.95,1,4.0
RB08791,2024-03-01,TH-CENTRAL,Red Edition,f1 sponsorship,75,518,37540.14,5,2.0
RB08041,2023-01-16,ASIA-PACIFIC,Sugarfree,extreme sports,90,383,11404.95,1,4.0
RB04230,2023-11-06,TH-CENTRAL,Tropical Edition,extreme sports,85,361,32658.19,1,7.0
RB02501,2023-06-10,TH-NORTH,Original Blue,in-store promo,80,557,28035.23,1,5.0
RB08852,2023-12-27,USA-EAST,Red Edition,f1 sponsorship,75,508,55036.84,2,9.0
RB04238,2023-09-26,TH-CENTRAL,Red Edition,Social Media,75,615,42131.49,2,6.0
RB04370,2023-12-23,USA-WEST,Sugarfree,f1 sponsorship,90,354,46748.48,1,9.0
RB01530,2023-02-28,TH-CENTRAL,Red Edition,extreme sports,75,543,21446.15,2,6.0
RB02561,2024-10-08,TH-CENTRAL,Original Blue,Social Media,80,521,7082.82,5,2.0
RB07328,2024-11-18,TH-EAST,Sugarfree,extreme sports,90,459,8119.46,2,7.0
RB04759,2024-06-21,TH-EAST,Red Edition,Social Media,75,599,28905.34,2,6.0
RB00037,2024-06-16,TH-SOUTH,Sugarfree,in-store promo,90,403,16603.76,1,6.0
RB02975,2023-11-18,TH-SOUTH,Tropical Edition,extreme sports,85,658,5148.78,0,10.0
RB01378,2023-03-05,EUROPE-EU,Krating Daeng 250,in-store promo,60,336,28671.69,2,7.0
RB01231,2024-09-27,TH-EAST,Original Blue,f1 sponsorship,80,406,42418.11,3,7.0
RB00502,2023-07-05,USA-WEST,Original Blue,in-store promo,80,617,31141.61,5,6.0
RB04505,2024-08-22,TH-SOUTH,Krating Daeng 250,extreme sports,60,339,17906.06,3,7.0
RB08244,2024-10-03,USA-WEST,Original Blue,TV Ad,80,554,41854.7,2,9.0
RB02485,2024-02-07,TH-EAST,Krating Daeng 250,TV Ad,60,425,13070.84,2,10.0
RB04935,2024-03-21,USA-EAST,Red Edition,f1 sponsorship,75,586,57312.69,5,6.0
RB00757,2024-07-28,USA-EAST,Krating Daeng 250,Social Media,60,688,5629.43,5,7.0
RB03854,2023-08-12,EUROPE-EU,Tropical Edition,f1 sponsorship,85,679,10175.01,4,8.0
RB00273,2024-06-15,USA-EAST,Original Blue,TV Ad,80,462,36528.18,3,8.0
RB06419,2024-08-15,USA-EAST,Red Edition,in-store promo,75,502,34002.17,1,6.0
RB02858,2024-04-06,TH-CENTRAL,Krating Daeng 250,extreme sports,60,873,8853.68,2,9.0
RB04619,2023-07-06,USA-EAST,Original Blue,f1 sponsorship,80,652,44844.54,2,10.0
RB02030-DUP,2024-02-22,TH-NORTH,Red Edition,in-store promo,75,531,10885.91,3,8.0
RB08203,2024-06-06,TH-CENTRAL,Tropical Edition,in-store promo,85,667,30641.49,1,5.0
RB05520,2024-05-11,TH-EAST,Red Edition,in-store promo,75,486,35081.46,3,6.0
RB08692,2023-05-20,TH-EAST,Original Blue,f1 sponsorship,80,465,54069.92,0,8.0
RB03631,2024-03-30,EUROPE-EU,Sugarfree,Social Media,90,641,38700.66,4,3.0
RB05336,2024-05-14,TH-CENTRAL,Red Edition,in-store promo,75,644,50765.22,4,6.0
RB04793,2024-07-25,TH-SOUTH,Krating Daeng 250,in-store promo,60,409,5615.3,4,7.0
RB08997,2023-07-01,USA-WEST,Sugarfree,f1 sponsorship,90,680,41998.15,2,4.0
RB05475,2023-10-13,ASIA-PACIFIC,Sugarfree,in-store promo,90,753,32658.19,2,9.0
RB01651,2023-03-23,USA-EAST,Krating Daeng 250,Social Media,60,667,31427.65,0,6.0
RB03986,2023-10-17,TH-NORTH,Tropical Edition,TV Ad,85,547,42839.43,0,6.0
RB07872,2024-06-09,TH-CENTRAL,Red Edition,f1 sponsorship,75,722,42364.79,4,3.0
RB09245,2023-10-28,USA-EAST,Original Blue,TV Ad,80,597,48324.93,2,6.0
RB07806,2024-09-28,EUROPE-EU,Original Blue,f1 sponsorship,80,375,32658.19,0,2.0
RB08049,2024-05-30,EUROPE-EU,Tropical Edition,Social Media,85,221,6302.88,1,8.0
RB07106,2024-09-08,TH-CENTRAL,Red Edition,extreme sports,75,531,21232.27,3,2.0
RB06044,2024-10-21,TH-CENTRAL,Krating Daeng 250,TV Ad,60,668,14895.98,3,9.0
RB03528,2023-01-09,EUROPE-EU,Krating Daeng 250,TV Ad,60,684,18916.35,5,7.0
RB01945,2024-12-01,TH-NORTH,Tropical Edition,in-store promo,85,424,22887.11,4,7.0
RB08248,2023-12-11,TH-NORTH,Red Edition,in-store promo,75,563,19124.99,5,6.0
RB09519,2023-05-28,TH-CENTRAL,Sugarfree,f1 sponsorship,90,955,37020.76,1,3.0
RB05512,2024-09-08,TH-NORTH,Red Edition,extreme sports,75,644,16089.58,0,7.0
RB00468,2023-02-13,TH-CENTRAL,Tropical Edition,f1 sponsorship,85,330,28649.38,2,4.0
RB02750,2024-05-30,USA-EAST,Original Blue,f1 sponsorship,80,718,10192.36,4,5.0
RB01291,2023-08-01,USA-EAST,Original Blue,in-store promo,80,796,43814.6,3,6.0
RB02405,2024-04-19,EUROPE-EU,Tropical Edition,TV Ad,85,704,45563.69,1,6.0
RB04827,2023-01-09,TH-CENTRAL,Krating Daeng 250,extreme sports,60,539,16997.11,0,4.0
RB08229,2024-05-16,TH-SOUTH,Sugarfree,in-store promo,90,585,20089.58,1,5.0
RB07215,2024-06-18,TH-NORTH,Tropical Edition,f1 sponsorship,85,796,36127.39,3,9.0
RB05184-DUP,2023-05-02,TH-NORTH,Red Edition,TV Ad,75,661,45730.91,2,5.0
RB08276,2023-03-30,USA-EAST,Sugarfree,Social Media,90,431,33073.82,2,3.0
RB08830,2023-04-02,TH-EAST,Tropical Edition,in-store promo,85,495,26093.87,2,9.0
RB00257,2024-03-03,USA-EAST,Krating Daeng 250,f1 sponsorship,60,678,33238.21,1,6.0
RB03839,2023-07-29,TH-CENTRAL,Krating Daeng 250,Social Media,60,659,41552.63,3,7.0
RB05132,2024-05-15,EUROPE-EU,Krating Daeng 250,f1 sponsorship,60,729,14588.7,2,6.0
RB03746,2024-01-31,TH-EAST,Sugarfree,f1 sponsorship,90,291,33038.55,1,1.0
RB03523,2024-08-13,USA-WEST,Krating Daeng 250,f1 sponsorship,60,542,20949.87,0,8.0
RB01185,2024-06-13,TH-EAST,Krating Daeng 250,TV Ad,60,568,58687.78,5,7.0
RB09503,2024-07-12,TH-NORTH,Original Blue,extreme sports,80,422,51688.5,3,2.0
RB02992,2023-10-24,TH-EAST,Red Edition,TV Ad,75,395,49604.51,5,5.0
RB08184-DUP,2023-09-09,TH-SOUTH,Sugarfree,Social Media,90,462,27707.36,3,1.0
RB06669,2024-08-17,TH-SOUTH,Red Edition,Social Media,75,581,52968.48,1,8.0
RB05291,2024-01-02,TH-NORTH,Red Edition,in-store promo,75,724,51547.53,2,3.0
RB06034,2024-11-10,USA-EAST,Original Blue,extreme sports,80,432,16214.08,2,7.0
RB00017,2023-05-02,TH-SOUTH,Sugarfree,TV Ad,90,545,21771.21,4,6.0
RB05210,2024-04-15,TH-EAST,Sugarfree,extreme sports,90,731,58077.44,4,5.0
RB06399,2024-12-08,TH-CENTRAL,Tropical Edition,f1 sponsorship,85,393,52447.43,3,7.0
RB02406,2024-02-23,TH-EAST,Tropical Edition,Social Media,85,706,37952.3,1,6.0
RB04498,2023-11-28,TH-CENTRAL,Original Blue,in-store promo,80,517,51235.86,5,8.0
RB00474,2024-06-14,TH-CENTRAL,Original Blue,extreme sports,80,380,32199.05,1,10.0
RB03095,2024-05-05,TH-EAST,Red Edition,extreme sports,75,503,17717.72,3,4.0
RB03977,2024-06-13,TH-NORTH,Original Blue,TV Ad,80,308,9077.97,3,1.0
RB00342,2023-08-12,TH-SOUTH,Original Blue,extreme sports,80,379,35478.58,4,7.0
RB03422,2023-05-10,USA-EAST,Red Edition,TV Ad,75,279,44069.75,4,5.0
RB07558-DUP,2023-10-28,TH-CENTRAL,Sugarfree,Social Media,90,557,43126.58,2,4.0
RB01589,2023-09-29,TH-CENTRAL,Red Edition,Social Media,75,564,57361.31,3,10.0
RB08033,2024-07-11,TH-EAST,Red Edition,extreme sports,75,559,56755.52,3,7.0
RB08453,2024-06-29,EUROPE-EU,Original Blue,extreme sports,80,589,36602.41,1,6.0
RB09473,2023-08-28,TH-EAST,Tropical Edition,extreme sports,85,402,25492.1,0,9.0
RB08459,2024-11-17,TH-SOUTH,Krating Daeng 250,TV Ad,60,387,32658.19,3,6.0
RB01077,2023-04-20,TH-NORTH,Tropical Edition,in-store promo,85,536,32963.15,1,4.0
RB06064,2023-08-16,TH-CENTRAL,Tropical Edition,f1 sponsorship,85,512,22718.65,4,6.0
RB03534,2023-04-16,TH-NORTH,Tropical Edition,extreme sports,85,610,12718.72,0,5.0
RB01985,2024-07-27,TH-CENTRAL,Tropical Edition,TV Ad,85,589,34841.77,5,9.0
RB06018,2024-05-10,TH-NORTH,Tropical Edition,TV Ad,85,639,11042.56,3,6.0
RB05644,2024-04-01,TH-NORTH,Sugarfree,TV Ad,90,615,9212.67,2,7.0
RB05126,2024-04-09,TH-NORTH,Original Blue,extreme sports,80,484,35104.33,1,6.0
RB05378,2024-03-18,TH-NORTH,Sugarfree,Social Media,90,524,13368.0,1,7.0
RB02297,2024-06-05,USA-EAST,Red Edition,in-store promo,75,500,58402.64,2,1.0
RB08496,2023-07-23,TH-CENTRAL,Krating Daeng 250,in-store promo,60,570,19860.27,2,4.0
RB03224,2024-09-12,TH-CENTRAL,Original Blue,TV Ad,80,555,54204.1,1,2.0
RB09061,2024-10-31,TH-CENTRAL,Tropical Edition,in-store promo,85,425,58308.7,3,9.0
RB01149,2024-01-13,USA-WEST,Sugarfree,extreme sports,90,498,18433.95,1,1.0
RB08559,2023-06-20,USA-EAST,Original Blue,TV Ad,80,497,24775.22,2,10.0
RB05230,2023-10-04,TH-NORTH,Red Edition,Social Media,75,726,49428.1,1,6.0
RB07536,2024-12-12,USA-WEST,Sugarfree,in-store promo,90,466,28899.41,1,4.0
RB03283,2024-09-12,TH-NORTH,Original Blue,f1 sponsorship,80,703,20986.75,2,5.0
RB06496,2023-01-13,USA-EAST,Original Blue,f1 sponsorship,80,510,21199.87,1,4.0
RB06025,2023-04-26,TH-SOUTH,Krating Daeng 250,TV Ad,60,306,12363.61,3,1.0
RB08408,2024-08-16,TH-SOUTH,Red Edition,f1 sponsorship,75,672,28753.14,2,6.0
RB00027,2023-03-10,TH-EAST,Tropical Edition,f1 sponsorship,85,559,32716.71,4,4.0
RB03611,2023-07-24,TH-CENTRAL,Tropical Edition,in-store promo,85,580,15346.12,0,5.0
RB01130,2024-02-12,ASIA-PACIFIC,Sugarfree,Social Media,90,424,8823.73,2,5.0
RB02311,2024-10-17,TH-NORTH,Tropical Edition,extreme sports,85,609,10785.89,4,7.0
RB01674,2024-06-15,USA-EAST,Sugarfree,TV Ad,90,698,34182.1,2,6.0
RB02382,2023-12-19,EUROPE-EU,Sugarfree,TV Ad,90,841,14964.11,1,6.0
RB06580,2024-03-05,TH-NORTH,Krating Daeng 250,Social Media,60,478,51160.68,2,6.0
RB09485,2024-02-02,TH-CENTRAL,Krating Daeng 250,in-store promo,60,590,51612.35,3,5.0
RB02195,2023-12-04,TH-NORTH,Original Blue,Social Media,80,434,28309.93,3,6.0
RB05013,2023-07-21,EUROPE-EU,Original Blue,extreme sports,80,610,33624.98,1,3.0
RB09041,2024-03-17,TH-EAST,Tropical Edition,Social Media,85,583,14324.93,1,4.0
RB06543,2024-12-09,TH-CENTRAL,Krating Daeng 250,in-store promo,60,529,11539.74,4,4.0
RB02716,2024-03-21,USA-EAST,Red Edition,Social Media,75,721,41821.87,2,3.0
RB05120,2024-04-29,TH-CENTRAL,Original Blue,TV Ad,80,494,20738.41,0,5.0
RB03863,2024-03-08,TH-NORTH,Red Edition,f1 sponsorship,75,694,17095.48,2,6.0
RB07298,2023-12-22,ASIA-PACIFIC,Sugarfree,in-store promo,90,605,30418.47,0,6.0
RB00234,2023-07-22,TH-NORTH,Krating Daeng 250,TV Ad,60,505,24005.37,1,4.0
RB02200,2024-12-21,USA-EAST,Sugarfree,Social Media,90,759,10192.64,2,7.0
RB06441,2024-12-23,TH-CENTRAL,Sugarfree,extreme sports,90,573,33293.7,2,7.0
RB02443,2023-11-24,TH-NORTH,Sugarfree,extreme sports,90,420,23002.65,5,6.0
RB08328,2023-06-16,TH-NORTH,Sugarfree,f1 sponsorship,90,648,27457.77,2,7.0
RB08654,2024-10-13,TH-NORTH,Original Blue,extreme sports,80,416,21266.0,0,5.0
RB01033,2024-05-03,ASIA-PACIFIC,Krating Daeng 250,TV Ad,60,625,9653.03,5,6.0
RB04648,2023-04-23,TH-SOUTH,Tropical Edition,in-store promo,85,672,47539.91,4,5.0
RB00913,2024-02-15,USA-WEST,Original Blue,TV Ad,80,511,49731.58,5,4.0
RB08946,2024-05-14,TH-NORTH,Original Blue,extreme sports,80,335,16403.03,2,8.0
RB06037,2023-08-31,USA-WEST,Krating Daeng 250,in-store promo,60,420,33228.54,0,7.0
RB02133,2023-06-13,TH-NORTH,Red Edition,Social Media,75,763,40002.97,3,5.0
RB07228,2024-03-08,ASIA-PACIFIC,Original Blue,f1 sponsorship,80,799,36517.78,2,6.0
RB02658,2023-04-10,USA-WEST,Krating Daeng 250,Social Media,60,472,39184.89,4,7.0
RB03603,2023-02-12,TH-CENTRAL,Original Blue,in-store promo,80,453,40575.29,1,10.0
RB08805,2024-04-28,USA-EAST,Original Blue,extreme sports,80,591,9805.85,3,7.0
RB00020,2023-04-12,USA-WEST,Red Edition,in-store promo,75,457,17583.8,4,4.0
RB08420,2024-06-02,TH-NORTH,Original Blue,f1 sponsorship,80,434,32658.19,2,6.0
RB04570,2024-06-10,USA-EAST,Krating Daeng 250,extreme sports,60,679,10978.39,2,6.0
RB07634,2024-10-16,TH-SOUTH,Original Blue,Social Media,80,537,47789.2,3,8.0
RB01483,2023-09-16,ASIA-PACIFIC,Krating Daeng 250,TV Ad,60,505,32658.19,3,7.0
RB09122,2023-08-08,USA-EAST,Sugarfree,in-store promo,90,318,10167.77,1,8.0
RB04975,2023-03-09,USA-EAST,Tropical Edition,Social Media,85,200,54165.75,0,6.0
RB07539,2024-06-01,USA-EAST,Krating Daeng 250,TV Ad,60,529,51404.59,3,5.0
RB06468,2024-10-03,USA-EAST,Red Edition,TV Ad,75,672,9055.38,1,7.0
RB05759,2024-08-16,TH-EAST,Original Blue,f1 sponsorship,80,618,8874.72,5,5.0
RB05256,2023-02-10,TH-CENTRAL,Sugarfree,Social Media,90,585,53278.38,5,9.0
RB04707,2023-09-07,TH-NORTH,Krating Daeng 250,extreme sports,60,860,7311.36,3,6.0
RB04883,2024-05-15,TH-CENTRAL,Krating Daeng 250,in-store promo,60,750,58973.65,1,3.0
RB01264,2023-09-02,TH-NORTH,Krating Daeng 250,in-store promo,60,489,41552.01,4,7.0
RB09435,2024-07-28,TH-CENTRAL,Tropical Edition,f1 sponsorship,85,554,9333.83,3,6.0
RB05581,2023-10-15,TH-EAST,Original Blue,TV Ad,80,424,31712.9,1,6.0
RB06188,2023-09-26,TH-NORTH,Original Blue,f1 sponsorship,80,505,56188.11,4,2.0
RB07514-DUP,2023-08-04,TH-NORTH,Tropical Edition,in-store promo,85,833,11966.22,4,6.0
RB03674,2023-09-15,ASIA-PACIFIC,Tropical Edition,f1 sponsorship,85,843,58822.86,4,5.0
RB02789-DUP,2024-12-29,TH-CENTRAL,Krating Daeng 250,TV Ad,60,731,11137.3,3,7.0
RB08239,2023-12-10,TH-SOUTH,Red Edition,TV Ad,75,662,12529.69,4,8.0
RB04116,2023-07-28,TH-NORTH,Original Blue,in-store promo,80,427,26395.69,2,6.0
RB06905,2023-12-07,TH-EAST,Krating Daeng 250,f1 sponsorship,60,536,28673.01,1,2.0
RB02459,2023-04-11,USA-EAST,Krating Daeng 250,in-store promo,60,551,14397.77,1,7.0
RB02378,2023-11-21,TH-CENTRAL,Tropical Edition,Social Media,85,512,33249.39,0,6.0
RB07719,2024-09-29,USA-EAST,Sugarfree,TV Ad,90,678,53527.19,2,5.0
RB05484,2023-06-03,EUROPE-EU,Red Edition,in-store promo,75,584,14635.08,3,4.0
RB04365,2023-10-30,TH-NORTH,Tropical Edition,TV Ad,85,553,55648.47,5,7.0
RB08361,2024-07-03,TH-NORTH,Tropical Edition,in-store promo,85,772,27378.49,3,9.0
RB03215,2024-09-19,TH-NORTH,Original Blue,extreme sports,80,622,32384.62,4,6.0
RB07763,2023-07-01,ASIA-PACIFIC,Red Edition,f1 sponsorship,75,401,47104.62,2,8.0
RB04106,2024-08-19,ASIA-PACIFIC,Red Edition,f1 sponsorship,75,633,26557.69,5,4.0
RB00825,2023-12-16,EUROPE-EU,Original Blue,Social Media,80,419,13161.29,2,6.0
RB00731,2024-03-18,TH-CENTRAL,Tropical Edition,f1 sponsorship,85,476,39960.79,4,5.0
RB04392,2023-02-15,TH-NORTH,Original Blue,f1 sponsorship,80,670,36433.17,4,5.0
RB07473,2024-03-22,USA-EAST,Tropical Edition,TV Ad,85,568,35371.7,4,10.0
RB04316,2024-01-16,TH-EAST,Original Blue,TV Ad,80,657,41134.3,3,8.0
RB06418,2023-08-26,TH-NORTH,Tropical Edition,Social Media,85,507,43855.75,5,3.0
RB09356,2023-04-23,EUROPE-EU,Tropical Edition,f1 sponsorship,85,571,31909.02,2,6.0
RB06881,2023-12-29,TH-SOUTH,Sugarfree,f1 sponsorship,90,496,14672.2,2,2.0
RB02911,2024-12-25,ASIA-PACIFIC,Tropical Edition,f1 sponsorship,85,669,24710.1,1,9.0
RB00808,2023-09-20,TH-EAST,Sugarfree,extreme sports,90,548,32658.19,1,7.0
RB06171,2023-11-04,USA-WEST,Red Edition,f1 sponsorship,75,434,44680.01,2,1.0
RB00690,2024-12-17,TH-CENTRAL,Tropical Edition,in-store promo,85,512,49741.52,4,7.0
RB04268,2023-07-09,USA-EAST,Sugarfree,TV Ad,90,352,27940.6,3,8.0
RB01787,2024-08-04,TH-SOUTH,Red Edition,Social Media,75,679,12917.3,3,9.0
RB06937,2024-06-23,TH-NORTH,Red Edition,in-store promo,75,409,27725.49,1,6.0
RB08082,2024-08-23,USA-WEST,Red Edition,extreme sports,75,422,32143.4,5,4.0
RB02976,2024-05-18,TH-SOUTH,Sugarfree,Social Media,90,528,7858.97,3,6.0
RB04857,2023-12-23,TH-NORTH,Original Blue,f1 sponsorship,80,711,39564.04,1,3.0
RB09246,2023-10-07,TH-CENTRAL,Krating Daeng 250,TV Ad,60,690,21640.44,2,6.0
RB03003,2023-10-07,USA-WEST,Original Blue,Social Media,80,489,29202.1,3,7.0
RB02361,2023-12-26,USA-WEST,Tropical Edition,extreme sports,85,488,57442.19,2,2.0
RB03197,2024-01-17,TH-NORTH,Original Blue,extreme sports,80,461,32459.45,5,10.0
RB05232,2023-06-06,USA-WEST,Tropical Edition,f1 sponsorship,85,616,9289.76,3,8.0
RB08648,2024-04-02,USA-WEST,Red Edition,in-store promo,75,686,723997.8,2,7.0
RB08639,2024-05-18,TH-CENTRAL,Red Edition,TV Ad,75,614,1471685.69,0,4.0
RB01545,2023-11-09,TH-EAST,Red Edition,Social Media,75,530,53217.29,0,4.0
RB08764,2023-07-27,TH-NORTH,Tropical Edition,Social Media,85,451,26860.41,3,8.0
RB02151,2024-03-13,TH-NORTH,Sugarfree,extreme sports,90,642,17627.48,1,3.0
RB07013,2024-03-23,TH-NORTH,Original Blue,f1 sponsorship,80,358,33265.02,1,7.0
RB03754,2024-05-09,TH-NORTH,Tropical Edition,in-store promo,85,428,25243.07,5,7.0
RB02812,2023-08-15,TH-NORTH,Red Edition,f1 sponsorship,75,504,10780.82,0,8.0
RB02497,2023-12-09,TH-SOUTH,Red Edition,Social Media,75,679,51910.3,1,7.0
RB04103,2024-07-31,TH-SOUTH,Red Edition,f1 sponsorship,75,514,53379.75,3,5.0
RB04553,2024-07-16,TH-EAST,Krating Daeng 250,in-store promo,60,402,7369.26,1,3.0
RB07879,2023-05-11,TH-EAST,Original Blue,TV Ad,80,532,20346.65,0,8.0
RB04211,2023-05-05,USA-WEST,Sugarfree,in-store promo,90,749,42467.89,3,5.0
RB01143,2024-09-03,TH-CENTRAL,Original Blue,f1 sponsorship,80,377,14394.38,3,3.0
RB05879,2024-06-08,USA-WEST,Tropical Edition,TV Ad,85,353,56772.57,2,8.0
RB00801,2024-01-11,TH-SOUTH,Sugarfree,in-store promo,90,447,22085.47,2,3.0
RB08202,2024-04-23,TH-CENTRAL,Sugarfree,in-store promo,90,758,38498.65,5,9.0
RB01754,2024-05-23,TH-EAST,Original Blue,extreme sports,80,618,22869.39,0,10.0
RB07980,2023-01-17,USA-EAST,Sugarfree,extreme sports,90,343,54235.96,4,4.0
RB07403,2023-01-22,USA-EAST,Krating Daeng 250,in-store promo,60,854,49806.29,5,3.0
RB04903,2024-09-27,TH-NORTH,Original Blue,f1 sponsorship,80,621,34233.81,2,4.0
RB08005,2024-09-20,USA-EAST,Original Blue,TV Ad,80,763,31298.09,2,4.0
RB04559,2023-01-11,EUROPE-EU,Sugarfree,Social Media,90,568,35626.52,1,8.0
RB00154,2023-09-04,USA-EAST,Tropical Edition,in-store promo,85,401,58457.04,2,10.0
RB02258,2024-01-01,ASIA-PACIFIC,Sugarfree,in-store promo,90,488,6693.31,4,6.0
RB04970,2023-04-18,USA-WEST,Krating Daeng 250,f1 sponsorship,60,473,13375.51,0,9.0
RB06133,2023-03-30,TH-EAST,Original Blue,f1 sponsorship,80,641,45050.88,2,8.0
RB02720-DUP,2023-03-14,USA-EAST,Krating Daeng 250,TV Ad,60,469,48775.79,2,7.0
RB03758,2024-06-13,USA-WEST,Krating Daeng 250,f1 sponsorship,60,583,56868.87,1,2.0
RB02156,2023-03-26,TH-CENTRAL,Krating Daeng 250,Social Media,60,661,9828.79,1,5.0
RB00818,2023-06-27,TH-CENTRAL,Red Edition,TV Ad,75,599,53418.59,2,6.0
RB02355,2024-02-22,TH-NORTH,Krating Daeng 250,Social Media,60,484,38738.13,1,4.0
RB08956,2024-10-02,TH-NORTH,Sugarfree,in-store promo,90,656,20267.84,2,6.0
RB05496,2024-04-19,TH-CENTRAL,Krating Daeng 250,in-store promo,60,435,49368.57,2,7.0
RB02872,2024-11-21,USA-WEST,Tropical Edition,Social Media,85,401,17364.52,2,8.0
RB03129,2023-11-15,TH-CENTRAL,Krating Daeng 250,Social Media,60,448,31170.33,2,3.0
RB02386,2023-12-16,TH-NORTH,Red Edition,extreme sports,75,555,43093.12,4,5.0
RB04288,2024-07-25,TH-NORTH,Tropical Edition,extreme sports,85,644,56614.01,1,1.0
RB09090,2023-09-03,TH-NORTH,Red Edition,in-store promo,75,568,8344.87,3,7.0
RB05737,2024-01-21,TH-CENTRAL,Krating Daeng 250,extreme sports,60,414,55924.4,4,6.0
RB09026,2024-02-14,EUROPE-EU,Krating Daeng 250,in-store promo,60,494,59057.61,1,8.0
RB03541,2023-06-27,TH-NORTH,Tropical Edition,Social Media,85,379,32032.63,0,1.0
RB03970,2023-05-09,USA-WEST,Tropical Edition,TV Ad,85,535,33609.06,4,10.0
RB06997,2023-12-12,TH-EAST,Tropical Edition,extreme sports,85,658,32036.1,1,7.0
RB03618,2023-09-24,ASIA-PACIFIC,Krating Daeng 250,f1 sponsorship,60,724,59844.42,4,5.0
RB09146,2024-08-03,TH-EAST,Tropical Edition,Social Media,85,531,47342.56,2,4.0
RB01359,2024-06-24,TH-NORTH,Tropical Edition,in-store promo,85,550,33873.26,5,10.0
RB01748,2023-07-06,EUROPE-EU,Krating Daeng 250,Social Media,60,639,24347.75,2,1.0
RB01422,2023-10-06,USA-EAST,Sugarfree,Social Media,90,609,38459.26,3,6.0
RB02280,2024-08-15,TH-SOUTH,Krating Daeng 250,Social Media,60,418,28677.14,2,6.0
RB07629,2023-01-03,TH-CENTRAL,Tropical Edition,extreme sports,85,655,26191.54,1,8.0
RB09000,2023-11-06,USA-EAST,Krating Daeng 250,extreme sports,60,398,11378.92,2,9.0
RB00134,2023-05-26,TH-CENTRAL,Sugarfree,in-store promo,90,509,18485.8,2,8.0
RB04809,2024-02-10,TH-NORTH,Red Edition,in-store promo,75,480,32658.19,4,10.0
RB04586,2023-01-03,USA-WEST,Tropical Edition,in-store promo,85,421,37652.4,3,8.0
RB04491,2024-04-12,TH-SOUTH,Red Edition,f1 sponsorship,75,412,45336.57,2,3.0
RB01890,2023-07-13,TH-SOUTH,Original Blue,Social Media,80,471,56596.45,4,9.0
RB05036,2023-11-11,USA-EAST,Tropical Edition,in-store promo,85,668,42451.53,4,9.0
RB08410,2024-07-14,TH-CENTRAL,Krating Daeng 250,extreme sports,60,505,11474.7,2,4.0
RB09154,2023-12-28,TH-NORTH,Tropical Edition,in-store promo,85,474,40511.16,1,5.0
RB05960,2023-04-30,ASIA-PACIFIC,Sugarfree,TV Ad,90,413,32546.73,3,5.0
RB01567,2024-11-02,USA-EAST,Krating Daeng 250,TV Ad,60,450,14211.38,5,6.0
RB04273,2023-06-13,TH-SOUTH,Krating Daeng 250,f1 sponsorship,60,613,13386.99,2,9.0
RB06610,2024-06-04,TH-SOUTH,Tropical Edition,in-store promo,85,482,58004.86,0,6.0
RB07566,2023-11-19,USA-WEST,Original Blue,in-store promo,80,226,55387.75,1,10.0
RB08009,2024-03-29,EUROPE-EU,Tropical Edition,TV Ad,85,538,35874.44,3,6.0
RB06632,2024-02-03,EUROPE-EU,Krating Daeng 250,Social Media,60,497,13076.73,1,7.0
RB09376,2024-09-20,TH-SOUTH,Tropical Edition,Social Media,85,520,55473.97,1,7.0
RB05935,2023-02-04,TH-NORTH,Tropical Edition,f1 sponsorship,85,330,24375.42,2,5.0
RB00153,2023-06-06,USA-EAST,Original Blue,in-store promo,80,510,32658.19,1,6.0
RB08246,2024-11-04,TH-NORTH,Red Edition,f1 sponsorship,75,442,59444.79,5,6.0
RB07270,2023-04-09,TH-EAST,Original Blue,TV Ad,80,648,54449.78,2,6.0
RB03432,2023-07-04,USA-EAST,Original Blue,TV Ad,80,604,8203.12,3,8.0
RB07650,2023-07-11,TH-EAST,Original Blue,Social Media,80,653,47924.33,1,6.0
RB03623,2024-12-16,ASIA-PACIFIC,Red Edition,in-store promo,75,454,42235.86,1,10.0
RB08479,2024-03-27,TH-SOUTH,Original Blue,extreme sports,80,487,45580.67,1,1.0
RB04108,2024-11-25,USA-EAST,Krating Daeng 250,extreme sports,60,547,37867.71,0,7.0
RB02567,2024-09-21,TH-EAST,Sugarfree,Social Media,90,501,35754.97,5,1.0
RB00251,2024-10-06,USA-WEST,Red Edition,extreme sports,75,605,49258.92,3,7.0
RB09117,2023-04-26,TH-CENTRAL,Sugarfree,extreme sports,90,618,13905.59,5,4.0
RB04655,2023-12-11,TH-NORTH,Tropical Edition,Social Media,85,546,33436.34,1,9.0
RB04274,2023-12-25,TH-EAST,Krating Daeng 250,TV Ad,60,681,29565.98,3,6.0
RB01396,2024-01-21,USA-WEST,Sugarfree,extreme sports,90,543,5870.85,2,6.0
RB04951,2023-09-24,USA-WEST,Tropical Edition,Social Media,85,536,5879.82,3,9.0
RB06288,2023-11-20,TH-NORTH,Krating Daeng 250,Social Media,60,520,5933.34,5,9.0
RB09454,2024-12-03,TH-CENTRAL,Krating Daeng 250,Social Media,60,691,44225.58,1,6.0
RB04722,2023-10-02,TH-NORTH,Original Blue,TV Ad,80,596,8056.49,1,9.0
RB04611,2024-08-29,USA-EAST,Red Edition,extreme sports,75,483,37692.78,2,6.0
RB00364,2023-03-17,TH-NORTH,Tropical Edition,in-store promo,85,559,55442.12,3,10.0
RB09579,2024-03-24,TH-CENTRAL,Tropical Edition,f1 sponsorship,85,579,39233.93,3,4.0
RB06652,2024-09-19,TH-SOUTH,Red Edition,in-store promo,75,535,26170.68,2,6.0
RB07070,2024-03-28,TH-SOUTH,Sugarfree,f1 sponsorship,90,430,15876.61,4,4.0
RB04051,2023-03-02,TH-SOUTH,Tropical Edition,f1 sponsorship,85,558,38923.98,1,10.0
RB03921,2024-05-09,USA-WEST,Original Blue,extreme sports,80,481,34430.69,3,8.0
RB00530,2023-11-14,TH-NORTH,Sugarfree,TV Ad,90,661,36017.4,1,8.0
RB02553,2023-05-17,USA-WEST,Original Blue,f1 sponsorship,80,529,25264.84,1,4.0
RB06811,2023-09-06,USA-EAST,Sugarfree,f1 sponsorship,90,568,18141.56,2,6.0
RB02757,2024-05-19,EUROPE-EU,Original Blue,TV Ad,80,651,46952.35,3,6.0
RB07600,2023-12-14,TH-CENTRAL,Tropical Edition,in-store promo,85,683,22557.61,1,7.0
RB01118,2023-07-28,USA-WEST,Original Blue,TV Ad,80,612,33862.57,1,6.0
RB00138,2023-11-19,TH-NORTH,Sugarfree,f1 sponsorship,90,426,14149.13,0,4.0
RB04490,2023-11-16,ASIA-PACIFIC,Original Blue,extreme sports,80,254,42270.23,2,10.0
RB04383,2024-04-04,TH-CENTRAL,Original Blue,in-store promo,80,436,59763.46,0,9.0
RB09168,2023-01-29,TH-EAST,Original Blue,extreme sports,80,632,22073.68,1,3.0
RB02263,2023-05-19,TH-CENTRAL,Original Blue,extreme sports,80,551,50797.13,2,8.0
RB04252,2024-03-13,TH-SOUTH,Red Edition,f1 sponsorship,75,706,18785.28,1,3.0
RB05900,2024-04-10,USA-EAST,Krating Daeng 250,in-store promo,60,553,17222.34,0,5.0
RB04025,2024-05-22,TH-NORTH,Original Blue,Social Media,80,563,56940.65,1,5.0
RB06187,2023-11-14,USA-EAST,Sugarfree,f1 sponsorship,90,424,28549.93,2,10.0
RB01820,2023-10-07,TH-NORTH,Sugarfree,TV Ad,90,666,32658.19,1,8.0
RB03118,2023-08-29,TH-SOUTH,Red Edition,extreme sports,75,529,14025.83,2,3.0
RB00201,2023-03-16,TH-EAST,Red Edition,extreme sports,75,616,58218.61,0,7.0
RB09428,2023-04-13,TH-CENTRAL,Original Blue,TV Ad,80,636,47686.26,4,7.0
RB08111,2024-08-23,TH-CENTRAL,Tropical Edition,f1 sponsorship,85,574,24662.87,2,5.0
RB07224,2024-07-15,TH-CENTRAL,Sugarfree,f1 sponsorship,90,556,47417.45,3,9.0
RB00149,2024-04-06,TH-EAST,Krating Daeng 250,in-store promo,60,562,7351.88,2,7.0
RB03203,2024-04-09,USA-EAST,Tropical Edition,TV Ad,85,485,54839.1,1,6.0
RB00033,2024-10-16,TH-CENTRAL,Tropical Edition,in-store promo,85,643,57053.24,1,6.0
RB01227,2023-03-17,TH-CENTRAL,Sugarfree,in-store promo,90,501,10763.5,2,2.0
RB08245,2024-09-03,TH-SOUTH,Red Edition,f1 sponsorship,75,654,6208.71,2,6.0
RB01383,2024-09-20,ASIA-PACIFIC,Krating Daeng 250,TV Ad,60,412,17024.35,5,3.0
RB00261,2023-04-01,TH-SOUTH,Tropical Edition,f1 sponsorship,85,582,48971.44,1,5.0
RB06373,2024-02-02,TH-NORTH,Red Edition,f1 sponsorship,75,535,54964.3,4,4.0
RB08834,2024-01-14,TH-NORTH,Original Blue,f1 sponsorship,80,724,10725.04,3,8.0
RB07415,2024-11-10,TH-CENTRAL,Sugarfree,f1 sponsorship,90,653,56428.46,1,6.0
RB05716,2024-11-14,TH-EAST,Red Edition,TV Ad,75,569,55182.96,3,8.0
RB05320,2023-07-08,USA-WEST,Red Edition,TV Ad,75,720,6833.52,3,10.0
RB03858,2024-01-04,EUROPE-EU,Red Edition,Social Media,75,572,14530.06,4,6.0
RB02033,2024-09-14,USA-EAST,Krating Daeng 250,Social Media,60,533,38437.23,5,10.0
RB02381,2024-04-06,TH-EAST,Original Blue,in-store promo,80,559,20802.09,1,6.0
RB08690,2024-07-18,EUROPE-EU,Sugarfree,TV Ad,90,491,11399.75,3,6.0
RB04583,2023-12-30,TH-CENTRAL,Tropical Edition,f1 sponsorship,85,551,49047.93,4,10.0
RB01584,2024-08-29,TH-CENTRAL,Tropical Edition,extreme sports,85,520,27377.11,2,6.0
RB09078,2023-04-09,TH-CENTRAL,Sugarfree,f1 sponsorship,90,436,36404.78,5,3.0
RB06236,2024-06-24,TH-CENTRAL,Sugarfree,extreme sports,90,535,26849.98,4,9.0
RB06856,2023-08-27,TH-CENTRAL,Sugarfree,TV Ad,90,682,32323.49,4,4.0
RB03682,2024-07-11,TH-NORTH,Krating Daeng 250,Social Media,60,358,57505.13,2,5.0
RB03466,2023-01-16,USA-EAST,Original Blue,TV Ad,80,497,42637.34,2,9.0
RB04606,2024-08-20,TH-CENTRAL,Original Blue,TV Ad,80,310,47910.22,3,6.0
RB04661,2024-05-29,TH-EAST,Krating Daeng 250,TV Ad,60,615,23114.58,2,5.0
RB00006,2024-06-25,TH-NORTH,Krating Daeng 250,in-store promo,60,606,24657.96,2,5.0
RB01718,2023-11-09,USA-EAST,Red Edition,extreme sports,75,486,54449.87,1,9.0
RB02509,2024-11-19,TH-NORTH,Krating Daeng 250,f1 sponsorship,60,667,52981.18,3,9.0
RB01261,2023-12-19,ASIA-PACIFIC,Tropical Edition,TV Ad,85,510,33770.96,2,9.0
RB00618,2024-09-19,TH-NORTH,Sugarfree,extreme sports,90,695,26541.22,1,3.0
RB01726,2023-11-15,TH-CENTRAL,Red Edition,in-store promo,75,742,40222.83,1,5.0
RB02691,2023-04-30,USA-WEST,Red Edition,f1 sponsorship,75,596,37662.94,3,5.0
RB06601,2023-11-30,TH-CENTRAL,Sugarfree,TV Ad,90,606,32658.19,1,4.0
RB04855,2024-06-20,USA-EAST,Tropical Edition,TV Ad,85,586,7735.32,2,6.0
RB03083,2024-09-13,USA-EAST,Original Blue,TV Ad,80,669,44963.68,2,5.0
RB02843,2024-08-24,USA-EAST,Tropical Edition,Social Media,85,435,52251.65,3,2.0
RB03916,2024-07-25,USA-EAST,Krating Daeng 250,Social Media,60,588,30333.45,3,6.0
RB07820,2023-06-12,TH-EAST,Krating Daeng 250,TV Ad,60,393,42876.03,4,6.0
RB05734,2024-04-10,USA-EAST,Krating Daeng 250,TV Ad,60,435,34812.68,1,3.0
RB03220,2024-02-07,TH-SOUTH,Krating Daeng 250,f1 sponsorship,60,361,13560.13,3,10.0
RB02650,2023-11-13,TH-SOUTH,Tropical Edition,f1 sponsorship,85,377,21706.31,0,7.0
RB04029,2023-07-13,TH-CENTRAL,Krating Daeng 250,extreme sports,60,517,47325.65,2,6.0
RB06985,2023-03-23,TH-CENTRAL,Red Edition,TV Ad,75,632,55674.41,2,3.0
RB03438,2023-08-05,TH-CENTRAL,Krating Daeng 250,extreme sports,60,550,54658.64,2,7.0
RB02896,2024-12-21,TH-NORTH,Original Blue,Social Media,80,343,30081.83,2,7.0
RB07214,2024-07-04,USA-EAST,Tropical Edition,f1 sponsorship,85,388,44148.44,0,8.0
RB08497,2023-10-27,USA-EAST,Tropical Edition,Social Media,85,735,42111.7,83,6.0
RB02493,2023-01-05,ASIA-PACIFIC,Tropical Edition,in-store promo,85,648,40477.19,0,5.0
RB00338,2024-01-20,TH-NORTH,Sugarfree,Social Media,90,459,39574.01,1,6.0
RB00628,2023-02-14,USA-EAST,Tropical Edition,TV Ad,85,519,52718.82,0,9.0
RB02796,2024-09-02,TH-SOUTH,Original Blue,Social Media,80,610,55448.6,2,8.0
RB03531,2024-01-03,TH-NORTH,Original Blue,Social Media,80,339,22887.34,4,8.0
RB03907,2024-03-14,TH-NORTH,Krating Daeng 250,f1 sponsorship,60,612,54111.32,5,6.0
RB05360,2023-08-18,TH-CENTRAL,Tropical Edition,extreme sports,85,520,23576.79,1,3.0
RB08747,2024-05-03,USA-EAST,Tropical Edition,f1 sponsorship,85,581,27037.59,4,8.0
RB04496,2024-11-22,TH-NORTH,Original Blue,f1 sponsorship,80,667,13104.37,1,6.0
RB01266,2024-10-15,USA-EAST,Sugarfree,in-store promo,90,443,42595.09,2,5.0
RB07831,2023-10-10,EUROPE-EU,Sugarfree,in-store promo,90,489,43157.37,3,4.0
RB06091,2023-01-02,TH-NORTH,Sugarfree,Social Media,90,657,25959.24,1,3.0
RB04581,2023-01-05,TH-CENTRAL,Original Blue,in-store promo,80,668,28682.54,2,6.0
RB07873,2023-03-22,TH-CENTRAL,Original Blue,extreme sports,80,635,13947.08,2,7.0
RB00354,2023-05-20,TH-CENTRAL,Red Edition,Social Media,75,396,23740.87,2,4.0
RB01613,2023-10-31,TH-CENTRAL,Krating Daeng 250,TV Ad,60,557,32910.87,1,5.0
RB09234,2024-02-18,TH-NORTH,Red Edition,TV Ad,75,461,33848.84,3,10.0
RB06654,2023-04-08,TH-NORTH,Original Blue,extreme sports,80,707,6669.0,1,8.0
RB02435,2023-03-05,TH-CENTRAL,Original Blue,in-store promo,80,460,41975.2,0,7.0
RB08569,2023-05-17,TH-CENTRAL,Krating Daeng 250,extreme sports,60,314,55989.0,1,5.0
RB04429,2024-08-21,TH-CENTRAL,Tropical Edition,in-store promo,85,599,39471.39,2,2.0
RB00868,2024-04-22,USA-EAST,Tropical Edition,extreme sports,85,521,24651.38,2,5.0
RB04257,2024-04-24,TH-SOUTH,Tropical Edition,f1 sponsorship,85,417,21217.46,1,9.0
RB01194,2024-12-10,TH-NORTH,Krating Daeng 250,Social Media,60,537,58267.49,3,4.0
RB02366,2024-11-21,TH-NORTH,Original Blue,in-store promo,80,727,17561.0,2,5.0
RB05090,2024-10-21,TH-NORTH,Original Blue,in-store promo,80,601,34003.69,2,7.0
RB03171,2024-02-28,USA-EAST,Red Edition,Social Media,75,471,55454.32,5,3.0
RB00924,2023-04-18,EUROPE-EU,Krating Daeng 250,f1 sponsorship,60,814,22210.34,3,8.0
RB01107,2023-07-20,EUROPE-EU,Original Blue,extreme sports,80,750,52990.33,2,7.0
RB03831-DUP,2023-07-30,TH-CENTRAL,Krating Daeng 250,Social Media,60,623,31110.23,1,6.0
RB09126,2023-12-21,EUROPE-EU,Original Blue,in-store promo,80,778,51119.25,4,4.0
RB02139,2023-05-04,USA-EAST,Red Edition,f1 sponsorship,75,539,48500.82,1,8.0
RB02100,2023-09-26,EUROPE-EU,Red Edition,extreme sports,75,682,15589.06,2,8.0
RB05803,2024-12-24,USA-EAST,Original Blue,Social Media,80,711,11953.02,3,5.0
RB05251,2024-09-06,ASIA-PACIFIC,Krating Daeng 250,TV Ad,60,588,37316.1,0,7.0
RB06695,2023-12-24,TH-NORTH,Red Edition,Social Media,75,687,34473.82,2,4.0
RB07956,2024-03-21,TH-NORTH,Sugarfree,Social Media,90,692,48539.48,3,2.0
RB03176,2023-02-22,USA-EAST,Sugarfree,extreme sports,90,459,34207.74,3,6.0
RB04865,2023-11-05,EUROPE-EU,Tropical Edition,TV Ad,85,493,55616.4,1,5.0
RB00105-DUP,2024-05-29,USA-WEST,Red Edition,f1 sponsorship,75,682,23525.35,1,3.0
RB03768,2024-01-27,TH-SOUTH,Red Edition,Social Media,75,542,18661.62,2,6.0
RB06417,2024-06-24,TH-CENTRAL,Tropical Edition,TV Ad,85,566,6413.68,2,6.0
RB09216,2023-10-01,ASIA-PACIFIC,Tropical Edition,Social Media,85,356,32658.19,2,2.0
RB06269,2023-02-26,USA-WEST,Sugarfree,extreme sports,90,589,44897.4,5,6.0
RB00556,2023-06-15,USA-EAST,Krating Daeng 250,Social Media,60,510,8008.7,3,3.0
RB04487,2023-01-01,TH-CENTRAL,Red Edition,Social Media,75,652,20357.54,0,6.0
RB01521,2023-08-22,TH-CENTRAL,Tropical Edition,TV Ad,85,431,8565.2,1,6.0
RB08228,2023-07-27,USA-EAST,Sugarfree,f1 sponsorship,90,531,25989.68,5,4.0
RB09493,2023-08-01,TH-CENTRAL,Original Blue,in-store promo,80,509,21363.15,2,7.0
RB05071,2024-09-22,TH-CENTRAL,Krating Daeng 250,f1 sponsorship,60,381,58602.4,3,2.0
RB07988,2023-01-07,ASIA-PACIFIC,Red Edition,Social Media,75,647,52088.1,2,10.0
RB04560-DUP,2024-03-01,TH-EAST,Krating Daeng 250,extreme sports,60,472,20890.04,3,2.0
RB01245-DUP,2024-05-18,TH-NORTH,Tropical Edition,f1 sponsorship,85,672,15278.13,0,4.0
RB03345,2023-10-05,USA-WEST,Krating Daeng 250,in-store promo,60,628,41985.09,2,6.0
RB01653,2023-07-31,USA-EAST,Krating Daeng 250,TV Ad,60,520,5736.45,2,7.0
RB06147,2023-12-28,TH-EAST,Tropical Edition,extreme sports,85,570,6309.0,3,5.0
RB09556,2024-03-06,TH-NORTH,Tropical Edition,extreme sports,85,473,44683.57,3,4.0
RB07059,2023-08-09,TH-NORTH,Sugarfree,TV Ad,90,478,39600.29,2,6.0
RB01318,2023-02-03,TH-NORTH,Original Blue,f1 sponsorship,80,367,52813.54,4,10.0
RB01618,2023-06-12,TH-EAST,Original Blue,f1 sponsorship,80,612,56800.34,2,7.0
RB04364,2024-11-24,TH-CENTRAL,Krating Daeng 250,f1 sponsorship,60,721,22711.88,2,9.0
RB03004,2024-05-13,TH-SOUTH,Tropical Edition,in-store promo,85,504,32658.19,2,7.0
RB08636,2023-07-07,TH-CENTRAL,Red Edition,TV Ad,75,505,28643.18,1,9.0
RB05158,2024-02-29,TH-EAST,Tropical Edition,extreme sports,85,661,37863.44,2,6.0
RB06871,2023-09-07,TH-SOUTH,Original Blue,f1 sponsorship,80,753,42405.77,5,10.0
RB04873,2024-10-25,TH-NORTH,Original Blue,extreme sports,80,642,38905.98,5,6.0
RB01384,2023-06-25,TH-EAST,Original Blue,in-store promo,80,559,13476.39,1,6.0
RB02791,2023-09-25,TH-CENTRAL,Krating Daeng 250,in-store promo,60,496,48963.54,4,7.0
RB08984,2024-11-15,USA-EAST,Original Blue,in-store promo,80,452,43692.26,4,9.0
RB01929,2023-07-11,TH-NORTH,Original Blue,in-store promo,80,515,58528.1,3,6.0
RB07664,2024-11-02,TH-CENTRAL,Original Blue,Social Media,80,568,8980.35,2,7.0
RB02053,2023-06-25,EUROPE-EU,Original Blue,TV Ad,80,649,31962.9,0,6.0
RB03360,2023-10-14,USA-WEST,Tropical Edition,Social Media,85,598,24163.82,1,5.0
RB04761,2023-01-14,USA-WEST,Krating Daeng 250,extreme sports,60,499,48826.18,2,9.0
RB04347,2023-12-07,TH-NORTH,Krating Daeng 250,f1 sponsorship,60,395,10948.35,3,7.0
RB05273,2024-03-17,EUROPE-EU,Tropical Edition,Social Media,85,505,52231.48,1,3.0
RB09383,2023-11-01,TH-CENTRAL,Original Blue,Social Media,80,777,40018.44,3,5.0
RB03007,2024-04-04,USA-EAST,Krating Daeng 250,Social Media,60,476,58951.07,5,9.0
RB00574,2023-12-29,TH-EAST,Red Edition,f1 sponsorship,75,277,15633.3,5,6.0
RB08064,2024-06-21,TH-CENTRAL,Sugarfree,in-store promo,90,714,5135.56,3,7.0
RB02618,2024-03-27,EUROPE-EU,Sugarfree,in-store promo,90,571,20900.67,5,7.0
RB06442,2024-11-09,USA-WEST,Krating Daeng 250,f1 sponsorship,60,579,33462.11,4,2.0
RB08210,2023-04-01,TH-SOUTH,Original Blue,in-store promo,80,509,17697.56,2,4.0
RB09013,2024-07-20,TH-CENTRAL,Red Edition,extreme sports,75,373,42253.19,5,5.0
RB07809,2023-11-17,USA-WEST,Sugarfree,Social Media,90,707,19917.17,0,10.0
RB05008,2024-10-25,TH-CENTRAL,Krating Daeng 250,f1 sponsorship,60,408,30241.11,1,2.0
RB09012,2023-03-23,USA-EAST,Tropical Edition,in-store promo,85,496,25692.46,1,9.0
RB02272,2023-07-15,TH-NORTH,Tropical Edition,in-store promo,85,557,38125.52,3,3.0
RB09031,2023-09-26,TH-NORTH,Krating Daeng 250,f1 sponsorship,60,607,38308.41,5,7.0
RB06449,2023-11-26,TH-SOUTH,Red Edition,extreme sports,75,534,47077.15,2,6.0
RB00408,2024-08-03,EUROPE-EU,Original Blue,TV Ad,80,499,52286.38,4,3.0
RB07829,2024-11-09,TH-EAST,Sugarfree,extreme sports,90,603,32658.19,4,5.0
RB04298,2024-12-13,TH-SOUTH,Red Edition,TV Ad,75,389,11600.83,3,6.0
RB01366,2024-09-14,TH-CENTRAL,Krating Daeng 250,Social Media,60,587,19939.63,2,4.0
RB00042,2023-07-22,ASIA-PACIFIC,Original Blue,extreme sports,80,562,41185.68,3,9.0
RB03298,2024-02-28,TH-NORTH,Krating Daeng 250,Social Media,60,589,30924.85,5,6.0
RB06118,2023-11-17,TH-CENTRAL,Red Edition,in-store promo,75,652,21970.54,0,4.0
RB02335,2023-05-10,USA-WEST,Tropical Edition,f1 sponsorship,85,568,20739.53,2,3.0
RB07660,2024-04-25,TH-CENTRAL,Original Blue,extreme sports,80,298,35850.18,5,4.0
RB03556,2023-02-06,TH-NORTH,Tropical Edition,Social Media,85,363,22680.67,3,5.0
RB08332,2024-07-16,TH-SOUTH,Original Blue,Social Media,80,476,8290.9,0,4.0
RB03242,2024-04-24,TH-NORTH,Sugarfree,extreme sports,90,600,33522.69,2,8.0
RB01511,2024-11-18,TH-CENTRAL,Tropical Edition,in-store promo,85,610,17738.99,1,2.0
RB03557,2024-09-11,USA-EAST,Sugarfree,in-store promo,90,291,55220.79,4,6.0
RB04723,2024-04-17,USA-EAST,Red Edition,Social Media,75,457,17641.83,5,10.0
RB07094,2023-05-02,TH-CENTRAL,Original Blue,f1 sponsorship,80,684,38749.63,5,4.0
RB07508,2023-08-24,TH-SOUTH,Tropical Edition,TV Ad,85,598,20506.95,4,7.0
RB00804,2024-09-04,USA-WEST,Red Edition,extreme sports,75,418,8350.25,3,6.0
RB05719,2024-03-13,TH-NORTH,Krating Daeng 250,extreme sports,60,545,59265.28,2,10.0
RB09344,2023-06-14,USA-EAST,Tropical Edition,f1 sponsorship,85,688,58576.07,3,6.0
RB04862,2023-05-17,TH-CENTRAL,Tropical Edition,extreme sports,85,410,5429.83,2,4.0
RB01543,2024-08-26,TH-EAST,Original Blue,f1 sponsorship,80,757,24502.59,3,5.0
RB03678,2023-12-25,USA-WEST,Original Blue,Social Media,80,531,21674.26,4,6.0
RB05461,2024-02-11,TH-CENTRAL,Sugarfree,extreme sports,90,265,52634.86,3,5.0
RB06584,2024-06-20,TH-SOUTH,Tropical Edition,f1 sponsorship,85,249,43780.48,3,5.0
RB02922,2024-05-14,TH-NORTH,Original Blue,TV Ad,80,487,35972.54,2,9.0
RB09340,2023-09-29,TH-CENTRAL,Original Blue,extreme sports,80,643,20534.15,3,6.0
RB04270,2023-05-28,TH-NORTH,Red Edition,Social Media,75,715,54216.2,0,2.0
RB07704,2023-09-30,TH-CENTRAL,Sugarfree,in-store promo,90,605,34077.35,0,7.0
RB05547,2023-06-12,TH-CENTRAL,Tropical Edition,Social Media,85,614,13141.45,4,6.0
RB02377,2023-11-10,TH-SOUTH,Original Blue,f1 sponsorship,80,521,20994.2,2,1.0
RB07406,2024-05-26,TH-CENTRAL,Red Edition,Social Media,75,491,32658.19,2,2.0
RB01652,2024-12-12,USA-WEST,Red Edition,extreme sports,75,546,48032.16,2,6.0
RB07443,2023-11-09,TH-NORTH,Red Edition,TV Ad,75,632,26192.9,2,7.0
RB03555,2024-07-30,TH-NORTH,Krating Daeng 250,TV Ad,60,626,50072.15,5,3.0
RB09303,2023-10-25,USA-EAST,Tropical Edition,Social Media,85,336,51349.23,3,6.0
RB07826,2023-02-22,TH-EAST,Krating Daeng 250,in-store promo,60,593,45560.66,4,3.0
RB00871-DUP,2023-04-30,TH-EAST,Sugarfree,TV Ad,90,319,35270.85,1,9.0
RB04711,2023-10-25,TH-CENTRAL,Original Blue,Social Media,80,290,17845.86,2,6.0
RB05423,2023-07-28,TH-NORTH,Tropical Edition,in-store promo,85,723,34049.19,1,8.0
RB01165,2024-08-10,TH-SOUTH,Tropical Edition,Social Media,85,470,42733.81,2,1.0
RB09408,2024-05-28,TH-NORTH,Original Blue,in-store promo,80,730,55055.87,1,6.0
RB06440,2023-03-26,ASIA-PACIFIC,Original Blue,f1 sponsorship,80,490,14424.83,0,9.0
RB05316,2024-06-16,TH-CENTRAL,Sugarfree,f1 sponsorship,90,501,38721.08,2,9.0
RB07330,2024-06-25,TH-NORTH,Tropical Edition,f1 sponsorship,85,448,24132.69,2,3.0
RB04245,2023-11-06,TH-NORTH,Krating Daeng 250,TV Ad,60,664,23130.07,1,5.0
RB09215,2023-11-26,USA-EAST,Original Blue,extreme sports,80,572,27869.07,4,8.0
RB01103-DUP,2024-10-31,TH-CENTRAL,Red Edition,in-store promo,75,518,22021.61,3,9.0
RB00761,2024-06-07,EUROPE-EU,Krating Daeng 250,TV Ad,60,607,31910.85,2,5.0
RB02478,2023-08-04,EUROPE-EU,Red Edition,extreme sports,75,661,34061.82,1,6.0
RB06630,2024-06-10,TH-EAST,Original Blue,in-store promo,80,730,35577.59,5,5.0
RB02256,2024-12-30,TH-NORTH,Sugarfree,Social Media,90,619,36339.88,2,6.0
RB09330,2023-03-03,TH-CENTRAL,Sugarfree,f1 sponsorship,90,661,18447.96,3,6.0
RB05268,2024-01-03,USA-EAST,Original Blue,Social Media,80,586,43843.0,4,9.0
RB03160,2024-12-17,TH-EAST,Krating Daeng 250,TV Ad,60,526,36684.56,4,1.0
RB00243,2024-06-28,TH-EAST,Tropical Edition,Social Media,85,722,32658.19,0,10.0
RB01096,2023-11-17,EUROPE-EU,Krating Daeng 250,extreme sports,60,668,12481.81,2,7.0
RB06566,2023-12-13,TH-EAST,Sugarfree,TV Ad,90,513,20593.83,2,6.0
RB04576,2023-10-05,EUROPE-EU,Sugarfree,in-store promo,90,637,55099.91,5,9.0
RB07726,2024-07-29,TH-NORTH,Red Edition,TV Ad,75,431,34233.42,4,10.0
RB07346,2024-01-03,TH-EAST,Krating Daeng 250,Social Media,60,479,22547.18,1,7.0
RB02433,2024-06-17,TH-CENTRAL,Red Edition,Social Media,75,460,42149.84,4,5.0
RB00971,2024-07-17,TH-EAST,Tropical Edition,f1 sponsorship,85,419,45933.21,1,6.0
RB09104,2023-01-30,EUROPE-EU,Original Blue,in-store promo,80,396,40431.26,2,9.0
RB03672,2024-04-22,TH-CENTRAL,Sugarfree,TV Ad,90,465,20285.65,3,9.0
RB07139,2023-01-08,USA-EAST,Krating Daeng 250,Social Media,60,397,24364.14,4,5.0
RB00910,2023-01-04,EUROPE-EU,Original Blue,extreme sports,80,620,20356.12,2,6.0
RB06193,2023-09-12,TH-NORTH,Krating Daeng 250,f1 sponsorship,60,469,50860.63,2,8.0
RB09263,2023-03-22,EUROPE-EU,Red Edition,Social Media,75,561,27822.73,3,6.0
RB06162,2023-04-29,EUROPE-EU,Tropical Edition,extreme sports,85,622,18613.6,4,7.0
RB07869,2024-12-24,USA-EAST,Tropical Edition,f1 sponsorship,85,525,30779.82,5,7.0
RB06471,2023-05-28,USA-EAST,Krating Daeng 250,Social Media,60,460,27142.72,1,8.0
RB02908-DUP,2023-06-06,EUROPE-EU,Original Blue,TV Ad,80,393,9477.13,2,7.0
RB04573,2023-03-12,TH-CENTRAL,Sugarfree,Social Media,90,406,45360.29,1,8.0
RB07870-DUP,2024-09-23,EUROPE-EU,Sugarfree,f1 sponsorship,90,369,15240.04,3,6.0
RB04189,2024-07-30,EUROPE-EU,Red Edition,extreme sports,75,501,21734.03,2,9.0
RB06190,2023-10-02,EUROPE-EU,Original Blue,extreme sports,80,481,47598.04,2,9.0
RB03463,2024-09-19,TH-SOUTH,Tropical Edition,Social Media,85,667,59893.67,4,6.0
RB03080,2023-09-25,TH-NORTH,Sugarfree,TV Ad,90,630,32041.76,5,4.0
RB07895,2024-02-26,USA-WEST,Sugarfree,Social Media,90,382,7998.6,2,3.0
RB08965,2023-02-25,TH-NORTH,Krating Daeng 250,TV Ad,60,722,23809.12,0,7.0
RB07877,2024-04-28,TH-CENTRAL,Red Edition,Social Media,75,607,38021.76,1,9.0
RB05643,2023-06-20,TH-CENTRAL,Tropical Edition,extreme sports,85,510,5511.5,4,10.0
RB03320,2024-02-01,TH-CENTRAL,Krating Daeng 250,in-store promo,60,531,31491.23,2,6.0
RB01068,2023-05-12,USA-EAST,Krating Daeng 250,extreme sports,60,552,14663.3,5,2.0
RB04703,2023-03-09,TH-NORTH,Red Edition,in-store promo,75,365,43558.93,2,8.0
RB05846,2024-09-16,USA-EAST,Krating Daeng 250,extreme sports,60,707,55671.52,3,5.0
RB01796,2023-11-12,TH-NORTH,Original Blue,extreme sports,80,479,33714.38,3,9.0
RB04944,2023-10-24,TH-NORTH,Tropical Edition,Social Media,85,401,31007.9,5,4.0
RB08425,2024-12-07,EUROPE-EU,Red Edition,Social Media,75,627,24389.34,1,6.0
RB05260,2023-03-09,TH-SOUTH,Red Edition,f1 sponsorship,75,463,12579.36,2,4.0
RB02882,2024-05-26,USA-WEST,Sugarfree,in-store promo,90,611,56702.27,2,6.0
RB07127,2023-06-07,TH-NORTH,Tropical Edition,Social Media,85,785,40034.67,2,6.0
RB01999,2023-02-07,TH-SOUTH,Original Blue,extreme sports,80,549,59495.94,2,10.0
RB08659,2024-08-19,TH-SOUTH,Original Blue,extreme sports,80,495,15736.65,1,8.0
RB03274,2024-10-04,USA-EAST,Original Blue,f1 sponsorship,80,457,40761.07,3,3.0
RB00704,2023-11-17,USA-WEST,Sugarfree,in-store promo,90,605,45092.91,2,7.0
RB00109,2023-09-10,USA-EAST,Red Edition,extreme sports,75,501,13510.33,2,5.0
RB01101,2024-11-03,TH-NORTH,Krating Daeng 250,TV Ad,60,653,52489.16,3,7.0
RB00928,2023-04-21,USA-EAST,Tropical Edition,extreme sports,85,371,16028.38,3,2.0
RB03715,2024-06-25,USA-EAST,Red Edition,in-store promo,75,692,48924.44,1,4.0
RB04642,2023-03-31,USA-EAST,Tropical Edition,f1 sponsorship,85,425,14193.73,4,10.0
RB04234,2023-12-10,USA-WEST,Sugarfree,extreme sports,90,659,40531.31,0,4.0
RB06287,2024-09-25,USA-WEST,Tropical Edition,TV Ad,85,604,52236.15,1,4.0
RB02238,2023-10-12,TH-CENTRAL,Original Blue,f1 sponsorship,80,514,36541.61,1,6.0
RB05793,2023-02-02,TH-NORTH,Original Blue,TV Ad,80,667,39798.62,4,5.0
RB01027,2023-05-09,USA-EAST,Tropical Edition,extreme sports,85,409,58027.54,3,3.0
RB08297-DUP,2024-12-18,TH-NORTH,Tropical Edition,in-store promo,85,745,59330.55,2,3.0
RB07009,2024-10-22,ASIA-PACIFIC,Krating Daeng 250,TV Ad,60,500,59879.31,0,1.0
RB03947,2024-07-07,TH-NORTH,Original Blue,f1 sponsorship,80,377,11682.57,2,9.0
RB08715,2024-02-16,EUROPE-EU,Red Edition,Social Media,75,642,9307.9,3,8.0
RB04750,2024-08-24,TH-SOUTH,Sugarfree,in-store promo,90,249,45298.98,2,7.0
RB05341,2024-01-17,ASIA-PACIFIC,Red Edition,in-store promo,75,615,18179.42,2,8.0
RB01299,2023-11-24,ASIA-PACIFIC,Tropical Edition,Social Media,85,512,23958.24,1,7.0
RB03385,2023-01-01,USA-WEST,Tropical Edition,TV Ad,85,12091,14837.28,3,5.0
RB00797,2023-12-12,TH-CENTRAL,Original Blue,TV Ad,80,484,17725.87,1,7.0
RB09052,2023-07-04,TH-NORTH,Original Blue,in-store promo,80,677,20915.72,0,5.0
RB06993,2023-11-10,TH-SOUTH,Sugarfree,in-store promo,90,654,12976.8,1,3.0
RB04406,2023-02-08,TH-NORTH,Red Edition,extreme sports,75,612,17147.98,2,6.0
RB03503,2023-11-20,USA-WEST,Krating Daeng 250,TV Ad,60,784,23440.85,4,6.0
RB03791,2023-06-05,TH-NORTH,Original Blue,TV Ad,80,616,39149.97,2,9.0
RB09588,2023-10-08,TH-NORTH,Original Blue,in-store promo,80,361,54986.59,2,6.0
RB02827,2024-08-10,TH-NORTH,Krating Daeng 250,f1 sponsorship,60,325,50012.06,4,6.0
RB02809,2024-08-03,TH-NORTH,Tropical Edition,extreme sports,85,425,50094.39,2,6.0
RB05263,2023-12-23,USA-WEST,Tropical Edition,f1 sponsorship,85,528,47396.91,1,10.0
RB08845,2023-01-22,TH-NORTH,Original Blue,TV Ad,80,610,21584.0,2,1.0
RB02212-DUP,2023-10-21,TH-CENTRAL,Sugarfree,f1 sponsorship,90,460,32658.19,2,6.0
RB05638,2023-05-06,TH-CENTRAL,Tropical Edition,in-store promo,85,545,18270.82,0,10.0
RB03519,2024-05-16,TH-NORTH,Tropical Edition,f1 sponsorship,85,627,47650.91,2,3.0
RB06105,2023-06-15,USA-EAST,Red Edition,Social Media,75,662,47231.09,2,4.0
RB07457,2023-08-27,TH-CENTRAL,Sugarfree,Social Media,90,574,40098.25,0,5.0
RB03813,2024-11-09,TH-EAST,Sugarfree,Social Media,90,668,27127.47,1,5.0
RB00752,2023-08-24,TH-CENTRAL,Original Blue,extreme sports,80,744,5086.1,3,8.0
RB02283,2024-03-16,TH-NORTH,Krating Daeng 250,in-store promo,60,439,23113.99,1,5.0
RB00098,2024-09-30,USA-EAST,Red Edition,TV Ad,75,701,27682.8,3,6.0
RB06109,2023-01-20,TH-SOUTH,Original Blue,in-store promo,80,652,41081.18,3,8.0
RB03647,2024-12-03,TH-CENTRAL,Red Edition,in-store promo,75,586,58035.04,3,8.0
RB08709,2023-03-10,ASIA-PACIFIC,Original Blue,f1 sponsorship,80,532,37569.37,4,3.0
RB05830,2023-10-24,TH-EAST,Krating Daeng 250,Social Media,60,494,31737.59,1,8.0
RB09423,2023-07-22,USA-WEST,Krating Daeng 250,TV Ad,60,665,12036.33,3,4.0
RB06828,2024-02-09,TH-SOUTH,Krating Daeng 250,extreme sports,60,465,32658.19,2,10.0
RB08527,2024-10-05,USA-WEST,Sugarfree,Social Media,90,817,35359.09,3,10.0
RB09329,2024-09-12,EUROPE-EU,Sugarfree,extreme sports,90,519,15819.77,4,10.0
RB07465,2023-04-18,TH-CENTRAL,Tropical Edition,TV Ad,85,713,51175.97,1,6.0
RB02399,2023-08-11,USA-WEST,Sugarfree,in-store promo,90,638,28066.08,1,4.0
RB04744,2024-02-02,TH-NORTH,Tropical Edition,Social Media,85,428,11157.98,3,8.0
RB02293,2024-07-30,TH-CENTRAL,Original Blue,Social Media,80,425,51118.65,0,5.0
RB06520,2023-10-22,TH-NORTH,Red Edition,in-store promo,75,695,34104.82,5,7.0
RB05267,2024-03-26,TH-NORTH,Original Blue,f1 sponsorship,80,438,21918.66,4,2.0
RB01310,2023-09-29,TH-SOUTH,Red Edition,in-store promo,75,502,25268.23,5,6.0
RB07132,2023-06-16,ASIA-PACIFIC,Red Edition,f1 sponsorship,75,511,57611.34,4,7.0
RB09192,2023-10-20,TH-CENTRAL,Krating Daeng 250,in-store promo,60,532,41509.03,2,5.0
RB06472,2024-07-29,EUROPE-EU,Tropical Edition,Social Media,85,749,32307.91,5,4.0
RB02138,2023-12-22,TH-CENTRAL,Red Edition,extreme sports,75,476,12757.51,4,4.0
RB04202,2023-01-06,EUROPE-EU,Original Blue,TV Ad,80,465,5387.64,1,3.0
RB06668,2023-07-07,TH-CENTRAL,Krating Daeng 250,Social Media,60,412,45622.82,0,9.0
RB07433,2024-05-14,TH-NORTH,Sugarfree,Social Media,90,557,29467.3,3,5.0
RB09367,2024-12-02,TH-CENTRAL,Original Blue,in-store promo,80,484,24820.89,3,9.0
RB04289,2024-08-16,ASIA-PACIFIC,Original Blue,extreme sports,80,707,46412.9,1,8.0
RB01135,2023-01-21,TH-NORTH,Original Blue,in-store promo,80,327,13447.5,2,7.0
RB07257,2024-07-02,TH-CENTRAL,Original Blue,extreme sports,80,570,42009.54,1,3.0
RB07871,2024-07-31,USA-WEST,Original Blue,Social Media,80,390,38385.68,2,6.0
RB07777,2023-07-22,TH-SOUTH,Tropical Edition,TV Ad,85,513,51943.74,2,10.0
RB08908,2024-01-23,TH-EAST,Red Edition,in-store promo,75,506,42037.26,2,9.0
RB04556,2024-07-08,USA-WEST,Krating Daeng 250,Social Media,60,472,21281.31,2,8.0
RB06868,2023-11-03,EUROPE-EU,Sugarfree,f1 sponsorship,90,514,17282.32,2,2.0
RB06773,2024-11-14,TH-CENTRAL,Sugarfree,extreme sports,90,717,31061.77,5,2.0
RB07885,2024-11-03,USA-EAST,Red Edition,in-store promo,75,591,17466.23,1,4.0
RB02134,2023-09-08,TH-SOUTH,Krating Daeng 250,Social Media,60,622,11941.48,2,4.0
RB05582,2023-10-03,TH-NORTH,Original Blue,extreme sports,80,491,12032.47,2,6.0
RB08780-DUP,2024-08-16,TH-CENTRAL,Red Edition,in-store promo,75,491,10965.01,0,5.0
RB09080,2024-06-19,TH-CENTRAL,Krating Daeng 250,Social Media,60,639,26247.19,5,4.0
RB08923,2023-02-17,TH-NORTH,Red Edition,f1 sponsorship,75,556,37541.74,2,7.0
RB01958,2023-03-18,TH-CENTRAL,Krating Daeng 250,f1 sponsorship,60,491,48816.6,1,5.0
RB02731,2023-10-12,USA-WEST,Sugarfree,in-store promo,90,594,21517.61,0,10.0
RB00226,2024-07-24,TH-NORTH,Tropical Edition,in-store promo,85,540,35491.01,1,6.0
RB06710,2023-08-29,TH-EAST,Sugarfree,f1 sponsorship,90,601,48741.03,2,6.0
RB08362,2023-05-09,TH-NORTH,Sugarfree,f1 sponsorship,90,397,12319.06,2,4.0
RB05486,2023-09-26,TH-SOUTH,Krating Daeng 250,TV Ad,60,843,39272.05,3,3.0
RB06643,2024-06-11,ASIA-PACIFIC,Krating Daeng 250,extreme sports,60,606,13501.02,3,6.0
RB00232-DUP,2024-11-13,TH-SOUTH,Red Edition,TV Ad,75,558,32658.19,1,8.0
RB05412,2024-09-04,USA-EAST,Tropical Edition,TV Ad,85,561,38542.84,2,3.0
RB05844,2023-09-22,TH-CENTRAL,Original Blue,in-store promo,80,517,58284.09,1,5.0
RB01921,2024-10-21,TH-NORTH,Original Blue,Social Media,80,680,23095.25,4,9.0
RB04420,2024-04-03,EUROPE-EU,Tropical Edition,in-store promo,85,483,50851.82,1,10.0
RB04534,2023-08-07,TH-EAST,Original Blue,TV Ad,80,466,37394.43,3,3.0
RB08849,2023-03-25,EUROPE-EU,Sugarfree,Social Media,90,497,16621.67,1,9.0
RB03838,2024-02-25,TH-NORTH,Red Edition,extreme sports,75,711,17811.92,1,6.0
RB06394,2023-08-14,TH-NORTH,Original Blue,Social Media,80,558,41594.61,5,6.0
RB01678,2024-05-12,EUROPE-EU,Original Blue,extreme sports,80,404,46674.36,1,6.0
RB04920,2024-12-24,TH-SOUTH,Krating Daeng 250,extreme sports,60,497,23820.19,5,6.0
RB06897,2024-07-09,TH-EAST,Krating Daeng 250,in-store promo,60,657,53767.29,4,8.0
RB01532,2023-04-16,TH-CENTRAL,Krating Daeng 250,extreme sports,60,436,24086.37,4,6.0
RB06999,2024-11-02,TH-NORTH,Krating Daeng 250,in-store promo,60,519,5771.33,2,6.0
RB02781,2024-05-02,TH-CENTRAL,Original Blue,TV Ad,80,303,44131.72,2,6.0
RB00024,2023-01-29,TH-CENTRAL,Sugarfree,Social Media,90,587,24805.33,0,2.0
RB02633,2023-05-17,EUROPE-EU,Original Blue,TV Ad,80,569,42909.54,1,1.0
RB07540,2023-11-01,TH-EAST,Tropical Edition,Social Media,85,543,8293.69,3,6.0
RB01235,2023-07-30,TH-NORTH,Tropical Edition,Social Media,85,699,56959.37,3,8.0
RB05446,2023-07-29,TH-EAST,Krating Daeng 250,Social Media,60,681,22363.17,1,6.0
RB07854,2024-10-07,USA-EAST,Original Blue,f1 sponsorship,80,779,28560.26,2,9.0
RB00590,2024-06-15,USA-EAST,Original Blue,extreme sports,80,471,26638.77,2,6.0
RB09110,2023-12-19,TH-CENTRAL,Original Blue,TV Ad,80,576,32658.19,2,6.0
RB07225,2023-09-30,TH-EAST,Original Blue,f1 sponsorship,80,409,20804.59,1,8.0
RB08230,2024-04-27,USA-WEST,Sugarfree,extreme sports,90,723,8592.34,2,7.0
RB07219,2024-06-01,TH-SOUTH,Sugarfree,Social Media,90,543,49325.34,1,6.0
RB03337,2023-12-14,TH-CENTRAL,Red Edition,TV Ad,75,398,12965.06,0,6.0
RB09463,2024-09-04,USA-EAST,Red Edition,extreme sports,75,385,50352.3,1,2.0
RB03512-DUP,2023-12-19,TH-CENTRAL,Krating Daeng 250,f1 sponsorship,60,519,47648.81,4,6.0
RB09375,2023-02-23,USA-WEST,Krating Daeng 250,in-store promo,60,475,31744.21,88,6.0
RB08778,2023-04-05,TH-CENTRAL,Original Blue,f1 sponsorship,80,530,13023.79,2,6.0
RB07785,2023-11-11,TH-CENTRAL,Sugarfree,extreme sports,90,656,24817.86,2,1.0
RB08563,2024-10-23,USA-EAST,Sugarfree,Social Media,90,669,51066.37,3,5.0
RB08413,2024-06-14,USA-WEST,Sugarfree,in-store promo,90,467,44470.55,4,7.0
RB06330,2023-06-29,USA-WEST,Tropical Edition,in-store promo,85,714,10019.01,3,7.0
RB04842,2024-07-01,TH-SOUTH,Red Edition,extreme sports,75,405,10202.24,2,4.0
RB01405,2024-10-06,TH-NORTH,Sugarfree,extreme sports,90,661,30944.86,2,6.0
RB05918,2023-04-30,TH-CENTRAL,Krating Daeng 250,f1 sponsorship,60,409,44195.28,4,6.0
RB03202,2024-12-04,USA-EAST,Krating Daeng 250,extreme sports,60,654,36522.01,3,9.0
RB00450,2023-01-20,TH-NORTH,Sugarfree,TV Ad,90,650,19551.7,3,10.0
RB01153,2023-07-18,TH-EAST,Red Edition,Social Media,75,587,37505.1,5,3.0
RB00304,2024-07-13,TH-CENTRAL,Red Edition,TV Ad,75,491,56330.44,3,2.0
RB03652,2024-10-01,TH-SOUTH,Sugarfree,f1 sponsorship,90,423,47483.58,3,9.0
RB06655,2024-12-21,TH-NORTH,Krating Daeng 250,in-store promo,60,720,56341.52,1,1.0
RB07778,2024-01-06,TH-NORTH,Krating Daeng 250,in-store promo,60,637,54341.94,3,3.0
RB08977,2024-02-07,USA-WEST,Original Blue,TV Ad,80,503,41504.13,4,7.0
RB06760,2023-04-03,TH-CENTRAL,Sugarfree,f1 sponsorship,90,350,25854.32,5,9.0
RB09354,2024-11-15,USA-WEST,Red Edition,TV Ad,75,591,28255.02,1,10.0
RB01720,2024-02-20,EUROPE-EU,Krating Daeng 250,TV Ad,60,571,48194.89,4,7.0
RB04639,2023-06-08,USA-EAST,Tropical Edition,extreme sports,85,649,32579.6,1,7.0
RB07738,2024-10-12,TH-SOUTH,Krating Daeng 250,extreme sports,60,584,57041.74,2,6.0
RB04437,2024-02-12,TH-EAST,Krating Daeng 250,in-store promo,60,493,41324.9,5,7.0
RB01588,2023-10-18,TH-CENTRAL,Tropical Edition,TV Ad,85,598,24216.52,5,2.0
RB05037,2024-11-07,TH-CENTRAL,Sugarfree,TV Ad,90,604,57129.93,2,9.0
RB07143,2023-01-21,USA-WEST,Krating Daeng 250,TV Ad,60,566,46964.6,3,9.0
RB05248,2024-03-28,USA-WEST,Red Edition,f1 sponsorship,75,613,21162.63,0,10.0
RB09233,2024-12-20,TH-CENTRAL,Red Edition,f1 sponsorship,75,585,32658.19,2,7.0
RB04894,2024-08-13,TH-CENTRAL,Tropical Edition,extreme sports,85,538,19903.77,3,10.0
RB02643,2024-06-29,TH-NORTH,Tropical Edition,TV Ad,85,556,57636.2,2,9.0
RB08870,2023-04-08,TH-NORTH,Original Blue,TV Ad,80,593,33581.0,2,1.0
RB06113,2024-03-13,TH-SOUTH,Red Edition,Social Media,75,509,50350.84,3,10.0
RB03872,2024-07-22,USA-EAST,Red Edition,in-store promo,75,771,37706.35,4,6.0
RB08796,2024-05-26,TH-EAST,Red Edition,f1 sponsorship,75,227,48489.35,2,7.0
RB03566,2023-09-18,USA-EAST,Tropical Edition,Social Media,85,471,57667.5,1,10.0
RB05762,2024-08-06,TH-NORTH,Tropical Edition,extreme sports,85,535,39851.73,3,6.0
RB04299,2024-11-26,TH-CENTRAL,Original Blue,in-store promo,80,551,15366.85,5,7.0
RB00596,2024-02-25,TH-EAST,Red Edition,f1 sponsorship,75,658,39371.72,2,7.0
RB09289,2023-10-29,TH-NORTH,Sugarfree,in-store promo,90,508,58732.94,3,6.0
RB05181,2024-08-12,TH-CENTRAL,Tropical Edition,Social Media,85,587,58780.29,1,10.0
RB01324-DUP,2024-12-27,TH-SOUTH,Tropical Edition,TV Ad,85,815,16108.5,2,9.0
RB03580,2024-03-26,EUROPE-EU,Red Edition,extreme sports,75,444,33914.34,2,6.0
RB03851,2024-03-16,USA-EAST,Krating Daeng 250,TV Ad,60,731,47407.45,2,6.0
RB00982,2024-07-01,TH-CENTRAL,Tropical Edition,f1 sponsorship,85,560,55235.83,2,1.0
RB06633,2023-12-29,ASIA-PACIFIC,Krating Daeng 250,extreme sports,60,311,49465.51,5,7.0
RB02636,2023-10-14,TH-CENTRAL,Tropical Edition,extreme sports,85,703,48295.74,3,6.0
RB07073,2023-01-18,EUROPE-EU,Sugarfree,TV Ad,90,469,31158.69,1,6.0
RB00814,2023-08-17,USA-EAST,Red Edition,extreme sports,75,573,57271.22,4,9.0
RB01333,2023-01-11,TH-SOUTH,Sugarfree,TV Ad,90,489,26528.49,2,5.0
RB02696,2024-03-01,TH-NORTH,Krating Daeng 250,in-store promo,60,497,38834.33,4,6.0
RB04096,2024-05-09,ASIA-PACIFIC,Sugarfree,Social Media,90,804,33799.4,2,8.0
RB00945,2024-12-19,USA-WEST,Original Blue,extreme sports,80,536,31312.75,4,6.0
RB03918,2024-07-08,TH-NORTH,Original Blue,extreme sports,80,14656,19674.46,1,3.0
RB01493,2024-01-18,USA-EAST,Red Edition,in-store promo,75,691,20368.35,3,5.0
RB03522,2024-03-26,EUROPE-EU,Original Blue,Social Media,80,577,23517.64,2,6.0
RB00366,2024-12-08,TH-NORTH,Red Edition,extreme sports,75,475,26384.59,4,6.0
RB02589,2023-08-18,EUROPE-EU,Original Blue,f1 sponsorship,80,372,44153.82,4,2.0
RB04990,2023-03-11,TH-CENTRAL,Krating Daeng 250,in-store promo,60,703,46484.68,2,1.0
RB04368,2023-07-05,USA-EAST,Original Blue,TV Ad,80,520,39326.35,2,10.0
RB07150,2023-01-01,TH-CENTRAL,Sugarfree,extreme sports,90,454,58031.01,2,9.0
RB05315,2023-02-17,TH-SOUTH,Original Blue,Social Media,80,634,32658.19,1,7.0
RB06324,2024-04-27,USA-WEST,Red Edition,Social Media,75,626,11886.37,1,8.0
RB07692,2023-06-09,USA-EAST,Red Edition,Social Media,75,726,13507.35,0,6.0
RB02416,2024-12-20,TH-CENTRAL,Krating Daeng 250,f1 sponsorship,60,733,44054.31,2,7.0
RB00756,2023-08-02,USA-WEST,Red Edition,TV Ad,75,505,8078.54,4,5.0
RB07456,2024-08-22,TH-CENTRAL,Sugarfree,Social Media,90,650,15611.87,3,5.0
RB03825,2023-02-26,EUROPE-EU,Original Blue,in-store promo,80,618,26707.99,0,4.0
RB07861,2024-04-13,USA-EAST,Krating Daeng 250,Social Media,60,669,53252.4,2,4.0
RB02774,2023-03-29,USA-EAST,Original Blue,Social Media,80,652,6785.25,5,9.0
RB06635,2024-02-16,EUROPE-EU,Sugarfree,in-store promo,90,562,58600.56,5,4.0
RB06974,2024-07-17,EUROPE-EU,Original Blue,f1 sponsorship,80,293,44232.4,2,4.0
RB07001,2024-11-26,TH-SOUTH,Tropical Edition,TV Ad,85,536,814287.57,1,1.0
RB07733,2024-04-07,USA-EAST,Krating Daeng 250,in-store promo,60,443,12431.52,5,9.0
RB08045,2024-05-29,TH-EAST,Krating Daeng 250,in-store promo,60,719,44006.16,3,4.0
RB01447,2023-08-14,TH-NORTH,Krating Daeng 250,in-store promo,60,565,50981.57,2,6.0
RB05439,2023-03-14,EUROPE-EU,Tropical Edition,extreme sports,85,519,34147.48,1,2.0
RB02733,2024-04-28,USA-EAST,Original Blue,extreme sports,80,510,32658.19,5,3.0
RB07335,2023-03-12,TH-CENTRAL,Krating Daeng 250,in-store promo,60,486,5578.91,5,7.0
RB02237,2023-05-03,TH-NORTH,Red Edition,f1 sponsorship,75,423,27506.04,4,4.0
RB04818,2023-10-09,USA-EAST,Red Edition,extreme sports,75,497,884373.65,1,2.0
RB06866,2023-02-02,TH-CENTRAL,Original Blue,TV Ad,80,653,30207.54,1,7.0
RB05529,2023-08-25,USA-EAST,Original Blue,in-store promo,80,549,51321.44,0,7.0
RB08927,2023-09-12,TH-CENTRAL,Sugarfree,extreme sports,90,415,26757.39,2,5.0
RB01108,2023-07-30,TH-CENTRAL,Sugarfree,Social Media,90,353,57148.62,4,6.0
RB00792,2023-08-08,TH-CENTRAL,Tropical Edition,f1 sponsorship,85,462,53238.67,0,6.0
RB09553,2023-12-23,USA-EAST,Tropical Edition,f1 sponsorship,85,879,48890.39,1,2.0
RB07511,2024-07-20,USA-EAST,Red Edition,extreme sports,75,765,32220.94,1,4.0
RB02496,2024-08-23,TH-NORTH,Krating Daeng 250,in-store promo,60,702,49723.2,1,4.0
RB01075,2023-06-26,TH-NORTH,Sugarfree,in-store promo,90,457,32658.19,1,3.0
RB04549,2023-09-30,TH-SOUTH,Krating Daeng 250,extreme sports,60,609,48924.13,1,5.0
RB06628,2024-11-17,USA-EAST,Red Edition,Social Media,75,731,22584.27,3,5.0
RB04737,2024-02-03,TH-NORTH,Red Edition,in-store promo,75,412,13953.75,2,6.0
RB07691,2023-06-17,USA-WEST,Original Blue,f1 sponsorship,80,624,23015.4,2,5.0
RB00805,2023-10-10,USA-EAST,Sugarfree,extreme sports,90,541,54684.51,1,2.0
RB09134,2024-05-20,TH-CENTRAL,Sugarfree,TV Ad,90,495,38598.83,0,6.0
RB09426,2024-03-09,TH-CENTRAL,Sugarfree,in-store promo,90,486,47411.46,2,3.0
RB07000,2024-12-04,TH-SOUTH,Tropical Edition,Social Media,85,446,11569.8,2,7.0
RB00436,2024-02-10,TH-NORTH,Tropical Edition,extreme sports,85,323,11354.54,3,9.0
RB08357,2024-01-21,TH-CENTRAL,Krating Daeng 250,TV Ad,60,578,31739.63,4,9.0
RB08562,2024-02-11,USA-EAST,Red Edition,Social Media,75,326,5433.67,3,6.0
RB06957,2023-12-26,ASIA-PACIFIC,Krating Daeng 250,f1 sponsorship,60,427,14400.69,0,8.0
RB04021,2024-05-04,TH-CENTRAL,Krating Daeng 250,Social Media,60,11417,14674.38,1,2.0
RB06763,2024-06-30,USA-EAST,Krating Daeng 250,TV Ad,60,523,52553.42,2,8.0
RB02640,2024-09-30,USA-WEST,Tropical Edition,extreme sports,85,554,15225.19,4,10.0
RB00141,2023-05-20,USA-EAST,Krating Daeng 250,extreme sports,60,366,14365.02,2,7.0
RB01819,2023-09-19,TH-NORTH,Krating Daeng 250,Social Media,60,391,38175.21,3,1.0
RB00649,2024-04-24,TH-NORTH,Original Blue,TV Ad,80,603,7062.57,3,5.0
RB07179,2023-09-28,TH-NORTH,Tropical Edition,Social Media,85,471,12809.7,2,6.0
RB05359,2024-08-11,TH-NORTH,Krating Daeng 250,TV Ad,60,596,59914.9,0,9.0
RB09236,2024-12-13,USA-WEST,Krating Daeng 250,f1 sponsorship,60,514,46251.64,2,6.0
RB03633,2024-02-20,TH-NORTH,Red Edition,extreme sports,75,517,32658.19,2,6.0
RB03411,2024-07-05,TH-NORTH,Krating Daeng 250,extreme sports,60,389,34613.66,3,7.0
RB09377,2023-04-06,USA-EAST,Krating Daeng 250,in-store promo,60,708,32658.19,1,3.0
RB07400,2024-05-18,USA-EAST,Krating Daeng 250,extreme sports,60,520,31222.91,4,6.0
RB06183,2023-09-29,USA-EAST,Sugarfree,f1 sponsorship,90,472,31484.3,2,5.0
RB04387,2023-04-29,TH-NORTH,Original Blue,extreme sports,80,457,29049.88,2,8.0
RB05664,2024-12-21,TH-NORTH,Sugarfree,extreme sports,90,427,23953.49,5,6.0
RB07203,2023-04-10,USA-EAST,Krating Daeng 250,f1 sponsorship,60,489,13989.19,2,8.0
RB05304,2024-12-10,TH-NORTH,Red Edition,in-store promo,75,352,48238.82,2,10.0
RB08622,2023-04-19,TH-SOUTH,Krating Daeng 250,TV Ad,60,623,53047.89,1,6.0
RB00143,2023-11-24,USA-EAST,Red Edition,in-store promo,75,516,25369.01,4,6.0
RB04911,2024-02-29,ASIA-PACIFIC,Red Edition,in-store promo,75,531,44811.64,4,6.0
RB00170,2024-05-01,TH-CENTRAL,Sugarfree,extreme sports,90,539,19817.56,3,9.0
RB08679,2024-01-30,TH-EAST,Tropical Edition,TV Ad,85,645,43117.15,2,8.0
RB00463,2024-06-12,TH-CENTRAL,Sugarfree,TV Ad,90,387,32658.19,2,8.0
RB03132,2023-03-11,TH-CENTRAL,Sugarfree,Social Media,90,479,59097.84,0,8.0
RB00465,2024-07-31,TH-CENTRAL,Krating Daeng 250,Social Media,60,508,5956.6,1,6.0
RB01346,2024-05-19,TH-NORTH,Krating Daeng 250,TV Ad,60,490,28343.24,1,6.0
RB03997,2024-06-04,TH-NORTH,Tropical Edition,f1 sponsorship,85,315,43259.08,2,9.0
RB08444,2024-09-10,USA-EAST,Original Blue,f1 sponsorship,80,514,35110.43,2,5.0
RB08763,2023-12-31,TH-NORTH,Krating Daeng 250,f1 sponsorship,60,559,15352.75,3,2.0
RB03922,2023-01-01,ASIA-PACIFIC,Krating Daeng 250,Social Media,60,373,51255.42,1,2.0
RB07841,2024-02-15,EUROPE-EU,Tropical Edition,f1 sponsorship,85,501,12361.89,1,6.0
RB08261,2023-03-19,USA-WEST,Red Edition,TV Ad,75,685,30332.49,3,5.0
RB02308,2024-02-09,TH-EAST,Red Edition,f1 sponsorship,75,200,5300.85,2,8.0
RB02392,2024-02-06,TH-NORTH,Red Edition,Social Media,75,577,50402.47,3,5.0
RB07630,2023-03-19,TH-NORTH,Tropical Edition,Social Media,85,317,28462.07,0,8.0
RB00497,2023-08-08,USA-EAST,Red Edition,extreme sports,75,474,32290.56,5,2.0
RB00178,2024-09-23,TH-NORTH,Tropical Edition,extreme sports,85,325,47657.28,4,1.0
RB03607,2023-10-09,TH-CENTRAL,Original Blue,extreme sports,80,639,54022.04,3,8.0
RB06613,2023-10-02,TH-CENTRAL,Krating Daeng 250,Social Media,60,665,39389.1,3,5.0
RB02706,2023-03-24,USA-EAST,Original Blue,f1 sponsorship,80,614,38723.49,1,7.0
RB09116,2023-11-24,TH-EAST,Original Blue,in-store promo,80,375,47501.0,2,1.0
RB00442,2023-06-27,USA-EAST,Red Edition,TV Ad,75,446,18252.92,5,2.0
RB01700,2024-06-06,TH-NORTH,Original Blue,f1 sponsorship,80,391,6217.87,2,6.0
RB04956,2023-10-26,TH-CENTRAL,Sugarfree,f1 sponsorship,90,401,45469.31,3,8.0
RB08324,2024-03-19,USA-WEST,Krating Daeng 250,Social Media,60,846,40983.01,3,4.0
RB07668,2023-12-09,TH-CENTRAL,Sugarfree,TV Ad,90,446,16704.46,2,7.0
RB03489,2024-01-15,USA-EAST,Tropical Edition,extreme sports,85,569,19097.49,2,4.0
RB08926,2023-11-08,USA-EAST,Krating Daeng 250,f1 sponsorship,60,605,15595.77,1,6.0
RB05053,2024-10-04,EUROPE-EU,Krating Daeng 250,f1 sponsorship,60,558,41140.69,1,7.0
RB00373,2024-08-21,USA-EAST,Sugarfree,extreme sports,90,524,13355.97,2,4.0
RB01016,2024-06-11,TH-SOUTH,Original Blue,in-store promo,80,438,17210.9,1,10.0
RB01739,2024-10-17,USA-EAST,Original Blue,f1 sponsorship,80,626,32005.8,1,10.0
RB02188,2023-04-20,TH-CENTRAL,Red Edition,f1 sponsorship,75,544,38473.45,2,7.0
RB01393,2024-09-14,TH-EAST,Original Blue,extreme sports,80,734,52169.99,2,7.0
RB02056,2024-08-05,TH-NORTH,Tropical Edition,extreme sports,85,551,57076.53,0,10.0
RB02755,2024-01-06,USA-WEST,Krating Daeng 250,f1 sponsorship,60,578,52943.76,3,9.0
RB02136,2023-09-24,ASIA-PACIFIC,Sugarfree,in-store promo,90,698,12435.9,5,9.0
RB07661,2023-09-05,USA-WEST,Red Edition,extreme sports,75,510,16584.12,2,9.0
RB07086,2024-01-28,USA-WEST,Sugarfree,in-store promo,90,629,33137.84,3,8.0
RB03924,2024-07-09,TH-SOUTH,Sugarfree,TV Ad,90,614,25958.91,3,3.0
RB05449,2024-04-19,USA-WEST,Krating Daeng 250,TV Ad,60,300,10134.38,3,10.0
RB05145,2024-08-12,USA-EAST,Sugarfree,f1 sponsorship,90,584,7363.55,0,7.0
RB02955,2023-11-03,EUROPE-EU,Original Blue,TV Ad,80,758,38554.66,2,10.0
RB00586,2023-05-09,TH-NORTH,Krating Daeng 250,Social Media,60,607,19756.46,3,8.0
RB02319,2024-11-07,TH-NORTH,Tropical Edition,f1 sponsorship,85,248,30308.13,3,10.0
RB00209,2024-08-21,TH-NORTH,Krating Daeng 250,f1 sponsorship,60,295,33689.18,2,4.0
RB08354,2023-05-20,EUROPE-EU,Tropical Edition,f1 sponsorship,85,609,22481.71,2,9.0
RB06962,2024-11-06,TH-CENTRAL,Original Blue,extreme sports,80,448,16439.82,2,7.0
RB09382,2024-05-31,USA-EAST,Red Edition,in-store promo,75,308,37814.19,4,4.0
RB02112,2024-01-01,TH-NORTH,Krating Daeng 250,extreme sports,60,670,51754.57,1,4.0
RB04292,2023-06-22,USA-EAST,Sugarfree,extreme sports,90,395,36682.57,2,2.0
RB02707,2024-01-31,TH-CENTRAL,Tropical Edition,extreme sports,85,629,49959.92,5,8.0
RB02479,2023-05-04,ASIA-PACIFIC,Krating Daeng 250,f1 sponsorship,60,601,30489.51,3,6.0
RB07302,2023-01-07,TH-SOUTH,Sugarfree,extreme sports,90,683,15934.29,3,7.0
RB08429,2024-03-23,TH-NORTH,Krating Daeng 250,f1 sponsorship,60,506,13773.25,1,5.0
RB08489,2024-11-21,TH-SOUTH,Sugarfree,extreme sports,90,836,6263.03,1,7.0
RB05458,2023-12-03,USA-EAST,Sugarfree,f1 sponsorship,90,496,51711.94,1,4.0
RB08769,2024-09-11,ASIA-PACIFIC,Krating Daeng 250,f1 sponsorship,60,508,21634.2,1,3.0
RB07071,2023-02-13,TH-EAST,Sugarfree,TV Ad,90,456,53606.77,3,6.0
RB06735,2024-03-09,TH-CENTRAL,Red Edition,in-store promo,75,672,45968.85,2,8.0
RB04188,2024-09-30,TH-NORTH,Red Edition,in-store promo,75,544,40622.84,3,1.0
RB04733,2024-12-22,USA-EAST,Sugarfree,in-store promo,90,501,35854.84,2,2.0
RB04879,2023-04-01,TH-CENTRAL,Red Edition,f1 sponsorship,75,794,27541.28,1,5.0
RB01961,2023-03-13,USA-EAST,Red Edition,Social Media,75,494,18642.25,3,8.0
RB07896,2024-08-12,TH-NORTH,Sugarfree,in-store promo,90,642,48782.81,0,7.0
RB09298,2023-09-07,USA-EAST,Original Blue,TV Ad,80,613,17673.93,2,7.0
RB07636,2023-04-02,TH-EAST,Original Blue,Social Media,80,760,24392.99,3,7.0
RB03532,2023-08-16,EUROPE-EU,Tropical Edition,f1 sponsorship,85,676,33933.65,5,4.0
RB06476,2023-12-14,TH-EAST,Sugarfree,extreme sports,90,641,34205.21,1,9.0
RB04152,2024-04-23,TH-CENTRAL,Krating Daeng 250,in-store promo,60,444,7937.17,1,8.0
RB03910,2024-05-29,TH-EAST,Tropical Edition,TV Ad,85,649,49059.87,1,5.0
RB02193,2023-11-01,USA-WEST,Krating Daeng 250,in-store promo,60,550,23827.46,0,6.0
RB05548,2024-05-18,TH-CENTRAL,Red Edition,f1 sponsorship,75,586,47015.34,0,4.0
RB06036,2023-09-25,TH-EAST,Original Blue,Social Media,80,703,38073.85,1,6.0
RB04484,2023-01-12,TH-NORTH,Red Edition,Social Media,75,589,39003.81,3,7.0
RB09481,2023-11-15,TH-NORTH,Original Blue,extreme sports,80,617,36853.12,3,3.0
RB07152,2024-10-21,TH-SOUTH,Tropical Edition,f1 sponsorship,85,423,22068.06,1,4.0
RB00206,2024-09-20,TH-SOUTH,Red Edition,extreme sports,75,995,25190.27,5,9.0
RB06891,2024-07-02,ASIA-PACIFIC,Red Edition,f1 sponsorship,75,652,44933.01,3,3.0
RB04255,2024-12-30,TH-NORTH,Red Edition,Social Media,75,680,13129.15,1,6.0
RB01326,2023-12-15,TH-EAST,Krating Daeng 250,extreme sports,60,709,10724.42,0,3.0
RB08382,2023-10-12,TH-EAST,Sugarfree,in-store promo,90,537,59402.6,0,4.0
RB00439,2023-05-12,TH-NORTH,Tropical Edition,Social Media,85,451,52209.63,3,6.0
RB07356,2024-05-20,TH-EAST,Krating Daeng 250,TV Ad,60,799,15210.57,1,6.0
RB05508,2024-02-16,TH-CENTRAL,Original Blue,Social Media,80,637,55782.91,2,6.0
RB07210,2023-07-05,TH-SOUTH,Tropical Edition,Social Media,85,590,8805.53,3,6.0
RB00355,2023-01-24,USA-EAST,Sugarfree,f1 sponsorship,90,523,34890.38,2,6.0
RB03145,2023-01-12,USA-WEST,Krating Daeng 250,TV Ad,60,361,22363.69,2,8.0
RB06173,2024-12-05,USA-EAST,Red Edition,Social Media,75,542,58054.62,2,4.0
RB07199,2024-12-04,ASIA-PACIFIC,Original Blue,Social Media,80,529,47307.15,2,6.0
RB04447,2024-09-28,TH-SOUTH,Tropical Edition,in-store promo,85,664,31420.81,2,3.0
RB04914,2024-06-20,USA-EAST,Krating Daeng 250,Social Media,60,486,35482.37,1,7.0
RB02320,2023-04-08,USA-WEST,Red Edition,extreme sports,75,739,50960.3,2,8.0
RB08919,2024-10-05,USA-WEST,Red Edition,in-store promo,75,457,20275.27,4,6.0
RB04156,2023-05-11,TH-CENTRAL,Sugarfree,extreme sports,90,518,37705.47,1,9.0
RB05405,2024-09-08,TH-NORTH,Red Edition,f1 sponsorship,75,545,18183.94,1,3.0
RB03115,2024-02-24,EUROPE-EU,Red Edition,f1 sponsorship,75,616,45476.36,4,6.0
RB02773,2023-06-06,EUROPE-EU,Krating Daeng 250,extreme sports,60,562,15307.86,2,8.0
RB02339,2023-06-28,TH-NORTH,Sugarfree,in-store promo,90,600,47952.21,2,9.0
RB00880,2023-02-18,TH-EAST,Krating Daeng 250,in-store promo,60,634,35911.71,1,4.0
RB00998,2023-01-01,TH-NORTH,Tropical Edition,f1 sponsorship,85,608,15873.11,1,7.0
RB02736,2023-10-29,USA-EAST,Tropical Edition,TV Ad,85,741,12795.04,1,6.0
RB05204,2023-10-08,TH-CENTRAL,Red Edition,in-store promo,75,605,32078.58,5,6.0
RB00212,2024-08-28,USA-EAST,Original Blue,in-store promo,80,733,11740.41,1,6.0
RB02316,2023-03-16,USA-WEST,Red Edition,f1 sponsorship,75,446,57099.24,5,3.0
RB02571,2023-12-17,USA-EAST,Sugarfree,f1 sponsorship,90,323,40932.41,2,2.0
RB01972,2023-11-30,TH-SOUTH,Sugarfree,in-store promo,90,614,13084.56,2,6.0
RB09418,2024-12-12,USA-WEST,Krating Daeng 250,Social Media,60,651,45415.76,4,4.0
RB08844-DUP,2023-12-31,TH-EAST,Sugarfree,f1 sponsorship,90,657,36810.02,1,10.0
RB05923,2024-07-31,USA-EAST,Red Edition,TV Ad,75,551,14641.5,5,4.0
RB08025,2024-04-22,TH-SOUTH,Krating Daeng 250,extreme sports,60,9519,53164.81,5,6.0
RB08713,2024-07-05,TH-NORTH,Original Blue,extreme sports,80,776,10968.84,3,6.0
RB05159,2024-04-14,TH-NORTH,Original Blue,in-store promo,80,733,53189.0,4,8.0
RB00390,2023-11-18,TH-SOUTH,Original Blue,extreme sports,80,715,49371.73,5,8.0
RB09417,2023-06-22,TH-NORTH,Tropical Edition,f1 sponsorship,85,628,53159.9,2,7.0
RB06047,2024-09-12,EUROPE-EU,Red Edition,TV Ad,75,470,5430.55,1,2.0
RB06836,2024-07-25,USA-WEST,Krating Daeng 250,extreme sports,60,639,9893.86,1,6.0
RB07116,2024-10-11,USA-EAST,Krating Daeng 250,Social Media,60,581,8848.48,3,8.0
RB03152,2023-09-08,USA-WEST,Tropical Edition,f1 sponsorship,85,649,5949.61,4,2.0
RB07119,2023-12-21,EUROPE-EU,Tropical Edition,in-store promo,85,725,14398.5,0,7.0
RB01069,2023-12-04,USA-EAST,Original Blue,extreme sports,80,421,17482.2,5,10.0
RB06596,2024-01-22,USA-WEST,Original Blue,f1 sponsorship,80,464,36517.48,4,10.0
RB03299,2024-06-19,TH-EAST,Krating Daeng 250,in-store promo,60,643,59767.62,5,3.0
RB04851,2024-09-27,ASIA-PACIFIC,Sugarfree,in-store promo,90,610,6680.72,3,3.0
RB04798,2023-03-19,TH-SOUTH,Tropical Edition,TV Ad,85,736,52745.23,5,6.0
RB07529,2024-08-13,TH-CENTRAL,Original Blue,TV Ad,80,660,43694.35,3,3.0
RB08892,2024-09-26,TH-EAST,Red Edition,Social Media,75,607,1839860.3,2,5.0
RB06031,2024-08-21,TH-NORTH,Sugarfree,Social Media,90,546,53276.33,2,9.0
RB01313,2023-02-25,TH-NORTH,Tropical Edition,extreme sports,85,518,35449.8,3,5.0
RB04293,2023-10-15,TH-CENTRAL,Krating Daeng 250,in-store promo,60,394,39606.33,2,4.0
RB09308,2023-04-05,EUROPE-EU,Original Blue,Social Media,80,273,30383.83,3,7.0
RB01501,2024-03-18,TH-SOUTH,Original Blue,extreme sports,80,661,42353.34,4,2.0
RB00652,2024-02-18,TH-SOUTH,Krating Daeng 250,in-store promo,60,621,28305.2,2,6.0
RB07003,2023-12-26,EUROPE-EU,Tropical Edition,TV Ad,85,635,40168.55,1,7.0
RB09201,2023-03-16,USA-EAST,Red Edition,f1 sponsorship,75,416,8295.97,2,6.0
RB09046,2023-05-31,TH-NORTH,Krating Daeng 250,Social Media,60,680,52656.56,5,7.0
RB01854,2023-04-07,TH-NORTH,Red Edition,f1 sponsorship,75,661,27933.93,3,3.0
RB08415,2023-02-22,TH-CENTRAL,Original Blue,in-store promo,80,813,18668.07,0,5.0
RB03265,2023-08-07,TH-NORTH,Tropical Edition,Social Media,85,378,54327.48,3,4.0
RB05151,2023-11-18,ASIA-PACIFIC,Red Edition,f1 sponsorship,75,415,8840.01,0,6.0
RB02713,2023-05-20,USA-WEST,Krating Daeng 250,Social Media,60,270,17629.64,3,8.0
RB06712,2023-07-15,USA-EAST,Red Edition,TV Ad,75,481,7176.76,5,4.0
RB09338,2023-10-07,TH-EAST,Red Edition,TV Ad,75,599,22290.57,0,10.0
RB02090,2023-03-22,TH-NORTH,Tropical Edition,f1 sponsorship,85,559,30375.11,5,7.0
RB09583,2024-05-20,TH-SOUTH,Sugarfree,in-store promo,90,515,42912.87,0,9.0
RB08299,2023-01-16,EUROPE-EU,Original Blue,Social Media,80,391,42066.14,2,6.0
RB05150,2023-08-08,TH-CENTRAL,Original Blue,Social Media,80,394,27744.36,3,8.0
RB08388,2023-06-19,USA-EAST,Red Edition,extreme sports,75,737,40510.08,2,9.0
RB05621,2024-07-10,TH-NORTH,Krating Daeng 250,Social Media,60,563,51290.31,2,8.0
RB02336,2024-10-17,ASIA-PACIFIC,Original Blue,extreme sports,80,570,38082.7,4,10.0
RB03539,2023-06-20,TH-NORTH,Red Edition,Social Media,75,507,45407.89,3,5.0
RB05000,2023-02-08,TH-NORTH,Red Edition,extreme sports,75,630,14510.49,2,9.0
RB03089,2024-09-27,TH-SOUTH,Red Edition,in-store promo,75,662,8669.41,4,5.0
RB08917,2023-01-22,TH-SOUTH,Krating Daeng 250,in-store promo,60,569,32658.19,3,6.0
RB08364,2023-06-19,USA-EAST,Sugarfree,f1 sponsorship,90,508,46791.01,3,1.0
RB06357-DUP,2023-08-24,ASIA-PACIFIC,Original Blue,extreme sports,80,740,9405.59,4,7.0
RB00277,2024-12-15,USA-WEST,Sugarfree,extreme sports,90,544,38917.94,0,2.0
RB05146,2023-10-02,TH-CENTRAL,Sugarfree,f1 sponsorship,90,452,9697.22,0,9.0
RB07659,2023-10-27,USA-EAST,Original Blue,TV Ad,80,603,18753.66,2,7.0
RB07941,2023-10-07,TH-SOUTH,Sugarfree,TV Ad,90,552,44282.21,2,7.0
RB02862,2023-02-22,TH-EAST,Krating Daeng 250,Social Media,60,768,18444.17,3,6.0
RB05902,2023-07-17,TH-NORTH,Red Edition,Social Media,75,552,33003.78,5,8.0
RB03811,2023-08-31,USA-EAST,Red Edition,extreme sports,75,621,52729.75,4,9.0
RB00803,2024-03-25,TH-CENTRAL,Tropical Edition,f1 sponsorship,85,810,9176.85,3,9.0
RB04302,2024-11-21,TH-NORTH,Red Edition,Social Media,75,599,31418.37,4,8.0
RB08904,2024-11-12,TH-EAST,Original Blue,Social Media,80,563,47295.55,4,2.0
RB01046,2023-03-07,EUROPE-EU,Red Edition,TV Ad,75,513,23480.78,2,5.0
RB03592,2024-08-11,TH-NORTH,Original Blue,Social Media,80,648,57365.55,2,10.0
RB02343,2024-12-24,TH-CENTRAL,Sugarfree,Social Media,90,628,20245.53,3,7.0
RB03549,2023-04-01,TH-CENTRAL,Sugarfree,in-store promo,90,541,42964.74,2,2.0
RB07697,2023-01-18,TH-NORTH,Tropical Edition,extreme sports,85,467,37705.96,1,7.0
RB00641,2023-03-12,USA-WEST,Tropical Edition,in-store promo,85,547,15840.75,5,6.0
RB01981,2024-04-19,USA-EAST,Sugarfree,in-store promo,90,365,56837.76,2,9.0
RB07914,2023-02-22,TH-EAST,Krating Daeng 250,TV Ad,60,559,52322.77,2,10.0
RB00181,2024-09-24,TH-CENTRAL,Red Edition,extreme sports,75,529,40896.09,3,7.0
RB05507,2023-10-06,TH-CENTRAL,Red Edition,extreme sports,75,570,52553.96,3,8.0
RB07285,2024-03-27,USA-WEST,Sugarfree,f1 sponsorship,90,381,35769.11,1,6.0
RB01098,2023-01-14,TH-NORTH,Original Blue,Social Media,80,639,10182.36,2,1.0
RB00055,2023-10-12,EUROPE-EU,Tropical Edition,Social Media,85,466,29964.2,2,6.0
RB03204,2024-07-04,TH-SOUTH,Red Edition,in-store promo,75,604,43521.92,5,9.0
RB03665,2024-05-12,EUROPE-EU,Krating Daeng 250,f1 sponsorship,60,457,22749.56,3,8.0
RB02591,2024-10-28,USA-WEST,Sugarfree,f1 sponsorship,90,604,18506.6,1,8.0
RB09582,2024-09-02,TH-NORTH,Red Edition,extreme sports,75,855,43403.46,2,2.0
RB00506,2023-10-17,TH-CENTRAL,Tropical Edition,f1 sponsorship,85,276,17541.02,4,7.0
RB00937,2023-06-20,TH-NORTH,Sugarfree,f1 sponsorship,90,629,11164.93,4,7.0
RB01505,2024-09-08,ASIA-PACIFIC,Tropical Edition,extreme sports,85,454,17318.07,2,7.0
RB05075,2024-06-08,TH-CENTRAL,Sugarfree,extreme sports,90,597,48152.87,2,4.0
RB04418,2023-03-26,USA-EAST,Krating Daeng 250,extreme sports,60,480,51127.31,1,9.0
RB04043,2024-04-18,TH-NORTH,Original Blue,f1 sponsorship,80,621,55613.63,5,4.0
RB06409,2023-08-13,TH-CENTRAL,Sugarfree,f1 sponsorship,90,558,30767.36,0,10.0
RB03643,2024-08-27,TH-EAST,Tropical Edition,in-store promo,85,520,57671.27,4,8.0
RB02170,2023-01-31,EUROPE-EU,Tropical Edition,f1 sponsorship,85,701,30544.85,5,8.0
RB07329,2024-11-06,TH-CENTRAL,Red Edition,f1 sponsorship,75,643,53630.32,2,6.0
RB04806,2024-11-23,TH-CENTRAL,Original Blue,TV Ad,80,357,31563.48,1,6.0
RB09461,2024-02-02,USA-EAST,Original Blue,extreme sports,80,620,11319.3,2,6.0
RB07226,2023-12-15,USA-WEST,Krating Daeng 250,Social Media,60,603,46774.15,2,10.0
RB01126,2023-02-02,TH-NORTH,Tropical Edition,TV Ad,85,513,25171.57,88,4.0
RB02301,2024-09-22,TH-NORTH,Original Blue,Social Media,80,447,11318.28,1,3.0
RB05077,2024-01-22,USA-EAST,Tropical Edition,f1 sponsorship,85,508,10114.84,5,9.0
RB02491,2024-04-14,EUROPE-EU,Krating Daeng 250,Social Media,60,657,54351.24,0,3.0
RB05743,2024-03-10,TH-NORTH,Original Blue,in-store promo,80,460,32658.19,1,5.0
RB01290,2023-04-21,EUROPE-EU,Red Edition,Social Media,75,456,50255.63,5,10.0
RB05408,2023-02-12,TH-CENTRAL,Krating Daeng 250,TV Ad,60,574,52108.65,1,10.0
RB02490,2023-05-11,USA-WEST,Red Edition,TV Ad,75,626,34667.82,1,7.0
RB04939,2024-11-25,TH-NORTH,Red Edition,TV Ad,75,428,35169.65,3,5.0
RB01590,2024-03-23,TH-CENTRAL,Sugarfree,TV Ad,90,626,12816.03,3,7.0
RB08472,2023-01-01,TH-CENTRAL,Krating Daeng 250,Social Media,60,595,53606.98,3,6.0
RB04963,2023-10-18,TH-NORTH,Original Blue,Social Media,80,583,29850.1,2,4.0
RB01759,2023-02-01,TH-NORTH,Sugarfree,f1 sponsorship,90,581,17358.56,4,6.0
RB00525,2024-08-30,TH-NORTH,Sugarfree,TV Ad,90,406,49234.29,2,8.0
RB01423,2023-10-08,USA-EAST,Red Edition,Social Media,75,685,45175.83,3,2.0
RB01205,2023-04-29,TH-NORTH,Krating Daeng 250,extreme sports,60,494,57033.76,4,3.0
RB05489,2023-01-05,USA-WEST,Red Edition,extreme sports,75,443,19969.07,3,10.0
RB07045,2023-12-25,TH-NORTH,Tropical Edition,extreme sports,85,567,50453.93,5,6.0
RB00198,2024-12-16,TH-CENTRAL,Original Blue,f1 sponsorship,80,651,15087.5,1,6.0
RB06428,2023-05-18,EUROPE-EU,Red Edition,in-store promo,75,399,37292.92,1,6.0
RB02684,2024-12-23,TH-CENTRAL,Red Edition,in-store promo,75,622,33461.09,3,7.0
RB07613,2023-05-17,EUROPE-EU,Red Edition,TV Ad,75,611,15213.33,3,6.0
RB04063,2024-05-01,TH-EAST,Tropical Edition,in-store promo,85,505,53533.81,2,9.0
RB00565,2024-02-29,TH-CENTRAL,Krating Daeng 250,Social Media,60,699,45025.65,4,3.0
RB07689,2023-05-17,TH-NORTH,Sugarfree,f1 sponsorship,90,315,10584.62,0,5.0
RB04868,2024-11-07,TH-NORTH,Sugarfree,f1 sponsorship,90,751,56774.41,2,5.0
RB08176,2024-09-04,USA-WEST,Red Edition,extreme sports,75,477,36205.63,0,6.0
RB02153,2024-02-18,USA-WEST,Red Edition,extreme sports,75,535,48843.57,2,7.0
RB01805,2023-07-28,TH-NORTH,Original Blue,extreme sports,80,569,35207.64,3,4.0
RB00157,2023-11-19,USA-EAST,Tropical Edition,in-store promo,85,456,58930.24,1,4.0
RB05141,2023-10-15,ASIA-PACIFIC,Red Edition,TV Ad,75,522,44172.93,3,2.0
RB06146,2024-10-31,EUROPE-EU,Original Blue,Social Media,80,501,17587.89,1,8.0
RB04665,2024-07-26,TH-CENTRAL,Red Edition,Social Media,75,500,35872.56,4,6.0
RB03870,2023-04-25,TH-CENTRAL,Krating Daeng 250,in-store promo,60,429,28242.54,1,6.0
RB01381,2023-05-02,EUROPE-EU,Red Edition,Social Media,75,640,58235.14,5,9.0
RB02239,2023-08-05,TH-NORTH,Krating Daeng 250,Social Media,60,526,32658.19,3,4.0
RB01084,2024-10-31,TH-EAST,Original Blue,extreme sports,80,563,49187.07,2,6.0
RB00684,2024-11-04,TH-NORTH,Sugarfree,Social Media,90,697,49345.47,1,7.0
RB04181,2024-10-26,USA-WEST,Tropical Edition,extreme sports,85,591,6197.35,2,5.0
RB08403,2023-03-21,EUROPE-EU,Red Edition,Social Media,75,610,54735.43,4,7.0
RB08348,2023-09-02,TH-NORTH,Krating Daeng 250,Social Media,60,565,41099.06,2,10.0
RB02641,2023-10-19,TH-CENTRAL,Krating Daeng 250,f1 sponsorship,60,640,15553.21,2,4.0
RB08500,2023-09-13,TH-CENTRAL,Sugarfree,in-store promo,90,457,56352.54,3,7.0
RB06326,2023-10-27,USA-WEST,Red Edition,extreme sports,75,628,32205.69,2,6.0
RB04591,2023-09-04,TH-NORTH,Sugarfree,extreme sports,90,662,50406.42,1,3.0
RB00655,2024-02-17,TH-NORTH,Original Blue,f1 sponsorship,80,468,36804.82,5,9.0
RB02908,2023-06-06,EUROPE-EU,Original Blue,TV Ad,80,393,9477.13,2,7.0
RB01563,2023-11-10,TH-NORTH,Tropical Edition,TV Ad,85,754,29262.44,3,10.0
RB08896,2024-08-05,EUROPE-EU,Original Blue,extreme sports,80,386,44803.95,0,5.0
RB03595,2023-02-23,TH-NORTH,Sugarfree,Social Media,90,633,22340.22,3,7.0
RB07963,2024-09-11,TH-NORTH,Red Edition,TV Ad,75,562,32658.19,2,9.0
RB00161,2024-08-25,TH-CENTRAL,Red Edition,in-store promo,75,200,16197.08,4,6.0
RB06700,2023-11-26,ASIA-PACIFIC,Red Edition,f1 sponsorship,75,636,27272.51,2,9.0
RB07918,2024-04-13,TH-NORTH,Sugarfree,f1 sponsorship,90,508,31811.34,1,5.0
RB04225,2024-10-13,TH-NORTH,Krating Daeng 250,f1 sponsorship,60,370,33020.04,3,8.0
RB02298,2024-02-05,TH-CENTRAL,Tropical Edition,Social Media,85,591,19918.48,0,4.0
RB03536,2023-07-03,TH-CENTRAL,Sugarfree,f1 sponsorship,90,450,48778.57,0,4.0
RB03912,2024-03-30,TH-NORTH,Krating Daeng 250,extreme sports,60,658,22407.56,1,2.0
RB01581,2024-12-30,TH-SOUTH,Sugarfree,extreme sports,90,793,43334.57,1,7.0
RB02959,2024-01-10,EUROPE-EU,Original Blue,Social Media,80,651,49405.43,1,8.0
RB03158,2024-11-12,TH-SOUTH,Tropical Edition,Social Media,85,608,40633.47,1,3.0
RB04915,2023-09-14,USA-EAST,Red Edition,in-store promo,75,560,8316.88,2,2.0
RB07128,2023-12-17,TH-CENTRAL,Red Edition,in-store promo,75,725,32658.19,3,8.0
RB00060,2024-06-24,TH-NORTH,Krating Daeng 250,in-store promo,60,462,39228.9,1,7.0
RB02372,2023-09-17,TH-CENTRAL,Krating Daeng 250,in-store promo,60,323,48459.86,5,5.0
RB00383,2023-04-25,USA-EAST,Sugarfree,extreme sports,90,629,15922.89,4,6.0
RB03542,2024-11-24,TH-CENTRAL,Krating Daeng 250,f1 sponsorship,60,760,19784.25,3,7.0
RB00124,2024-03-30,TH-CENTRAL,Krating Daeng 250,extreme sports,60,542,24707.84,3,7.0
RB06238,2024-05-16,USA-EAST,Original Blue,f1 sponsorship,80,554,12107.8,2,6.0
RB00086,2023-03-19,TH-CENTRAL,Original Blue,TV Ad,80,536,49219.87,1,3.0
RB02306,2024-06-24,TH-CENTRAL,Tropical Edition,extreme sports,85,558,8813.96,2,7.0
RB07246,2024-07-23,USA-EAST,Sugarfree,in-store promo,90,832,28798.72,4,9.0
RB03496,2024-08-07,USA-EAST,Red Edition,f1 sponsorship,75,665,23854.67,1,8.0
RB05047,2023-01-22,TH-EAST,Tropical Edition,extreme sports,85,522,6234.95,0,10.0
RB06509,2023-03-19,USA-WEST,Sugarfree,f1 sponsorship,90,689,12668.11,0,10.0
RB03448,2024-08-05,TH-CENTRAL,Red Edition,TV Ad,75,535,58506.09,0,10.0
RB00516,2024-12-31,TH-CENTRAL,Tropical Edition,extreme sports,85,486,36719.87,1,6.0
RB00934,2024-02-20,USA-EAST,Red Edition,f1 sponsorship,75,426,14128.43,0,9.0
RB04507,2024-08-29,USA-EAST,Red Edition,Social Media,75,385,12193.99,5,7.0
RB03079,2023-08-06,USA-EAST,Sugarfree,f1 sponsorship,90,609,15283.09,1,6.0
RB03243,2024-05-27,USA-WEST,Sugarfree,extreme sports,90,536,45918.6,3,6.0
RB07619,2024-05-31,TH-CENTRAL,Red Edition,f1 sponsorship,75,645,8864.22,3,5.0
RB08284,2023-09-06,USA-WEST,Original Blue,TV Ad,80,433,38654.37,2,8.0
RB02337,2023-02-07,TH-CENTRAL,Original Blue,TV Ad,80,473,52917.65,1,10.0
RB00548,2024-12-03,TH-EAST,Original Blue,f1 sponsorship,80,541,56412.27,3,8.0
RB08434,2024-03-01,TH-CENTRAL,Original Blue,TV Ad,80,610,15407.68,3,6.0
RB05328,2023-01-21,USA-EAST,Sugarfree,TV Ad,90,465,56275.21,0,9.0
RB08860,2023-08-14,USA-WEST,Sugarfree,f1 sponsorship,90,440,18590.01,2,8.0
RB08843,2023-09-03,TH-EAST,Krating Daeng 250,in-store promo,60,789,6373.5,0,9.0
RB05519,2023-05-14,EUROPE-EU,Sugarfree,in-store promo,90,653,53059.45,2,6.0
RB07102,2024-04-10,TH-NORTH,Sugarfree,extreme sports,90,470,58564.59,4,4.0
RB05501,2024-08-18,TH-CENTRAL,Red Edition,TV Ad,75,544,41872.16,3,5.0
RB03700,2023-06-02,TH-NORTH,Krating Daeng 250,in-store promo,60,621,42490.19,1,6.0
RB05153,2024-12-14,TH-CENTRAL,Sugarfree,extreme sports,90,751,33399.92,2,7.0
RB00324,2023-04-22,USA-WEST,Original Blue,f1 sponsorship,80,541,11652.4,1,6.0
RB00598,2024-08-15,TH-CENTRAL,Krating Daeng 250,in-store promo,60,287,23907.61,1,9.0
RB04204,2023-04-10,TH-NORTH,Original Blue,extreme sports,80,547,32658.19,2,5.0
RB02926,2024-05-04,EUROPE-EU,Original Blue,extreme sports,80,383,41279.91,50,7.0
RB03538,2024-06-15,EUROPE-EU,Tropical Edition,extreme sports,85,595,59642.6,2,6.0
RB05002,2024-07-12,TH-NORTH,Tropical Edition,extreme sports,85,475,25724.39,0,6.0
RB08544,2024-08-11,TH-CENTRAL,Krating Daeng 250,Social Media,60,646,34827.42,5,3.0
RB08983,2023-05-17,TH-NORTH,Original Blue,in-store promo,80,477,52608.75,2,2.0
RB06080,2023-09-10,USA-EAST,Red Edition,in-store promo,75,533,55503.33,3,10.0
RB00388,2024-01-10,TH-CENTRAL,Tropical Edition,f1 sponsorship,85,607,29150.77,2,3.0
RB09555,2023-05-21,TH-CENTRAL,Krating Daeng 250,Social Media,60,337,5895.72,1,4.0
RB05956,2023-12-07,TH-CENTRAL,Original Blue,Social Media,80,762,5679.37,3,2.0
RB03878,2023-09-26,TH-NORTH,Red Edition,in-store promo,75,431,56065.61,0,2.0
RB01539,2023-10-25,TH-NORTH,Tropical Edition,in-store promo,85,363,55668.73,3,5.0
RB01507,2024-11-08,TH-NORTH,Sugarfree,f1 sponsorship,90,578,58628.44,2,6.0
RB02177,2023-01-28,TH-NORTH,Original Blue,extreme sports,80,551,34364.05,0,3.0
RB08104,2024-02-22,TH-CENTRAL,Sugarfree,in-store promo,90,613,16586.01,3,5.0
RB04998,2024-10-16,TH-NORTH,Tropical Edition,extreme sports,85,716,14198.89,5,4.0
RB07560,2023-11-13,TH-NORTH,Red Edition,TV Ad,75,440,9276.7,0,7.0
RB02683,2024-02-09,TH-SOUTH,Red Edition,extreme sports,75,434,44529.62,3,7.0
RB02710,2024-03-26,USA-EAST,Sugarfree,f1 sponsorship,90,537,17556.73,5,5.0
RB06431,2023-09-23,TH-NORTH,Red Edition,TV Ad,75,577,14264.62,2,7.0
RB00180,2024-09-27,TH-NORTH,Original Blue,Social Media,80,486,50147.66,0,8.0
RB08876,2023-01-31,TH-CENTRAL,Tropical Edition,TV Ad,85,669,42183.24,2,10.0
RB09297,2023-10-14,TH-EAST,Tropical Edition,TV Ad,85,474,14335.22,5,10.0
RB02532,2024-04-30,USA-WEST,Red Edition,Social Media,75,510,55683.96,0,3.0
RB07679,2024-12-13,TH-SOUTH,Original Blue,in-store promo,80,625,13208.36,0,6.0
RB03103,2023-02-08,USA-WEST,Tropical Edition,in-store promo,85,380,13627.94,1,7.0
RB00146,2024-02-09,EUROPE-EU,Tropical Edition,TV Ad,85,657,51775.22,0,3.0
RB08291,2024-04-05,TH-NORTH,Tropical Edition,TV Ad,85,580,54374.27,1,9.0
RB01599,2024-04-08,ASIA-PACIFIC,Original Blue,Social Media,80,498,37214.07,2,5.0
RB08251,2024-02-23,TH-CENTRAL,Krating Daeng 250,in-store promo,60,608,58402.32,2,6.0
RB00700,2024-07-12,TH-NORTH,Krating Daeng 250,f1 sponsorship,60,489,26490.41,4,6.0
RB03799,2024-11-19,TH-CENTRAL,Krating Daeng 250,TV Ad,60,699,18893.17,2,5.0
RB03763,2023-08-27,TH-CENTRAL,Red Edition,Social Media,75,531,39572.7,4,4.0
RB05530,2024-06-07,TH-EAST,Red Edition,in-store promo,75,461,29540.98,1,8.0
RB06975,2024-12-31,USA-WEST,Red Edition,in-store promo,75,563,55915.57,3,7.0
RB02019,2023-08-25,EUROPE-EU,Sugarfree,f1 sponsorship,90,551,21756.66,2,6.0
RB06364,2023-07-13,USA-WEST,Tropical Edition,f1 sponsorship,85,610,10731.89,2,6.0
RB06445,2024-12-25,TH-CENTRAL,Original Blue,extreme sports,80,653,13946.48,4,6.0
RB07647,2023-12-31,USA-EAST,Tropical Edition,Social Media,85,443,49183.19,5,8.0
RB01926,2024-08-12,TH-EAST,Red Edition,f1 sponsorship,75,780,15829.24,4,7.0
RB06906,2024-10-13,TH-NORTH,Tropical Edition,Social Media,85,551,55377.67,4,6.0
RB08944,2024-11-12,TH-NORTH,Sugarfree,f1 sponsorship,90,529,32658.19,5,3.0
RB04887,2024-03-10,USA-WEST,Red Edition,TV Ad,75,394,9493.8,4,4.0
RB05936,2024-03-31,TH-NORTH,Red Edition,TV Ad,75,691,58166.93,3,10.0
RB05660,2024-10-27,EUROPE-EU,Original Blue,f1 sponsorship,80,700,38681.89,0,3.0
RB01607,2023-01-19,ASIA-PACIFIC,Krating Daeng 250,f1 sponsorship,60,468,20064.75,1,1.0
RB03857,2024-02-26,USA-EAST,Krating Daeng 250,extreme sports,60,565,7924.91,4,3.0
RB09210,2023-08-03,TH-CENTRAL,Red Edition,in-store promo,75,552,34563.23,2,9.0
RB01786,2024-08-18,EUROPE-EU,Red Edition,TV Ad,75,495,44019.3,2,5.0
RB05973,2023-05-22,TH-NORTH,Original Blue,Social Media,80,362,19342.37,1,9.0
RB01370,2024-01-26,TH-NORTH,Red Edition,f1 sponsorship,75,419,37743.59,0,4.0
RB05031,2023-02-03,ASIA-PACIFIC,Krating Daeng 250,extreme sports,60,483,48524.32,3,5.0
RB03973,2023-05-16,TH-NORTH,Tropical Edition,Social Media,85,764,39459.67,1,5.0
RB05521,2023-12-26,EUROPE-EU,Sugarfree,TV Ad,90,356,56596.15,3,5.0
RB02779,2024-04-15,TH-CENTRAL,Krating Daeng 250,Social Media,60,535,50567.88,3,7.0
RB00919,2024-09-26,EUROPE-EU,Tropical Edition,TV Ad,85,698,37911.24,2,5.0
RB08634,2024-09-30,TH-SOUTH,Red Edition,TV Ad,75,376,48248.26,1,6.0
RB06667,2023-08-07,TH-NORTH,Original Blue,Social Media,80,537,17359.34,1,4.0
RB04620,2024-05-05,TH-CENTRAL,Tropical Edition,f1 sponsorship,85,391,9140.6,3,6.0
RB09498,2024-07-02,TH-CENTRAL,Tropical Edition,extreme sports,85,382,43059.59,1,4.0
RB06423,2024-03-20,TH-EAST,Original Blue,TV Ad,80,609,30370.14,3,10.0
RB00871,2023-04-30,TH-EAST,Sugarfree,TV Ad,90,319,35270.85,1,9.0
RB09130,2024-08-21,TH-CENTRAL,Original Blue,TV Ad,80,497,27800.18,1,5.0
RB00190,2023-09-21,USA-EAST,Krating Daeng 250,in-store promo,60,478,56571.48,4,9.0
RB02126,2024-05-25,EUROPE-EU,Krating Daeng 250,in-store promo,60,864,5019.12,0,6.0
RB05875,2024-10-06,USA-WEST,Original Blue,extreme sports,80,306,58607.8,5,7.0
RB00961,2024-11-02,USA-WEST,Sugarfree,extreme sports,90,619,47135.69,4,5.0
RB04919-DUP,2023-07-15,ASIA-PACIFIC,Red Edition,in-store promo,75,340,35465.52,3,6.0
RB00270,2023-04-28,EUROPE-EU,Red Edition,Social Media,75,555,23857.73,2,10.0
RB00031,2024-12-26,USA-WEST,Krating Daeng 250,Social Media,60,922,8006.64,5,4.0
RB05442,2023-04-27,TH-EAST,Krating Daeng 250,in-store promo,60,573,49740.09,2,4.0
RB05784,2024-03-08,TH-EAST,Original Blue,in-store promo,80,543,23571.03,2,8.0
RB05827,2024-04-18,EUROPE-EU,Tropical Edition,Social Media,85,550,40098.01,5,6.0
RB04098,2023-08-05,EUROPE-EU,Tropical Edition,Social Media,85,666,25235.28,4,6.0
RB06007,2023-06-17,TH-CENTRAL,Original Blue,Social Media,80,244,35493.66,3,7.0
RB05187,2023-04-07,USA-WEST,Red Edition,in-store promo,75,450,35629.06,5,6.0
RB04841,2024-07-03,TH-CENTRAL,Sugarfree,f1 sponsorship,90,515,30837.17,4,5.0
RB07114,2023-03-26,TH-SOUTH,Sugarfree,TV Ad,90,293,9570.9,2,6.0
RB09437,2023-10-13,USA-WEST,Tropical Edition,extreme sports,85,400,45127.95,3,9.0
RB00974,2023-08-19,TH-CENTRAL,Sugarfree,f1 sponsorship,90,530,44871.31,5,5.0
RB08795,2023-05-16,TH-CENTRAL,Sugarfree,TV Ad,90,602,38417.96,5,2.0
RB03686,2023-10-18,USA-WEST,Sugarfree,extreme sports,90,518,6962.98,5,1.0
RB03098,2024-02-12,EUROPE-EU,Tropical Edition,f1 sponsorship,85,609,50230.65,5,9.0
RB04423,2023-08-31,USA-WEST,Tropical Edition,extreme sports,85,537,57194.01,3,5.0
RB04240,2023-02-17,TH-SOUTH,Original Blue,TV Ad,80,470,14600.05,2,2.0
RB09425,2024-11-22,TH-NORTH,Sugarfree,TV Ad,90,600,18804.28,2,9.0
RB02647-DUP,2024-10-04,USA-EAST,Krating Daeng 250,f1 sponsorship,60,749,51299.58,3,8.0
RB07242,2024-12-05,EUROPE-EU,Krating Daeng 250,TV Ad,60,556,45800.49,2,4.0
RB03155,2024-12-17,USA-EAST,Original Blue,extreme sports,80,617,29719.07,5,3.0
RB00523,2024-03-05,TH-NORTH,Krating Daeng 250,extreme sports,60,694,39469.23,1,6.0
RB03046,2023-11-06,TH-CENTRAL,Krating Daeng 250,f1 sponsorship,60,480,49878.22,2,9.0
RB00350,2024-02-05,USA-WEST,Red Edition,Social Media,75,522,52220.31,1,6.0
RB06363,2023-11-12,USA-EAST,Krating Daeng 250,Social Media,60,503,6272.49,2,8.0
RB04569,2023-09-25,EUROPE-EU,Original Blue,f1 sponsorship,80,374,34029.69,2,4.0
RB07964,2023-07-21,TH-CENTRAL,Sugarfree,in-store promo,90,464,59523.6,2,6.0
RB00445,2024-10-24,TH-SOUTH,Sugarfree,TV Ad,90,490,35200.62,2,8.0
RB06575,2023-12-29,ASIA-PACIFIC,Red Edition,in-store promo,75,590,32658.19,3,8.0
RB04718,2023-01-24,USA-EAST,Sugarfree,f1 sponsorship,90,499,15851.35,2,10.0
RB07481,2024-01-02,TH-SOUTH,Original Blue,f1 sponsorship,80,530,22906.97,3,9.0
RB01011,2024-04-17,TH-NORTH,Original Blue,Social Media,80,566,37270.74,2,9.0
RB07674,2024-12-22,TH-CENTRAL,Original Blue,extreme sports,80,373,22355.94,2,8.0
RB06249,2024-07-19,USA-EAST,Sugarfree,TV Ad,90,458,22233.84,0,10.0
RB04819,2024-06-08,TH-SOUTH,Sugarfree,TV Ad,90,620,10914.74,4,6.0
RB04009,2024-06-19,USA-WEST,Sugarfree,in-store promo,90,541,37035.19,0,6.0
RB07423,2023-07-25,USA-EAST,Original Blue,Social Media,80,664,32658.19,5,4.0
RB07269,2023-06-29,TH-SOUTH,Original Blue,f1 sponsorship,80,551,39729.89,5,6.0
RB03530,2023-08-16,EUROPE-EU,Red Edition,f1 sponsorship,75,418,51789.31,2,4.0
RB02192,2024-02-04,EUROPE-EU,Original Blue,f1 sponsorship,80,640,32658.19,1,8.0
RB04318,2024-06-12,TH-NORTH,Sugarfree,Social Media,90,829,8077.1,0,3.0
RB05901,2023-06-13,EUROPE-EU,Krating Daeng 250,TV Ad,60,632,23919.96,2,6.0
RB04435,2023-09-07,TH-EAST,Red Edition,f1 sponsorship,75,540,52716.81,1,7.0
RB03111,2024-04-09,TH-EAST,Sugarfree,Social Media,90,579,32658.19,3,9.0
RB00205,2023-12-25,USA-EAST,Red Edition,Social Media,75,662,29938.98,3,5.0
RB07855,2024-03-13,USA-EAST,Sugarfree,in-store promo,90,598,36357.98,2,5.0
RB00151,2023-03-21,USA-WEST,Original Blue,extreme sports,80,483,59076.98,1,4.0
RB04374,2023-12-18,TH-NORTH,Original Blue,extreme sports,80,653,59205.97,3,8.0
RB01491,2023-01-01,TH-NORTH,Original Blue,extreme sports,80,518,44394.78,2,6.0
RB07504,2023-08-25,TH-CENTRAL,Red Edition,TV Ad,75,443,51078.24,5,6.0
RB09296,2024-03-26,EUROPE-EU,Tropical Edition,extreme sports,85,564,40395.0,1,7.0
RB06432,2023-10-09,TH-NORTH,Sugarfree,in-store promo,90,499,40525.79,2,4.0
RB00398,2023-07-18,EUROPE-EU,Original Blue,in-store promo,80,704,51426.26,3,8.0
RB07170,2023-06-17,TH-SOUTH,Tropical Edition,extreme sports,85,519,20428.58,3,10.0
RB01708,2023-02-15,ASIA-PACIFIC,Original Blue,in-store promo,80,521,16959.35,5,5.0
RB07232,2024-03-10,TH-CENTRAL,Red Edition,extreme sports,75,592,41312.36,1,10.0
RB02211,2023-01-31,ASIA-PACIFIC,Sugarfree,f1 sponsorship,90,659,23675.69,2,7.0
RB00437,2023-11-26,TH-NORTH,Red Edition,TV Ad,75,719,22799.53,1,5.0
RB02752,2023-06-10,EUROPE-EU,Sugarfree,f1 sponsorship,90,339,12864.5,2,7.0
RB02130,2024-01-18,USA-WEST,Tropical Edition,extreme sports,85,521,32658.19,1,6.0
RB05203,2023-08-06,TH-NORTH,Krating Daeng 250,extreme sports,60,753,29832.35,3,4.0
RB02598,2023-04-27,USA-EAST,Tropical Edition,f1 sponsorship,85,437,14639.96,1,6.0
RB06469,2024-08-17,TH-NORTH,Krating Daeng 250,TV Ad,60,552,49367.49,0,8.0
RB08897,2023-04-23,TH-NORTH,Red Edition,f1 sponsorship,75,449,46259.42,1,9.0
RB02512,2023-06-08,ASIA-PACIFIC,Original Blue,f1 sponsorship,80,517,18479.38,5,6.0
RB04352,2023-05-12,TH-EAST,Tropical Edition,extreme sports,85,347,19895.45,3,4.0
RB01223,2023-12-28,TH-EAST,Tropical Edition,TV Ad,85,452,53708.32,1,4.0
RB04617,2024-08-10,TH-NORTH,Tropical Edition,in-store promo,85,544,22908.59,2,8.0
RB01515,2024-11-03,EUROPE-EU,Sugarfree,Social Media,90,484,30298.12,2,6.0
RB06082,2023-03-17,USA-EAST,Sugarfree,f1 sponsorship,90,561,59873.65,3,3.0
RB08784,2023-04-01,TH-CENTRAL,Sugarfree,extreme sports,90,707,44134.73,0,10.0
RB02029,2024-11-16,EUROPE-EU,Original Blue,Social Media,80,652,24071.67,2,10.0
RB03637,2024-07-06,TH-CENTRAL,Sugarfree,Social Media,90,595,58180.68,2,9.0
RB06148,2024-12-15,TH-CENTRAL,Red Edition,extreme sports,75,489,17480.98,2,6.0
RB09004,2023-12-21,TH-NORTH,Krating Daeng 250,extreme sports,60,494,12243.95,3,6.0
RB06488,2023-10-13,USA-EAST,Sugarfree,extreme sports,90,500,14491.47,0,7.0
RB01946,2023-03-07,TH-EAST,Original Blue,extreme sports,80,433,39841.69,3,7.0
RB06235,2024-12-11,TH-CENTRAL,Sugarfree,Social Media,90,332,20185.8,3,5.0
RB07015,2023-01-29,TH-SOUTH,Original Blue,TV Ad,80,633,10155.29,0,3.0
